timestamp,solexs_flux,helios_flux,flare_class,state
2026-08-01 00:00:00+00:00,1e-10,1e-10,-,0
2026-08-01 00:01:00+00:00,1e-10,1.7051526262501971e-06,-,0
2026-08-01 00:02:00+00:00,4.5918112412615017e-07,2.039128473935969e-07,-,0
2026-08-01 00:03:00+00:00,1e-10,1.1072078878264927e-06,-,0
2026-08-01 00:04:00+00:00,1.238385871495886e-07,1e-10,-,0
2026-08-01 00:05:00+00:00,1e-10,1e-10,-,0
2026-08-01 00:06:00+00:00,6.97256583338766e-07,1.1206581781674229e-06,-,0
2026-08-01 00:07:00+00:00,1e-10,1e-10,-,0
2026-08-01 00:08:00+00:00,5.363206179472511e-07,1e-10,-,0
2026-08-01 00:09:00+00:00,1e-10,1e-10,-,0
2026-08-01 00:10:00+00:00,1e-10,1e-10,-,0
2026-08-01 00:11:00+00:00,1e-10,1e-10,-,0
2026-08-01 00:12:00+00:00,1.3553653492429493e-06,1e-10,-,0
2026-08-01 00:13:00+00:00,1e-10,1e-10,-,0
2026-08-01 00:14:00+00:00,1e-10,1e-10,-,0
2026-08-01 00:15:00+00:00,1e-10,1e-10,-,0
2026-08-01 00:16:00+00:00,1e-10,1e-10,-,0
2026-08-01 00:17:00+00:00,2.102576006238475e-06,1e-10,-,0
2026-08-01 00:18:00+00:00,4.607226245331741e-07,6.827573440145352e-07,-,0
2026-08-01 00:19:00+00:00,1e-10,1e-10,-,0
2026-08-01 00:20:00+00:00,1e-10,1.2767636522885823e-07,-,0
2026-08-01 00:21:00+00:00,1.7753991815805264e-06,2.3015318020432023e-07,-,0
2026-08-01 00:22:00+00:00,1e-10,1e-10,-,0
2026-08-01 00:23:00+00:00,1e-10,1.090856654153367e-06,-,0
2026-08-01 00:24:00+00:00,1e-10,1e-10,-,0
2026-08-01 00:25:00+00:00,8.060719453459554e-07,1e-10,-,0
2026-08-01 00:26:00+00:00,1e-10,1.2389873007890868e-06,-,0
2026-08-01 00:27:00+00:00,9.961330581407736e-07,1.5783034983241e-07,-,0
2026-08-01 00:28:00+00:00,1.208540451797875e-06,1e-10,-,0
2026-08-01 00:29:00+00:00,7.108241735590517e-07,1e-10,-,0
2026-08-01 00:30:00+00:00,1e-10,1.7843362498229165e-06,-,0
2026-08-01 00:31:00+00:00,1e-10,9.807894939618702e-08,-,0
2026-08-01 00:32:00+00:00,1e-10,1e-10,-,0
2026-08-01 00:33:00+00:00,1e-10,1e-10,-,0
2026-08-01 00:34:00+00:00,1e-10,1e-10,-,0
2026-08-01 00:35:00+00:00,1e-10,1e-10,-,0
2026-08-01 00:36:00+00:00,5.604306526520812e-07,1e-10,-,0
2026-08-01 00:37:00+00:00,1e-10,1e-10,-,0
2026-08-01 00:38:00+00:00,1e-10,1e-10,-,0
2026-08-01 00:39:00+00:00,1e-10,2.2136869197895102e-07,-,0
2026-08-01 00:40:00+00:00,1.9082600352341855e-06,4.2134019689910854e-07,-,0
2026-08-01 00:41:00+00:00,6.41854519659012e-07,1e-10,-,0
2026-08-01 00:42:00+00:00,1e-10,1.230548257449694e-07,-,0
2026-08-01 00:43:00+00:00,1.4620139436258102e-06,1e-10,-,0
2026-08-01 00:44:00+00:00,1e-10,1e-10,-,0
2026-08-01 00:45:00+00:00,2.5541466856212013e-06,2.3643348826777155e-07,-,0
2026-08-01 00:46:00+00:00,3.2629378750234725e-07,1e-10,-,0
2026-08-01 00:47:00+00:00,6.612508832803295e-07,1.6637727872927915e-06,-,0
2026-08-01 00:48:00+00:00,9.655045245233393e-07,1e-10,-,0
2026-08-01 00:49:00+00:00,1.6810642541783636e-06,1e-10,-,0
2026-08-01 00:50:00+00:00,1e-10,4.804845198644138e-09,-,0
2026-08-01 00:51:00+00:00,1.5842852557477514e-06,1e-10,-,0
2026-08-01 00:52:00+00:00,1e-10,1e-10,-,0
2026-08-01 00:53:00+00:00,1e-10,1e-10,-,0
2026-08-01 00:54:00+00:00,4.6864344236286226e-08,1.6534443141076716e-06,-,0
2026-08-01 00:55:00+00:00,1.0529107389415753e-06,1e-10,-,0
2026-08-01 00:56:00+00:00,1e-10,1.2146025460430938e-06,-,0
2026-08-01 00:57:00+00:00,1.857924042549165e-06,8.060027242101651e-07,-,0
2026-08-01 00:58:00+00:00,1.5003958097636246e-06,2.648549606202862e-06,-,0
2026-08-01 00:59:00+00:00,7.68955450386337e-08,5.117388123757588e-07,-,0
2026-08-01 01:00:00+00:00,1e-10,8.957002914817413e-08,-,0
2026-08-01 01:01:00+00:00,1.1456878623060767e-06,1.0558009821422476e-07,-,0
2026-08-01 01:02:00+00:00,1e-10,3.161978192124968e-07,-,0
2026-08-01 01:03:00+00:00,8.574577606954607e-07,1e-10,-,0
2026-08-01 01:04:00+00:00,1e-10,1e-10,-,0
2026-08-01 01:05:00+00:00,1.4219314342005888e-06,5.203313809199867e-07,-,0
2026-08-01 01:06:00+00:00,1e-10,1e-10,-,0
2026-08-01 01:07:00+00:00,1e-10,1e-10,-,0
2026-08-01 01:08:00+00:00,5.170430736523788e-07,1e-10,-,0
2026-08-01 01:09:00+00:00,6.992621856571846e-07,1.8444376021446647e-06,-,0
2026-08-01 01:10:00+00:00,1e-10,1e-10,-,0
2026-08-01 01:11:00+00:00,1e-10,8.633669384400509e-07,-,0
2026-08-01 01:12:00+00:00,1.0874624963018504e-06,1e-10,-,0
2026-08-01 01:13:00+00:00,1.1500117355097212e-06,9.978377103852367e-07,-,0
2026-08-01 01:14:00+00:00,1e-10,4.536690135867519e-07,-,0
2026-08-01 01:15:00+00:00,1e-10,2.2295337783766903e-06,-,0
2026-08-01 01:16:00+00:00,1e-10,1.4753007326156276e-06,-,0
2026-08-01 01:17:00+00:00,3.1728716675867406e-07,8.267613906000904e-07,-,0
2026-08-01 01:18:00+00:00,9.339409488201255e-07,1e-10,-,0
2026-08-01 01:19:00+00:00,2.0321645142283263e-07,1e-10,-,0
2026-08-01 01:20:00+00:00,1e-10,1e-10,-,0
2026-08-01 01:21:00+00:00,2.012415407381972e-06,2.5739420570857767e-08,-,0
2026-08-01 01:22:00+00:00,1e-10,1e-10,-,0
2026-08-01 01:23:00+00:00,1.0023067879585275e-06,7.93361016260199e-07,-,0
2026-08-01 01:24:00+00:00,2.7655299085995636e-07,9.130506346111735e-08,-,0
2026-08-01 01:25:00+00:00,5.505357614539844e-07,2.1875156109264464e-09,-,0
2026-08-01 01:26:00+00:00,1e-10,1.7059162537505161e-06,-,0
2026-08-01 01:27:00+00:00,1e-10,1.2116218745185822e-07,-,0
2026-08-01 01:28:00+00:00,3.6096470060687473e-07,1e-10,-,0
2026-08-01 01:29:00+00:00,1e-10,1.1490983438911415e-06,-,0
2026-08-01 01:30:00+00:00,1e-10,2.387022909839079e-07,-,0
2026-08-01 01:31:00+00:00,1.932644134983018e-06,1e-10,-,0
2026-08-01 01:32:00+00:00,7.523840673539538e-07,1e-10,-,0
2026-08-01 01:33:00+00:00,7.18059196703468e-08,1.412972893082968e-06,-,0
2026-08-01 01:34:00+00:00,1.4313510460199772e-07,1.893269627750991e-06,-,0
2026-08-01 01:35:00+00:00,1.8993993101922678e-06,1e-10,-,0
2026-08-01 01:36:00+00:00,1e-10,3.365918705689747e-07,-,0
2026-08-01 01:37:00+00:00,1e-10,4.955958913294675e-07,-,0
2026-08-01 01:38:00+00:00,9.74009794328958e-07,1e-10,-,0
2026-08-01 01:39:00+00:00,5.463898169672273e-07,1e-10,-,0
2026-08-01 01:40:00+00:00,1e-10,1e-10,-,0
2026-08-01 01:41:00+00:00,1.2406710796894059e-06,1e-10,-,0
2026-08-01 01:42:00+00:00,3.606856503652055e-07,2.5326867352859102e-06,-,0
2026-08-01 01:43:00+00:00,1e-10,1e-10,-,0
2026-08-01 01:44:00+00:00,5.790394840014439e-07,2.1001825057440255e-06,-,0
2026-08-01 01:45:00+00:00,4.0972481091154686e-07,1.9886056417418966e-06,-,0
2026-08-01 01:46:00+00:00,1e-10,1e-10,-,0
2026-08-01 01:47:00+00:00,4.602825107134972e-07,5.79814040870212e-07,-,0
2026-08-01 01:48:00+00:00,7.277640758044318e-07,1e-10,-,0
2026-08-01 01:49:00+00:00,1.0479689229963804e-06,1e-10,-,0
2026-08-01 01:50:00+00:00,1.5081271779745576e-07,2.3227245776238335e-07,-,0
2026-08-01 01:51:00+00:00,1e-10,1e-10,-,0
2026-08-01 01:52:00+00:00,2.988668789070577e-07,5.334504047417989e-07,-,0
2026-08-01 01:53:00+00:00,1.351282147193064e-06,5.145573050286066e-08,-,0
2026-08-01 01:54:00+00:00,7.357663559053585e-07,1e-10,-,0
2026-08-01 01:55:00+00:00,1e-10,7.978319829498194e-07,-,0
2026-08-01 01:56:00+00:00,9.5830125912835e-08,8.266601525695919e-07,-,0
2026-08-01 01:57:00+00:00,1.8785287493122393e-06,1.2590763218721391e-06,-,0
2026-08-01 01:58:00+00:00,8.661994369101629e-07,1e-10,-,0
2026-08-01 01:59:00+00:00,2.0018312143087942e-07,1.153767875565043e-06,-,0
2026-08-01 02:00:00+00:00,1.2933156776312676e-06,2.42515937940545e-06,-,0
2026-08-01 02:01:00+00:00,1e-10,3.7986843291297444e-08,-,0
2026-08-01 02:02:00+00:00,3.9843288730508675e-07,1.3756006279141492e-07,-,0
2026-08-01 02:03:00+00:00,2.112265779990608e-06,7.630532556251016e-07,-,0
2026-08-01 02:04:00+00:00,7.594557781387104e-07,1e-10,-,0
2026-08-01 02:05:00+00:00,1.8306840519577397e-06,1e-10,-,0
2026-08-01 02:06:00+00:00,1e-10,1e-10,-,0
2026-08-01 02:07:00+00:00,1e-10,1e-10,-,0
2026-08-01 02:08:00+00:00,1.3145220678277375e-06,1.3041805305989177e-07,-,0
2026-08-01 02:09:00+00:00,1e-10,3.0343610572656583e-07,-,0
2026-08-01 02:10:00+00:00,2.337686272272968e-07,1e-10,-,0
2026-08-01 02:11:00+00:00,1.1739535285864525e-06,1.2914736532797202e-06,-,0
2026-08-01 02:12:00+00:00,6.545499908213126e-07,3.7792742180123304e-07,-,0
2026-08-01 02:13:00+00:00,1e-10,7.097289976783038e-08,-,0
2026-08-01 02:14:00+00:00,1e-10,5.527111455525481e-07,-,0
2026-08-01 02:15:00+00:00,1e-10,1e-10,-,0
2026-08-01 02:16:00+00:00,5.575046745674313e-07,1e-10,-,0
2026-08-01 02:17:00+00:00,6.059093723480469e-07,1e-10,-,0
2026-08-01 02:18:00+00:00,2.574420484618278e-08,1e-10,-,0
2026-08-01 02:19:00+00:00,8.45651480191032e-07,1e-10,-,0
2026-08-01 02:20:00+00:00,5.173288219142288e-07,1.9317339962981845e-06,-,0
2026-08-01 02:21:00+00:00,1e-10,1e-10,-,0
2026-08-01 02:22:00+00:00,6.325162242242174e-07,1e-10,-,0
2026-08-01 02:23:00+00:00,1e-10,6.349046571125711e-07,-,0
2026-08-01 02:24:00+00:00,7.370024717988184e-07,1e-10,-,0
2026-08-01 02:25:00+00:00,1e-10,4.932952658338695e-07,-,0
2026-08-01 02:26:00+00:00,5.734855356497893e-07,7.431757480698296e-07,-,0
2026-08-01 02:27:00+00:00,5.519573716947126e-07,1e-10,-,0
2026-08-01 02:28:00+00:00,1e-10,4.681142082430152e-07,-,0
2026-08-01 02:29:00+00:00,7.344113446224899e-07,1e-10,-,0
2026-08-01 02:30:00+00:00,1.7401032440673302e-06,1e-10,-,0
2026-08-01 02:31:00+00:00,1e-10,1e-10,-,0
2026-08-01 02:32:00+00:00,1.0914790850881468e-06,1e-10,-,0
2026-08-01 02:33:00+00:00,1.2354781731243654e-06,1e-10,-,0
2026-08-01 02:34:00+00:00,1e-10,1e-10,-,0
2026-08-01 02:35:00+00:00,9.247637479251674e-07,7.542643115916516e-07,-,0
2026-08-01 02:36:00+00:00,1e-10,2.024014421089928e-08,-,0
2026-08-01 02:37:00+00:00,1.4255033930164766e-06,1e-10,-,0
2026-08-01 02:38:00+00:00,1e-10,1e-10,-,0
2026-08-01 02:39:00+00:00,1.6322815183584717e-06,2.2672165744703012e-08,-,0
2026-08-01 02:40:00+00:00,1e-10,1.530706827937235e-09,-,0
2026-08-01 02:41:00+00:00,1.3273631629548177e-07,1e-10,-,0
2026-08-01 02:42:00+00:00,1e-10,8.464050944902794e-07,-,0
2026-08-01 02:43:00+00:00,1.6871255635598329e-06,4.172913280323916e-07,-,0
2026-08-01 02:44:00+00:00,1e-10,1e-10,-,0
2026-08-01 02:45:00+00:00,1e-10,1e-10,-,0
2026-08-01 02:46:00+00:00,1.2738602324172077e-06,1e-10,-,0
2026-08-01 02:47:00+00:00,8.451646855036381e-07,1e-10,-,0
2026-08-01 02:48:00+00:00,1e-10,3.312427022485458e-07,-,0
2026-08-01 02:49:00+00:00,1e-10,1e-10,-,0
2026-08-01 02:50:00+00:00,1e-10,1.3556228772675767e-06,-,0
2026-08-01 02:51:00+00:00,1.4468584875305365e-06,1e-10,-,0
2026-08-01 02:52:00+00:00,4.946339662673901e-07,4.1800864969202993e-07,-,0
2026-08-01 02:53:00+00:00,2.2907267600234238e-07,1e-10,-,0
2026-08-01 02:54:00+00:00,5.764866111874396e-07,1e-10,-,0
2026-08-01 02:55:00+00:00,1e-10,4.464523699249792e-07,-,0
2026-08-01 02:56:00+00:00,1e-10,1.0297062786986158e-06,-,0
2026-08-01 02:57:00+00:00,1e-10,9.729132967540018e-07,-,0
2026-08-01 02:58:00+00:00,1.122162356666536e-06,7.727801061289955e-07,-,0
2026-08-01 02:59:00+00:00,1e-10,8.977179084425896e-07,-,0
2026-08-01 03:00:00+00:00,1.1995294943495156e-06,9.908190549747373e-07,-,0
2026-08-01 03:01:00+00:00,2.020906296161546e-06,1e-10,-,0
2026-08-01 03:02:00+00:00,1e-10,1e-10,-,0
2026-08-01 03:03:00+00:00,5.293845110603945e-08,7.526505285837456e-07,-,0
2026-08-01 03:04:00+00:00,5.870964047797909e-07,1.2188791459128592e-06,-,0
2026-08-01 03:05:00+00:00,9.996710631917186e-07,1e-10,-,0
2026-08-01 03:06:00+00:00,1e-10,1e-10,-,0
2026-08-01 03:07:00+00:00,4.041266169863942e-07,1e-10,-,0
2026-08-01 03:08:00+00:00,1e-10,1e-10,-,0
2026-08-01 03:09:00+00:00,1e-10,5.006766941772877e-07,-,0
2026-08-01 03:10:00+00:00,2.3200356957962718e-06,1.2427648080939997e-06,-,0
2026-08-01 03:11:00+00:00,1e-10,5.172527134493835e-07,-,0
2026-08-01 03:12:00+00:00,5.320881660713793e-07,1e-10,-,0
2026-08-01 03:13:00+00:00,1e-10,2.1181682278782067e-06,-,0
2026-08-01 03:14:00+00:00,2.991327460403951e-07,1e-10,-,0
2026-08-01 03:15:00+00:00,6.445653541512264e-07,1.5339626377747545e-06,-,0
2026-08-01 03:16:00+00:00,1.0212548838515197e-06,1e-10,-,0
2026-08-01 03:17:00+00:00,1e-10,2.385616150307363e-07,-,0
2026-08-01 03:18:00+00:00,2.0662694422946712e-07,1e-10,-,0
2026-08-01 03:19:00+00:00,2.430182581472383e-07,1e-10,-,0
2026-08-01 03:20:00+00:00,1e-10,1e-10,-,0
2026-08-01 03:21:00+00:00,1e-10,7.37955778566118e-08,-,0
2026-08-01 03:22:00+00:00,1.0216942635941582e-06,1e-10,-,0
2026-08-01 03:23:00+00:00,1e-10,1e-10,-,0
2026-08-01 03:24:00+00:00,2.9254961109040855e-06,1e-10,-,0
2026-08-01 03:25:00+00:00,1.100192021747101e-06,1e-10,-,0
2026-08-01 03:26:00+00:00,5.356620578368566e-07,1e-10,-,0
2026-08-01 03:27:00+00:00,1.7061592057647877e-06,5.112041983801672e-07,-,0
2026-08-01 03:28:00+00:00,8.903130157430238e-07,7.474816212149872e-07,-,0
2026-08-01 03:29:00+00:00,2.387328698551999e-07,6.927472551268219e-07,-,0
2026-08-01 03:30:00+00:00,1e-10,1.9073039128398568e-06,-,0
2026-08-01 03:31:00+00:00,7.698688019802729e-07,1e-10,-,0
2026-08-01 03:32:00+00:00,1.5790134610074146e-06,1e-10,-,0
2026-08-01 03:33:00+00:00,1e-10,1e-10,-,0
2026-08-01 03:34:00+00:00,1e-10,1e-10,-,0
2026-08-01 03:35:00+00:00,1e-10,1.5404334563683643e-07,-,0
2026-08-01 03:36:00+00:00,1.9811853566090247e-06,9.388944302135376e-07,-,0
2026-08-01 03:37:00+00:00,1.2511823512216844e-07,1e-10,-,0
2026-08-01 03:38:00+00:00,1.64614134382183e-06,1.159129684961459e-06,-,0
2026-08-01 03:39:00+00:00,5.5847468760120254e-08,1e-10,-,0
2026-08-01 03:40:00+00:00,1e-10,1e-10,-,0
2026-08-01 03:41:00+00:00,2.398085416148937e-06,1e-10,-,0
2026-08-01 03:42:00+00:00,1e-10,1e-10,-,0
2026-08-01 03:43:00+00:00,1e-10,1e-10,-,0
2026-08-01 03:44:00+00:00,5.447449046754894e-07,1.0044656718397541e-06,-,0
2026-08-01 03:45:00+00:00,1e-10,1.2361746508354966e-06,-,0
2026-08-01 03:46:00+00:00,8.951832894100076e-07,1e-10,-,0
2026-08-01 03:47:00+00:00,5.276579890567529e-07,1.0449509931338892e-06,-,0
2026-08-01 03:48:00+00:00,5.720239571546479e-07,1e-10,-,0
2026-08-01 03:49:00+00:00,1e-10,1e-10,-,0
2026-08-01 03:50:00+00:00,1e-10,1e-10,-,0
2026-08-01 03:51:00+00:00,1e-10,1.1821358464706427e-06,-,0
2026-08-01 03:52:00+00:00,1e-10,2.02150216471377e-06,-,0
2026-08-01 03:53:00+00:00,3.6079124698728944e-07,1e-10,-,0
2026-08-01 03:54:00+00:00,1e-10,1e-10,-,0
2026-08-01 03:55:00+00:00,1e-10,1.1678859540074915e-06,-,0
2026-08-01 03:56:00+00:00,1e-10,2.5151539025804047e-06,-,0
2026-08-01 03:57:00+00:00,4.6316975024584843e-07,1.3322838531122045e-06,-,0
2026-08-01 03:58:00+00:00,7.935013201878579e-07,1e-10,-,0
2026-08-01 03:59:00+00:00,1e-10,9.820331325972023e-07,-,0
2026-08-01 04:00:00+00:00,1e-10,1e-10,-,0
2026-08-01 04:01:00+00:00,7.12385060417099e-07,1.5691997291431396e-06,-,0
2026-08-01 04:02:00+00:00,2.1844678471832738e-07,7.116834543001699e-07,-,0
2026-08-01 04:03:00+00:00,1.3495114588642273e-06,1e-10,-,0
2026-08-01 04:04:00+00:00,1e-10,1.2393722528274985e-06,-,0
2026-08-01 04:05:00+00:00,1e-10,5.955511818085461e-07,-,0
2026-08-01 04:06:00+00:00,1.2365905954557256e-06,4.4970719342588367e-07,-,0
2026-08-01 04:07:00+00:00,1e-10,3.878620823519701e-08,-,0
2026-08-01 04:08:00+00:00,1e-10,1e-10,-,0
2026-08-01 04:09:00+00:00,1.0259477065804776e-06,6.947542863408681e-07,-,0
2026-08-01 04:10:00+00:00,1.6399540375661157e-06,2.4632454153925223e-06,-,0
2026-08-01 04:11:00+00:00,2.392120977703976e-07,2.1358360907212793e-06,-,0
2026-08-01 04:12:00+00:00,1e-10,1e-10,-,0
2026-08-01 04:13:00+00:00,1.7307366601868902e-06,1e-10,-,0
2026-08-01 04:14:00+00:00,4.51065270299567e-07,1e-10,-,0
2026-08-01 04:15:00+00:00,2.804297690493869e-07,1.678934767683787e-07,-,0
2026-08-01 04:16:00+00:00,1e-10,3.2340251572312507e-07,-,0
2026-08-01 04:17:00+00:00,1.2847690353490879e-06,1.008031088836124e-06,-,0
2026-08-01 04:18:00+00:00,1e-10,8.159181059740895e-07,-,0
2026-08-01 04:19:00+00:00,1e-10,8.324700800421882e-07,-,0
2026-08-01 04:20:00+00:00,2.1329702327451503e-06,1e-10,-,0
2026-08-01 04:21:00+00:00,1e-10,1e-10,-,0
2026-08-01 04:22:00+00:00,1.0976168590650387e-06,1e-10,-,0
2026-08-01 04:23:00+00:00,1.5613423455584564e-06,2.9452508513745623e-07,-,0
2026-08-01 04:24:00+00:00,2.6939745825233006e-07,9.708460305461442e-07,-,0
2026-08-01 04:25:00+00:00,1e-10,1.1993908508836008e-06,-,0
2026-08-01 04:26:00+00:00,7.303775274975529e-07,1e-10,-,0
2026-08-01 04:27:00+00:00,1.575615733155109e-06,5.308723862666992e-07,-,0
2026-08-01 04:28:00+00:00,4.1585324222581953e-07,1e-10,-,0
2026-08-01 04:29:00+00:00,1e-10,6.641075606729695e-07,-,0
2026-08-01 04:30:00+00:00,3.702491052949517e-07,1e-10,-,0
2026-08-01 04:31:00+00:00,1e-10,8.256796371187607e-07,-,0
2026-08-01 04:32:00+00:00,1e-10,1e-10,-,0
2026-08-01 04:33:00+00:00,1e-10,1e-10,-,0
2026-08-01 04:34:00+00:00,1.007272700860555e-07,9.019137900453179e-07,-,0
2026-08-01 04:35:00+00:00,1e-10,1e-10,-,0
2026-08-01 04:36:00+00:00,3.1004776688515345e-07,1.075593002000409e-06,-,0
2026-08-01 04:37:00+00:00,6.142178323655919e-07,8.330450167402861e-07,-,0
2026-08-01 04:38:00+00:00,1e-10,1e-10,-,0
2026-08-01 04:39:00+00:00,1e-10,1e-10,-,0
2026-08-01 04:40:00+00:00,1.5000394427672072e-07,1.4300195147799165e-06,-,0
2026-08-01 04:41:00+00:00,2.0449609571235004e-06,9.319766236451551e-07,-,0
2026-08-01 04:42:00+00:00,5.432135262876124e-07,1.8394996683375951e-06,-,0
2026-08-01 04:43:00+00:00,5.033995892621622e-08,1e-10,-,0
2026-08-01 04:44:00+00:00,1e-10,1e-10,-,0
2026-08-01 04:45:00+00:00,6.695893816286046e-07,1e-10,-,0
2026-08-01 04:46:00+00:00,2.666719858606929e-07,5.767262489262046e-07,-,0
2026-08-01 04:47:00+00:00,8.144252249297274e-07,1e-10,-,0
2026-08-01 04:48:00+00:00,1e-10,1e-10,-,0
2026-08-01 04:49:00+00:00,1.7076196801303602e-07,5.022217710069757e-08,-,0
2026-08-01 04:50:00+00:00,1e-10,1e-10,-,0
2026-08-01 04:51:00+00:00,4.421464956059559e-07,1e-10,-,0
2026-08-01 04:52:00+00:00,1e-10,1e-10,-,0
2026-08-01 04:53:00+00:00,1e-10,2.9695309741797523e-06,-,0
2026-08-01 04:54:00+00:00,6.360402186483448e-07,1.3068820824233845e-07,-,0
2026-08-01 04:55:00+00:00,8.137406165850935e-07,1e-10,-,0
2026-08-01 04:56:00+00:00,1e-10,4.864384631568321e-07,-,0
2026-08-01 04:57:00+00:00,1e-10,6.505727550261473e-07,-,0
2026-08-01 04:58:00+00:00,7.468972717819766e-07,1e-10,-,0
2026-08-01 04:59:00+00:00,1.7881680114543089e-06,1e-10,-,0
2026-08-01 05:00:00+00:00,1e-10,1e-10,-,0
2026-08-01 05:01:00+00:00,1e-10,1.0115661614102656e-06,-,0
2026-08-01 05:02:00+00:00,9.299809605971877e-07,1e-10,-,0
2026-08-01 05:03:00+00:00,9.570669588803793e-07,5.33855567128935e-07,-,0
2026-08-01 05:04:00+00:00,1.2481931415463292e-06,1.1848784955401943e-06,-,0
2026-08-01 05:05:00+00:00,1.1581238246894243e-06,1e-10,-,0
2026-08-01 05:06:00+00:00,1e-10,1e-10,-,0
2026-08-01 05:07:00+00:00,1e-10,1e-10,-,0
2026-08-01 05:08:00+00:00,7.239962248117035e-07,1e-10,-,0
2026-08-01 05:09:00+00:00,1e-10,5.582280388962551e-07,-,0
2026-08-01 05:10:00+00:00,4.4160838847046997e-07,1e-10,-,0
2026-08-01 05:11:00+00:00,1e-10,1e-10,-,0
2026-08-01 05:12:00+00:00,1e-10,1e-10,-,0
2026-08-01 05:13:00+00:00,1e-10,4.21156617701623e-07,-,0
2026-08-01 05:14:00+00:00,1e-10,1.0098671070132455e-06,-,0
2026-08-01 05:15:00+00:00,1e-10,2.6104584522885688e-06,-,0
2026-08-01 05:16:00+00:00,1e-10,2.1590117121602427e-06,-,0
2026-08-01 05:17:00+00:00,1e-10,1e-10,B,1
2026-08-01 05:18:00+00:00,6.611357347558209e-07,1e-10,B,1
2026-08-01 05:19:00+00:00,1e-10,1e-10,B,1
2026-08-01 05:20:00+00:00,1.8886930632520518e-06,1e-10,B,1
2026-08-01 05:21:00+00:00,1.393856971046165e-06,1.4449212951125118e-07,B,1
2026-08-01 05:22:00+00:00,1e-10,1e-10,B,1
2026-08-01 05:23:00+00:00,2.5415639544361666e-07,1e-10,B,1
2026-08-01 05:24:00+00:00,1.3777465879540237e-06,1e-10,B,1
2026-08-01 05:25:00+00:00,1e-10,9.971591391481112e-07,B,1
2026-08-01 05:26:00+00:00,1e-10,1e-10,B,1
2026-08-01 05:27:00+00:00,1.4697016583407895e-06,1e-10,B,1
2026-08-01 05:28:00+00:00,7.986704107856809e-07,9.888246361482288e-07,B,1
2026-08-01 05:29:00+00:00,1.222473282175081e-06,1.3354968929361935e-06,B,1
2026-08-01 05:30:00+00:00,3.837296802707953e-07,1e-10,B,1
2026-08-01 05:31:00+00:00,1e-10,1e-10,B,1
2026-08-01 05:32:00+00:00,1e-10,1e-10,B,1
2026-08-01 05:33:00+00:00,1.8617122256735619e-07,3.013692263691918e-07,B,1
2026-08-01 05:34:00+00:00,1.4030093703380225e-06,1.0229702876484246e-06,B,1
2026-08-01 05:35:00+00:00,1.4160103025447057e-06,1.9239251808658357e-07,B,1
2026-08-01 05:36:00+00:00,1.2292059607258533e-06,1e-10,B,1
2026-08-01 05:37:00+00:00,9.168970223765056e-07,1.1934480461356986e-06,B,1
2026-08-01 05:38:00+00:00,2.5002568095256364e-06,1e-10,B,1
2026-08-01 05:39:00+00:00,1e-10,1e-10,B,1
2026-08-01 05:40:00+00:00,3.31038435161599e-07,4.866682872779512e-07,B,1
2026-08-01 05:41:00+00:00,1e-10,1.1720365738356462e-06,B,1
2026-08-01 05:42:00+00:00,1.8285373386717571e-06,1e-10,B,1
2026-08-01 05:43:00+00:00,1e-10,1e-10,B,1
2026-08-01 05:44:00+00:00,1.3197461862724832e-06,1.147351749074746e-07,B,1
2026-08-01 05:45:00+00:00,1e-10,3.259553088717563e-07,B,1
2026-08-01 05:46:00+00:00,7.483868202541689e-07,1.6026703898913029e-06,B,2
2026-08-01 05:47:00+00:00,2.004074425555834e-07,2.4296389957168615e-06,B,2
2026-08-01 05:48:00+00:00,4.2995768995466357e-07,4.7050458135592905e-07,B,2
2026-08-01 05:49:00+00:00,8.57142061546585e-07,1.444090084913632e-06,B,2
2026-08-01 05:50:00+00:00,1.5197397020607901e-06,1.4781027961868723e-06,B,2
2026-08-01 05:51:00+00:00,3.654980070930602e-07,1.3649144797412387e-06,B,2
2026-08-01 05:52:00+00:00,1.588590793443384e-06,1e-10,B,2
2026-08-01 05:53:00+00:00,1.794940190928494e-06,1.0886119322693994e-06,B,2
2026-08-01 05:54:00+00:00,1.6498168291949942e-07,1e-10,B,2
2026-08-01 05:55:00+00:00,2.7557986237114625e-06,1.0374431090408484e-06,B,2
2026-08-01 05:56:00+00:00,1.4075665800020388e-06,1e-10,B,2
2026-08-01 05:57:00+00:00,1.0708939284868663e-07,3.368203988562423e-07,B,2
2026-08-01 05:58:00+00:00,1.316574715707464e-06,1e-10,B,2
2026-08-01 05:59:00+00:00,1.685263575156883e-06,2.571327837954809e-06,B,2
2026-08-01 06:00:00+00:00,1.1569284097687429e-06,1e-10,B,3
2026-08-01 06:01:00+00:00,7.053320296915146e-07,1e-10,B,3
2026-08-01 06:02:00+00:00,1e-10,1.7405929827831648e-06,B,3
2026-08-01 06:03:00+00:00,1e-10,1.0495624601157723e-06,B,3
2026-08-01 06:04:00+00:00,1.147668873392926e-06,3.551686155290304e-07,B,3
2026-08-01 06:05:00+00:00,1e-10,1e-10,B,3
2026-08-01 06:06:00+00:00,9.38407556617821e-07,1e-10,B,3
2026-08-01 06:07:00+00:00,1.3410479729676287e-06,1e-10,B,3
2026-08-01 06:08:00+00:00,2.654133231498174e-07,1e-10,B,3
2026-08-01 06:09:00+00:00,1e-10,1e-10,B,3
2026-08-01 06:10:00+00:00,1e-10,1e-10,B,3
2026-08-01 06:11:00+00:00,1.0884208374250192e-06,1e-10,B,3
2026-08-01 06:12:00+00:00,1.6889297275418427e-06,1.0508199682265828e-06,B,3
2026-08-01 06:13:00+00:00,1e-10,1e-10,B,3
2026-08-01 06:14:00+00:00,3.857049682120512e-07,4.080817073734589e-07,B,3
2026-08-01 06:15:00+00:00,1e-10,2.726785460388078e-07,B,3
2026-08-01 06:16:00+00:00,3.1369791701807375e-07,1e-10,B,3
2026-08-01 06:17:00+00:00,4.006048982860154e-08,7.102381912601236e-07,B,3
2026-08-01 06:18:00+00:00,2.855205946438476e-06,4.4697367982731343e-07,B,3
2026-08-01 06:19:00+00:00,1e-10,7.873327992411172e-08,B,3
2026-08-01 06:20:00+00:00,1.3863902945152278e-06,1.197255600370462e-06,B,3
2026-08-01 06:21:00+00:00,1.3179039923350168e-06,1e-10,B,3
2026-08-01 06:22:00+00:00,1e-10,2.4111837090007716e-06,B,3
2026-08-01 06:23:00+00:00,3.128927924979273e-07,1.274603503932596e-06,B,3
2026-08-01 06:24:00+00:00,1.8290949796139633e-07,1.890719372567408e-06,B,3
2026-08-01 06:25:00+00:00,1e-10,1e-10,B,3
2026-08-01 06:26:00+00:00,1e-10,4.9664898923758405e-08,B,3
2026-08-01 06:27:00+00:00,1e-10,3.205726981913123e-07,B,3
2026-08-01 06:28:00+00:00,1e-10,1e-10,B,3
2026-08-01 06:29:00+00:00,1e-10,1.7502358884844933e-07,B,3
2026-08-01 06:30:00+00:00,1e-10,2.692736827511477e-07,B,3
2026-08-01 06:31:00+00:00,3.154204224509313e-07,1e-10,B,3
2026-08-01 06:32:00+00:00,6.245802420279368e-07,8.044071858066192e-07,B,3
2026-08-01 06:33:00+00:00,1e-10,7.10927722393132e-07,B,3
2026-08-01 06:34:00+00:00,1e-10,1e-10,B,3
2026-08-01 06:35:00+00:00,5.840653161783447e-07,1e-10,B,3
2026-08-01 06:36:00+00:00,9.92675037303106e-07,1.2242074358675105e-07,B,3
2026-08-01 06:37:00+00:00,1e-10,1e-10,B,3
2026-08-01 06:38:00+00:00,1e-10,3.056409518629424e-07,B,3
2026-08-01 06:39:00+00:00,1e-10,1e-10,B,3
2026-08-01 06:40:00+00:00,1e-10,1.6777788196222499e-06,B,3
2026-08-01 06:41:00+00:00,1.361765205404917e-06,1e-10,B,3
2026-08-01 06:42:00+00:00,8.550047495293143e-07,1e-10,B,3
2026-08-01 06:43:00+00:00,7.938798908795296e-08,3.205702587599212e-08,B,3
2026-08-01 06:44:00+00:00,2.1961382156889125e-06,1e-10,B,3
2026-08-01 06:45:00+00:00,4.820820945238076e-08,1e-10,B,3
2026-08-01 06:46:00+00:00,1.6493670725448358e-06,1e-10,B,3
2026-08-01 06:47:00+00:00,1.4374857526635582e-06,2.416734002176997e-07,B,3
2026-08-01 06:48:00+00:00,1.3532519017898313e-06,1.0417572777417885e-06,B,3
2026-08-01 06:49:00+00:00,4.2579145110742636e-07,1e-10,B,3
2026-08-01 06:50:00+00:00,2.0540301885593597e-07,1.4059260579258156e-06,B,3
2026-08-01 06:51:00+00:00,7.201164204531403e-08,1e-10,B,3
2026-08-01 06:52:00+00:00,1.0084962421696045e-06,1e-10,B,3
2026-08-01 06:53:00+00:00,1e-10,1.0042837818251632e-06,B,3
2026-08-01 06:54:00+00:00,1e-10,8.046545915286819e-07,B,3
2026-08-01 06:55:00+00:00,1.9029347091243786e-06,5.148558746964346e-07,B,3
2026-08-01 06:56:00+00:00,7.494299614998725e-07,1.2455234302708645e-06,B,3
2026-08-01 06:57:00+00:00,1.1177477934461076e-06,1e-10,B,3
2026-08-01 06:58:00+00:00,1e-10,3.4388408943411666e-07,B,3
2026-08-01 06:59:00+00:00,1e-10,1e-10,B,3
2026-08-01 07:00:00+00:00,4.318389388186602e-07,2.1556465908383517e-06,B,3
2026-08-01 07:01:00+00:00,6.886387072618246e-09,1e-10,B,3
2026-08-01 07:02:00+00:00,1e-10,1e-10,B,3
2026-08-01 07:03:00+00:00,9.007189511008926e-07,2.391325172101134e-07,B,3
2026-08-01 07:04:00+00:00,1.2458023085379243e-06,7.499755564282244e-07,B,3
2026-08-01 07:05:00+00:00,1e-10,7.381613420504267e-07,B,3
2026-08-01 07:06:00+00:00,9.352086434755905e-07,1e-10,B,3
2026-08-01 07:07:00+00:00,2.2962944160394235e-06,1.9777885303989818e-06,B,3
2026-08-01 07:08:00+00:00,1.7424082383552414e-06,1.8032256855472195e-06,B,3
2026-08-01 07:09:00+00:00,1e-10,1.4032820854434005e-06,B,3
2026-08-01 07:10:00+00:00,1e-10,1.681879229413543e-07,B,3
2026-08-01 07:11:00+00:00,3.0481991174744204e-07,1.3984971009289788e-06,B,3
2026-08-01 07:12:00+00:00,2.6456325744999874e-06,2.9738577451065744e-07,B,3
2026-08-01 07:13:00+00:00,1.5280518601901766e-06,2.845423757040347e-07,B,3
2026-08-01 07:14:00+00:00,3.384338369836552e-08,7.847869853671058e-07,-,0
2026-08-01 07:15:00+00:00,1.7738209526782551e-06,6.120337824400386e-07,-,0
2026-08-01 07:16:00+00:00,1.3408770466788985e-06,1.1487191395598208e-06,-,0
2026-08-01 07:17:00+00:00,1e-10,1e-10,-,0
2026-08-01 07:18:00+00:00,1.2208211103226966e-06,1e-10,-,0
2026-08-01 07:19:00+00:00,1.7539452865408313e-07,1e-10,-,0
2026-08-01 07:20:00+00:00,1e-10,1.044233768945509e-06,-,0
2026-08-01 07:21:00+00:00,1.4683020627474054e-07,1e-10,-,0
2026-08-01 07:22:00+00:00,4.997294720704814e-07,1e-10,-,0
2026-08-01 07:23:00+00:00,1e-10,1.0498762491721256e-06,-,0
2026-08-01 07:24:00+00:00,1e-10,1.4651162172432181e-06,-,0
2026-08-01 07:25:00+00:00,1e-10,9.904868491223756e-07,-,0
2026-08-01 07:26:00+00:00,9.228151308645863e-07,8.451220676214174e-07,-,0
2026-08-01 07:27:00+00:00,1e-10,1e-10,-,0
2026-08-01 07:28:00+00:00,1e-10,1e-10,-,0
2026-08-01 07:29:00+00:00,1e-10,1e-10,-,0
2026-08-01 07:30:00+00:00,1e-10,1e-10,-,0
2026-08-01 07:31:00+00:00,1e-10,1.8188209788113377e-07,-,0
2026-08-01 07:32:00+00:00,1.3444775055680366e-06,1.128181510345901e-06,-,0
2026-08-01 07:33:00+00:00,9.254759525983159e-07,1.1244089056340736e-06,-,0
2026-08-01 07:34:00+00:00,1e-10,1e-10,-,0
2026-08-01 07:35:00+00:00,1e-10,1e-10,-,0
2026-08-01 07:36:00+00:00,1e-10,1e-10,-,0
2026-08-01 07:37:00+00:00,1e-10,1e-10,-,0
2026-08-01 07:38:00+00:00,1e-10,9.319201532832012e-07,-,0
2026-08-01 07:39:00+00:00,1.1216644788195329e-07,9.010069657198756e-07,-,0
2026-08-01 07:40:00+00:00,3.714150673565136e-07,1e-10,-,0
2026-08-01 07:41:00+00:00,4.1285524492363756e-07,1e-10,-,0
2026-08-01 07:42:00+00:00,1e-10,1.6752784248137772e-07,-,0
2026-08-01 07:43:00+00:00,1.1958278747548664e-07,4.6734371298648715e-07,-,0
2026-08-01 07:44:00+00:00,1.450671065880114e-06,1e-10,-,0
2026-08-01 07:45:00+00:00,1e-10,1e-10,-,0
2026-08-01 07:46:00+00:00,3.954666393373171e-07,1e-10,-,0
2026-08-01 07:47:00+00:00,1e-10,1.6685677499885423e-06,-,0
2026-08-01 07:48:00+00:00,1.5893054326146613e-06,1.3662695456260786e-06,-,0
2026-08-01 07:49:00+00:00,9.429204104083314e-07,1e-10,-,0
2026-08-01 07:50:00+00:00,9.075332469022156e-07,1e-10,-,0
2026-08-01 07:51:00+00:00,1e-10,1e-10,-,0
2026-08-01 07:52:00+00:00,3.3107407778479633e-07,1e-10,-,0
2026-08-01 07:53:00+00:00,4.5279925381387454e-07,2.1837124510084774e-06,-,0
2026-08-01 07:54:00+00:00,1e-10,1e-10,-,0
2026-08-01 07:55:00+00:00,1.9626312170795017e-07,8.530620735670864e-07,-,0
2026-08-01 07:56:00+00:00,7.150509652900412e-07,1e-10,-,0
2026-08-01 07:57:00+00:00,1e-10,1e-10,-,0
2026-08-01 07:58:00+00:00,6.988089616354945e-07,1e-10,-,0
2026-08-01 07:59:00+00:00,1.4897882562753773e-07,4.1512875980269653e-07,-,0
2026-08-01 08:00:00+00:00,1.5611204500554337e-06,1e-10,-,0
2026-08-01 08:01:00+00:00,1e-10,8.373087853556158e-07,-,0
2026-08-01 08:02:00+00:00,2.2698005391128825e-07,1.2957590702417842e-06,-,0
2026-08-01 08:03:00+00:00,4.102854543979949e-07,1e-10,-,0
2026-08-01 08:04:00+00:00,1e-10,2.3319751971908547e-07,-,0
2026-08-01 08:05:00+00:00,1e-10,1e-10,-,0
2026-08-01 08:06:00+00:00,1.3035514493628446e-07,1e-10,-,0
2026-08-01 08:07:00+00:00,1e-10,2.5279165503385563e-08,-,0
2026-08-01 08:08:00+00:00,7.785343505950927e-07,1e-10,-,0
2026-08-01 08:09:00+00:00,1.276482022806159e-07,1e-10,-,0
2026-08-01 08:10:00+00:00,,,-,0
2026-08-01 08:11:00+00:00,,,-,0
2026-08-01 08:12:00+00:00,,,-,0
2026-08-01 08:13:00+00:00,,,-,0
2026-08-01 08:14:00+00:00,,,-,0
2026-08-01 08:15:00+00:00,,,-,0
2026-08-01 08:16:00+00:00,,,-,0
2026-08-01 08:17:00+00:00,,,-,0
2026-08-01 08:18:00+00:00,,,-,0
2026-08-01 08:19:00+00:00,1.030491830674451e-06,1.6122665644898257e-06,-,0
2026-08-01 08:20:00+00:00,1e-10,8.505740343455175e-08,-,0
2026-08-01 08:21:00+00:00,1e-10,1e-10,-,0
2026-08-01 08:22:00+00:00,1e-10,1e-10,-,0
2026-08-01 08:23:00+00:00,1.6335044334610904e-06,1.9826280253947726e-06,-,0
2026-08-01 08:24:00+00:00,3.512640946896236e-07,1.3137364553668845e-06,-,0
2026-08-01 08:25:00+00:00,1.5733128053289006e-06,1e-10,-,0
2026-08-01 08:26:00+00:00,1.7350771136269242e-06,1.7182865858550434e-06,-,0
2026-08-01 08:27:00+00:00,1e-10,7.167433072026602e-07,-,0
2026-08-01 08:28:00+00:00,1e-10,1e-10,-,0
2026-08-01 08:29:00+00:00,1e-10,1e-10,-,0
2026-08-01 08:30:00+00:00,7.111898068141824e-07,2.0432050252074025e-06,-,0
2026-08-01 08:31:00+00:00,1e-10,1e-10,-,0
2026-08-01 08:32:00+00:00,5.397533997884626e-07,1.7028440784536207e-06,-,0
2026-08-01 08:33:00+00:00,4.805702258574661e-07,1e-10,-,0
2026-08-01 08:34:00+00:00,1e-10,1e-10,-,0
2026-08-01 08:35:00+00:00,1e-10,1.2702508603405212e-06,-,0
2026-08-01 08:36:00+00:00,5.304156731061116e-07,9.56692313075679e-07,-,0
2026-08-01 08:37:00+00:00,2.325411032426072e-06,1e-10,-,0
2026-08-01 08:38:00+00:00,1e-10,9.754005669362543e-07,-,0
2026-08-01 08:39:00+00:00,4.0244768175459345e-07,1e-10,-,0
2026-08-01 08:40:00+00:00,1e-10,1e-10,-,0
2026-08-01 08:41:00+00:00,2.999135386732715e-07,4.3653418813400337e-07,-,0
2026-08-01 08:42:00+00:00,1e-10,1e-10,-,0
2026-08-01 08:43:00+00:00,1e-10,4.7017960057306546e-07,-,0
2026-08-01 08:44:00+00:00,2.7480011358280647e-06,2.357726115586433e-07,-,0
2026-08-01 08:45:00+00:00,1.5265036679411926e-07,1e-10,-,0
2026-08-01 08:46:00+00:00,1e-10,2.1086138145273843e-06,-,0
2026-08-01 08:47:00+00:00,7.438171045876057e-07,1e-10,-,0
2026-08-01 08:48:00+00:00,1.2796368654893263e-06,1.758565622355363e-07,-,0
2026-08-01 08:49:00+00:00,7.832662309782877e-07,1e-10,-,0
2026-08-01 08:50:00+00:00,1e-10,3.4912837382642043e-07,-,0
2026-08-01 08:51:00+00:00,1e-10,5.759854895260398e-08,-,0
2026-08-01 08:52:00+00:00,1e-10,1.211087961628142e-06,-,0
2026-08-01 08:53:00+00:00,1e-10,3.5473279785404874e-07,-,0
2026-08-01 08:54:00+00:00,1e-10,1e-10,-,0
2026-08-01 08:55:00+00:00,1e-10,1e-10,-,0
2026-08-01 08:56:00+00:00,1.3799298280419115e-06,1e-10,-,0
2026-08-01 08:57:00+00:00,1.0581991125172172e-06,1e-10,-,0
2026-08-01 08:58:00+00:00,1.4380977228854097e-06,7.633912854824584e-07,-,0
2026-08-01 08:59:00+00:00,1e-10,1e-10,-,0
2026-08-01 09:00:00+00:00,1e-10,4.456821108670312e-07,-,0
2026-08-01 09:01:00+00:00,1.207454059513735e-07,1e-10,-,0
2026-08-01 09:02:00+00:00,4.926806458654047e-07,1e-10,-,0
2026-08-01 09:03:00+00:00,1.1226118974806016e-07,5.447350251220871e-07,-,0
2026-08-01 09:04:00+00:00,4.1808539447750744e-07,1.165711169566103e-06,-,0
2026-08-01 09:05:00+00:00,1.7919978760105331e-06,1e-10,-,0
2026-08-01 09:06:00+00:00,1e-10,1.7558538583550653e-06,-,0
2026-08-01 09:07:00+00:00,9.268309041467678e-07,1.6145046326784732e-06,-,0
2026-08-01 09:08:00+00:00,6.093250388501116e-07,1.1413332016787934e-06,-,0
2026-08-01 09:09:00+00:00,1.396773333769697e-07,1.4172098755751723e-06,-,0
2026-08-01 09:10:00+00:00,8.773629453492214e-07,1e-10,-,0
2026-08-01 09:11:00+00:00,1e-10,1e-10,-,0
2026-08-01 09:12:00+00:00,1e-10,1.0021058936157432e-07,-,0
2026-08-01 09:13:00+00:00,5.071436778569742e-07,3.4135693695161466e-07,-,0
2026-08-01 09:14:00+00:00,1e-10,1e-10,-,0
2026-08-01 09:15:00+00:00,5.987339548876379e-07,6.63267851372613e-07,-,0
2026-08-01 09:16:00+00:00,1e-10,1.5800057642282187e-06,-,0
2026-08-01 09:17:00+00:00,1.7129147096974002e-06,1.0055369254020844e-06,-,0
2026-08-01 09:18:00+00:00,1e-10,5.6962556468999935e-08,-,0
2026-08-01 09:19:00+00:00,1.6436759139584519e-06,1e-10,-,0
2026-08-01 09:20:00+00:00,1e-10,1e-10,-,0
2026-08-01 09:21:00+00:00,1e-10,1e-10,-,0
2026-08-01 09:22:00+00:00,9.908704821747837e-07,7.214430377763127e-07,-,0
2026-08-01 09:23:00+00:00,3.600349933722061e-07,1e-10,-,0
2026-08-01 09:24:00+00:00,1e-10,1.1245270496954481e-07,-,0
2026-08-01 09:25:00+00:00,1e-10,7.989638975792836e-07,-,0
2026-08-01 09:26:00+00:00,1e-10,1e-10,-,0
2026-08-01 09:27:00+00:00,2.6456999195449786e-06,1e-10,-,0
2026-08-01 09:28:00+00:00,1e-10,1e-10,-,0
2026-08-01 09:29:00+00:00,1e-10,8.685922517346528e-07,-,0
2026-08-01 09:30:00+00:00,1.3381610522441718e-06,1e-10,-,0
2026-08-01 09:31:00+00:00,1.2539558551080363e-06,1.8426977086986547e-06,-,0
2026-08-01 09:32:00+00:00,1e-10,2.0242923300245173e-07,-,0
2026-08-01 09:33:00+00:00,1e-10,4.1795059798579304e-07,-,0
2026-08-01 09:34:00+00:00,1.441716690211778e-06,9.34458425628352e-07,-,0
2026-08-01 09:35:00+00:00,1e-10,1e-10,-,0
2026-08-01 09:36:00+00:00,1e-10,5.301208726468155e-07,-,0
2026-08-01 09:37:00+00:00,1.429542576258865e-07,1e-10,-,0
2026-08-01 09:38:00+00:00,1e-10,1e-10,-,0
2026-08-01 09:39:00+00:00,1.0643017446923684e-06,1e-10,-,0
2026-08-01 09:40:00+00:00,5.5904129496757236e-08,1e-10,-,0
2026-08-01 09:41:00+00:00,1e-10,2.3036444858393455e-06,-,0
2026-08-01 09:42:00+00:00,1e-10,1e-10,-,0
2026-08-01 09:43:00+00:00,1.4699827826663472e-06,6.914370025907525e-07,-,0
2026-08-01 09:44:00+00:00,1e-10,1e-10,-,0
2026-08-01 09:45:00+00:00,7.165350585431922e-07,1e-10,-,0
2026-08-01 09:46:00+00:00,2.1272459255311282e-08,8.886753992701455e-07,-,0
2026-08-01 09:47:00+00:00,1e-10,1e-10,-,0
2026-08-01 09:48:00+00:00,8.585752456905015e-07,1e-10,-,0
2026-08-01 09:49:00+00:00,1.2258667009129735e-06,1.2147144518378437e-06,-,0
2026-08-01 09:50:00+00:00,2.076320561922605e-06,1e-10,-,0
2026-08-01 09:51:00+00:00,1e-10,2.549282361526999e-07,-,0
2026-08-01 09:52:00+00:00,1e-10,1e-10,-,0
2026-08-01 09:53:00+00:00,7.375311422337993e-07,1e-10,-,0
2026-08-01 09:54:00+00:00,1e-10,1e-10,-,0
2026-08-01 09:55:00+00:00,1e-10,9.628906838934098e-07,-,0
2026-08-01 09:56:00+00:00,1.54899999443375e-07,2.523774245282303e-07,-,0
2026-08-01 09:57:00+00:00,1e-10,9.142017920494618e-07,-,0
2026-08-01 09:58:00+00:00,1e-10,1.338853777984209e-07,-,0
2026-08-01 09:59:00+00:00,1e-10,1.1849003067173515e-06,-,0
2026-08-01 10:00:00+00:00,6.607989456343624e-07,1.7438173059323925e-07,-,0
2026-08-01 10:01:00+00:00,2.2462107602621405e-07,1.537021054409755e-06,-,0
2026-08-01 10:02:00+00:00,2.3398906861147936e-07,1e-10,-,0
2026-08-01 10:03:00+00:00,5.268736463158557e-07,1e-10,-,0
2026-08-01 10:04:00+00:00,1e-10,2.0005968960691337e-06,-,0
2026-08-01 10:05:00+00:00,1e-10,9.283209981739217e-07,-,0
2026-08-01 10:06:00+00:00,3.0227498783828575e-07,2.089103668968979e-06,-,0
2026-08-01 10:07:00+00:00,1e-10,6.903626014058931e-07,-,0
2026-08-01 10:08:00+00:00,1e-10,1e-10,-,0
2026-08-01 10:09:00+00:00,1e-10,2.090076269173227e-06,-,0
2026-08-01 10:10:00+00:00,1e-10,1e-10,-,0
2026-08-01 10:11:00+00:00,1.047415060116903e-06,8.98020296385544e-07,-,0
2026-08-01 10:12:00+00:00,1.7266987916451004e-06,1e-10,-,0
2026-08-01 10:13:00+00:00,1.4977201129040937e-06,1.6862229375436053e-06,-,0
2026-08-01 10:14:00+00:00,1e-10,1e-10,-,0
2026-08-01 10:15:00+00:00,1e-10,1e-10,-,0
2026-08-01 10:16:00+00:00,7.627084615478151e-07,1e-10,-,0
2026-08-01 10:17:00+00:00,1.47636550781449e-06,6.660948502733764e-07,-,0
2026-08-01 10:18:00+00:00,1e-10,1e-10,-,0
2026-08-01 10:19:00+00:00,2.343031911644026e-07,1.5490278614606774e-06,-,0
2026-08-01 10:20:00+00:00,1e-10,1e-10,-,0
2026-08-01 10:21:00+00:00,3.382051050099957e-07,1e-10,-,0
2026-08-01 10:22:00+00:00,1e-10,1e-10,-,0
2026-08-01 10:23:00+00:00,2.386247515157778e-07,1.833309996286874e-06,-,0
2026-08-01 10:24:00+00:00,1e-10,1.170575587270065e-06,-,0
2026-08-01 10:25:00+00:00,1e-10,1.2955404888657717e-06,-,0
2026-08-01 10:26:00+00:00,3.465997175688827e-06,1e-10,-,0
2026-08-01 10:27:00+00:00,1.1132347827819611e-07,1e-10,-,0
2026-08-01 10:28:00+00:00,2.396424093815025e-06,1.5919988455915552e-06,-,0
2026-08-01 10:29:00+00:00,1.7014661646379945e-06,1e-10,-,0
2026-08-01 10:30:00+00:00,1e-10,1.13795878870498e-08,-,0
2026-08-01 10:31:00+00:00,4.352792604238459e-07,1e-10,-,0
2026-08-01 10:32:00+00:00,1e-10,8.962762791115101e-08,-,0
2026-08-01 10:33:00+00:00,1e-10,1e-10,-,0
2026-08-01 10:34:00+00:00,1e-10,9.549175743257663e-07,-,0
2026-08-01 10:35:00+00:00,1e-10,1.535078657121992e-06,-,0
2026-08-01 10:36:00+00:00,1e-10,1.1716738283966508e-06,-,0
2026-08-01 10:37:00+00:00,1e-10,1e-10,-,0
2026-08-01 10:38:00+00:00,7.676602580604449e-08,4.909086063867707e-07,-,0
2026-08-01 10:39:00+00:00,1e-10,1e-10,-,0
2026-08-01 10:40:00+00:00,1.985356097029114e-07,3.968369875413163e-09,-,0
2026-08-01 10:41:00+00:00,1.2929114419714638e-06,1.858853649806354e-06,-,0
2026-08-01 10:42:00+00:00,3.3738739340944334e-07,1e-10,-,0
2026-08-01 10:43:00+00:00,1e-10,7.643452652715374e-07,-,0
2026-08-01 10:44:00+00:00,4.1452463810560386e-07,1e-10,-,0
2026-08-01 10:45:00+00:00,1e-10,8.56656382619173e-08,-,0
2026-08-01 10:46:00+00:00,1.084958003545549e-06,1.0441152883313329e-06,-,0
2026-08-01 10:47:00+00:00,1e-10,1e-10,-,0
2026-08-01 10:48:00+00:00,1.7502864240037982e-06,6.933112992035852e-07,-,0
2026-08-01 10:49:00+00:00,8.828890973341494e-07,1e-10,-,0
2026-08-01 10:50:00+00:00,6.49913920347806e-07,1e-10,-,0
2026-08-01 10:51:00+00:00,6.987310256114407e-07,1e-10,-,0
2026-08-01 10:52:00+00:00,3.39963272544709e-08,1e-10,-,0
2026-08-01 10:53:00+00:00,1e-10,1.0086552410579226e-06,-,0
2026-08-01 10:54:00+00:00,1e-10,1.2251944478084745e-06,-,0
2026-08-01 10:55:00+00:00,1.9752160471567642e-06,7.279745280819606e-07,-,0
2026-08-01 10:56:00+00:00,1.4718028265958857e-07,1e-10,-,0
2026-08-01 10:57:00+00:00,1e-10,1e-10,-,0
2026-08-01 10:58:00+00:00,6.093091859550698e-07,9.455523808771612e-07,-,0
2026-08-01 10:59:00+00:00,4.0980294798258763e-07,1e-10,-,0
2026-08-01 11:00:00+00:00,1e-10,1e-10,-,0
2026-08-01 11:01:00+00:00,1e-10,1.0501015486269162e-06,-,0
2026-08-01 11:02:00+00:00,8.475566782096706e-07,1.107274784278468e-06,-,0
2026-08-01 11:03:00+00:00,1.0841134652271227e-06,6.730434563210119e-07,-,0
2026-08-01 11:04:00+00:00,3.9215513270094137e-07,1e-10,-,0
2026-08-01 11:05:00+00:00,1.16715447074759e-07,1e-10,-,0
2026-08-01 11:06:00+00:00,1e-10,4.4477599210798586e-07,-,0
2026-08-01 11:07:00+00:00,5.688683193051472e-07,1e-10,-,0
2026-08-01 11:08:00+00:00,1e-10,1.836843291935326e-06,-,0
2026-08-01 11:09:00+00:00,1e-10,1.566957054555328e-07,-,0
2026-08-01 11:10:00+00:00,1.2786631565406847e-06,1e-10,-,0
2026-08-01 11:11:00+00:00,1e-10,1e-10,-,0
2026-08-01 11:12:00+00:00,1e-10,1.3542243934047233e-06,-,0
2026-08-01 11:13:00+00:00,1.482326303955458e-06,1e-10,-,0
2026-08-01 11:14:00+00:00,1e-10,1e-10,-,0
2026-08-01 11:15:00+00:00,1e-10,1e-10,-,0
2026-08-01 11:16:00+00:00,1e-10,3.352108320613475e-07,-,0
2026-08-01 11:17:00+00:00,1e-10,1.7933140432951783e-06,-,0
2026-08-01 11:18:00+00:00,2.493385620037033e-06,1.3646295560761115e-06,-,0
2026-08-01 11:19:00+00:00,1e-10,1e-10,-,0
2026-08-01 11:20:00+00:00,4.371902147510861e-07,3.211043874323605e-07,-,0
2026-08-01 11:21:00+00:00,9.071687186161314e-07,3.9341779830557094e-07,-,0
2026-08-01 11:22:00+00:00,1e-10,2.531393652130947e-07,-,0
2026-08-01 11:23:00+00:00,1.2218402589718585e-06,1e-10,-,0
2026-08-01 11:24:00+00:00,4.4829725328333834e-07,1e-10,-,0
2026-08-01 11:25:00+00:00,8.655513421410428e-07,8.874664071523815e-07,-,0
2026-08-01 11:26:00+00:00,1e-10,2.0886984597524342e-06,-,0
2026-08-01 11:27:00+00:00,5.237173831821961e-07,4.494987433113178e-07,-,0
2026-08-01 11:28:00+00:00,2.664206531218026e-08,1.2257733367750343e-06,-,0
2026-08-01 11:29:00+00:00,1.2835790076330522e-06,9.910399892640287e-07,-,0
2026-08-01 11:30:00+00:00,1e-10,1e-10,-,0
2026-08-01 11:31:00+00:00,2.284588071618091e-06,1e-10,-,0
2026-08-01 11:32:00+00:00,4.0566260857435486e-07,1.2676859782512079e-06,-,0
2026-08-01 11:33:00+00:00,1e-10,2.0736526932457606e-06,-,0
2026-08-01 11:34:00+00:00,1e-10,1e-10,-,0
2026-08-01 11:35:00+00:00,2.8625504798802258e-08,1.3353458253708775e-06,-,0
2026-08-01 11:36:00+00:00,1e-10,1.7305524456371757e-07,-,0
2026-08-01 11:37:00+00:00,7.702483621151907e-07,1e-10,-,0
2026-08-01 11:38:00+00:00,2.192831651794326e-08,5.814535813473861e-08,-,0
2026-08-01 11:39:00+00:00,2.188349476079464e-06,1e-10,-,0
2026-08-01 11:40:00+00:00,1e-10,4.991529698559525e-07,-,0
2026-08-01 11:41:00+00:00,1e-10,4.513288384706603e-07,-,0
2026-08-01 11:42:00+00:00,1e-10,1e-10,-,0
2026-08-01 11:43:00+00:00,2.100875210158277e-06,1e-10,-,0
2026-08-01 11:44:00+00:00,1e-10,1e-10,-,0
2026-08-01 11:45:00+00:00,1.3525165959289964e-07,1.7357075000478564e-06,-,0
2026-08-01 11:46:00+00:00,3.8221214223780537e-07,1e-10,-,0
2026-08-01 11:47:00+00:00,1e-10,8.14375345344095e-07,-,0
2026-08-01 11:48:00+00:00,2.9619794726510505e-06,6.73371965989102e-07,-,0
2026-08-01 11:49:00+00:00,1e-10,1e-10,-,0
2026-08-01 11:50:00+00:00,6.732453417073443e-08,1e-10,-,0
2026-08-01 11:51:00+00:00,1.9007481871050288e-06,6.680375714318231e-07,-,0
2026-08-01 11:52:00+00:00,1e-10,1e-10,-,0
2026-08-01 11:53:00+00:00,1.8980074109494144e-07,1e-10,-,0
2026-08-01 11:54:00+00:00,1e-10,5.320782361448599e-07,-,0
2026-08-01 11:55:00+00:00,1e-10,1.8207707200531199e-06,-,0
2026-08-01 11:56:00+00:00,1.2306085546858346e-06,1.3893932144795652e-06,-,0
2026-08-01 11:57:00+00:00,1e-10,1.485181019536929e-07,-,0
2026-08-01 11:58:00+00:00,1e-10,1e-10,-,0
2026-08-01 11:59:00+00:00,1e-10,1e-10,-,0
2026-08-01 12:00:00+00:00,1.0603390951246295e-07,1e-10,-,0
2026-08-01 12:01:00+00:00,2.500248563712945e-07,1e-10,-,0
2026-08-01 12:02:00+00:00,1e-10,1e-10,-,0
2026-08-01 12:03:00+00:00,1e-10,1e-10,-,0
2026-08-01 12:04:00+00:00,1e-10,1.2062459751123617e-06,-,0
2026-08-01 12:05:00+00:00,1.985958375296441e-06,1e-10,-,0
2026-08-01 12:06:00+00:00,1e-10,1e-10,-,0
2026-08-01 12:07:00+00:00,7.573222221835976e-07,5.366073970697936e-07,-,0
2026-08-01 12:08:00+00:00,1e-10,1e-10,-,0
2026-08-01 12:09:00+00:00,1e-10,1e-10,-,0
2026-08-01 12:10:00+00:00,1e-10,1e-10,-,0
2026-08-01 12:11:00+00:00,1.4599449106701437e-06,7.00901508465334e-07,-,0
2026-08-01 12:12:00+00:00,1e-10,2.644250041147209e-07,-,0
2026-08-01 12:13:00+00:00,4.4610930533406824e-07,2.3151284937798658e-06,-,0
2026-08-01 12:14:00+00:00,4.086092741951685e-07,1e-10,-,0
2026-08-01 12:15:00+00:00,3.418527097841138e-07,1.0887867511526832e-06,-,0
2026-08-01 12:16:00+00:00,1e-10,1e-10,-,0
2026-08-01 12:17:00+00:00,1e-10,1e-10,-,0
2026-08-01 12:18:00+00:00,1.640249622202948e-07,1e-10,-,0
2026-08-01 12:19:00+00:00,1e-10,8.310372939051579e-08,-,0
2026-08-01 12:20:00+00:00,1e-10,3.0948107249181757e-07,-,0
2026-08-01 12:21:00+00:00,1e-10,1e-10,-,0
2026-08-01 12:22:00+00:00,1e-10,1e-10,-,0
2026-08-01 12:23:00+00:00,1e-10,1e-10,-,0
2026-08-01 12:24:00+00:00,2.9872052570692076e-08,1.4884852385444766e-07,-,0
2026-08-01 12:25:00+00:00,1e-10,1e-10,-,0
2026-08-01 12:26:00+00:00,1e-10,1e-10,-,0
2026-08-01 12:27:00+00:00,1e-10,1.2115171227810457e-06,-,0
2026-08-01 12:28:00+00:00,2.4888203217664875e-09,1e-10,-,0
2026-08-01 12:29:00+00:00,2.6757377500728533e-06,1e-10,-,0
2026-08-01 12:30:00+00:00,1e-10,1e-10,-,0
2026-08-01 12:31:00+00:00,4.865123991201118e-07,2.0324825922121246e-06,-,0
2026-08-01 12:32:00+00:00,2.7777456808724125e-07,5.696805575594027e-07,-,0
2026-08-01 12:33:00+00:00,6.526006864247428e-07,1e-10,-,0
2026-08-01 12:34:00+00:00,1e-10,1.5191629652992498e-06,-,0
2026-08-01 12:35:00+00:00,1.63012786295642e-06,1e-10,-,0
2026-08-01 12:36:00+00:00,7.924378852033373e-07,1e-10,-,0
2026-08-01 12:37:00+00:00,8.083639629337907e-07,1e-10,-,0
2026-08-01 12:38:00+00:00,1e-10,1.7092514101457247e-07,-,0
2026-08-01 12:39:00+00:00,1.3923712812235564e-07,1e-10,-,0
2026-08-01 12:40:00+00:00,1e-10,1e-10,-,0
2026-08-01 12:41:00+00:00,1e-10,6.832659969248164e-07,-,0
2026-08-01 12:42:00+00:00,1e-10,1.4646544453571118e-07,-,0
2026-08-01 12:43:00+00:00,1e-10,1e-10,-,0
2026-08-01 12:44:00+00:00,5.385792995080309e-07,1e-10,-,0
2026-08-01 12:45:00+00:00,1.1203164425217569e-06,7.825483124381037e-07,-,0
2026-08-01 12:46:00+00:00,1.0701932432577012e-06,4.3194496090771733e-07,-,0
2026-08-01 12:47:00+00:00,3.565010186481282e-07,7.448733978278435e-07,-,0
2026-08-01 12:48:00+00:00,9.702924711046588e-08,1e-10,-,0
2026-08-01 12:49:00+00:00,1e-10,1e-10,-,0
2026-08-01 12:50:00+00:00,1e-10,2.166034710651019e-06,-,0
2026-08-01 12:51:00+00:00,1e-10,1e-10,-,0
2026-08-01 12:52:00+00:00,1e-10,1e-10,-,0
2026-08-01 12:53:00+00:00,4.237190625637528e-07,1.4245829292118554e-07,-,0
2026-08-01 12:54:00+00:00,1.7375068803957936e-06,2.5126921589748e-07,-,0
2026-08-01 12:55:00+00:00,1e-10,1e-10,-,0
2026-08-01 12:56:00+00:00,1e-10,1e-10,-,0
2026-08-01 12:57:00+00:00,1.1074147785375767e-06,1e-10,-,0
2026-08-01 12:58:00+00:00,1e-10,1e-10,-,0
2026-08-01 12:59:00+00:00,1.187773860350178e-06,1e-10,-,0
2026-08-01 13:00:00+00:00,1e-10,3.028427609690597e-07,-,0
2026-08-01 13:01:00+00:00,7.611438650822158e-07,3.799896361053665e-07,-,0
2026-08-01 13:02:00+00:00,1e-10,1.0913601904184714e-06,-,0
2026-08-01 13:03:00+00:00,3.861013856429967e-07,1e-10,-,0
2026-08-01 13:04:00+00:00,2.3398811619860785e-06,4.15421482705536e-07,-,0
2026-08-01 13:05:00+00:00,1e-10,6.214626389661605e-07,-,0
2026-08-01 13:06:00+00:00,1e-10,1.6559517681759381e-06,-,0
2026-08-01 13:07:00+00:00,1.2079463071472441e-07,9.56234731654935e-07,-,0
2026-08-01 13:08:00+00:00,1.721887093618685e-06,1.1856754533248127e-06,-,0
2026-08-01 13:09:00+00:00,2.3129092521014688e-07,1.7588424507443625e-07,-,0
2026-08-01 13:10:00+00:00,8.113277299183657e-08,1e-10,-,0
2026-08-01 13:11:00+00:00,2.2298179111791439e-07,1.4231683797389058e-06,-,0
2026-08-01 13:12:00+00:00,1e-10,1e-10,-,0
2026-08-01 13:13:00+00:00,2.3258153661736033e-07,1.7082570830886853e-06,-,0
2026-08-01 13:14:00+00:00,1e-10,8.888622627918362e-07,-,0
2026-08-01 13:15:00+00:00,1.5000843571226048e-06,1e-10,-,0
2026-08-01 13:16:00+00:00,9.182815720589275e-07,1e-10,-,0
2026-08-01 13:17:00+00:00,1e-10,1e-10,-,0
2026-08-01 13:18:00+00:00,1e-10,1e-10,-,0
2026-08-01 13:19:00+00:00,6.165570616618436e-07,1e-10,-,0
2026-08-01 13:20:00+00:00,1e-10,1e-10,-,0
2026-08-01 13:21:00+00:00,1e-10,1.0141723063126222e-06,-,0
2026-08-01 13:22:00+00:00,1e-10,1e-10,-,0
2026-08-01 13:23:00+00:00,4.1676509162797776e-07,1e-10,-,0
2026-08-01 13:24:00+00:00,1.184551733459086e-06,1e-10,-,0
2026-08-01 13:25:00+00:00,2.904993737369071e-07,1e-10,-,0
2026-08-01 13:26:00+00:00,2.7602609736454495e-06,1.7629619032105771e-06,-,0
2026-08-01 13:27:00+00:00,1e-10,4.653926138584032e-08,-,0
2026-08-01 13:28:00+00:00,8.580638204356362e-07,1e-10,-,0
2026-08-01 13:29:00+00:00,1e-10,8.404030440068079e-07,-,0
2026-08-01 13:30:00+00:00,1.8186459588901572e-06,1.4181288760558777e-06,-,0
2026-08-01 13:31:00+00:00,1.5379660244052256e-06,1.5465956687165764e-06,-,0
2026-08-01 13:32:00+00:00,8.2065145911638e-07,3.896258125460521e-07,-,0
2026-08-01 13:33:00+00:00,1e-10,1e-10,-,0
2026-08-01 13:34:00+00:00,8.087272224847483e-07,1.1129598865848775e-06,-,0
2026-08-01 13:35:00+00:00,1e-10,1e-10,-,0
2026-08-01 13:36:00+00:00,5.383670268195598e-07,1e-10,-,0
2026-08-01 13:37:00+00:00,1e-10,1e-10,-,0
2026-08-01 13:38:00+00:00,3.3086530714334616e-07,6.110624004802816e-07,-,0
2026-08-01 13:39:00+00:00,1e-10,1.073253600436307e-06,-,0
2026-08-01 13:40:00+00:00,1e-10,1e-10,-,0
2026-08-01 13:41:00+00:00,6.884752920281033e-07,7.230158953779742e-07,-,0
2026-08-01 13:42:00+00:00,1e-10,1.2333572583261298e-06,-,0
2026-08-01 13:43:00+00:00,1e-10,4.139269420054512e-07,-,0
2026-08-01 13:44:00+00:00,8.469072079253697e-07,6.0678074491128645e-09,-,0
2026-08-01 13:45:00+00:00,2.1425830529782146e-06,1e-10,-,0
2026-08-01 13:46:00+00:00,3.39620334726712e-07,1e-10,-,0
2026-08-01 13:47:00+00:00,1e-10,8.551062620684956e-07,-,0
2026-08-01 13:48:00+00:00,1e-10,1.2773551668489286e-06,-,0
2026-08-01 13:49:00+00:00,1.0911043962942815e-07,1.5272842384727712e-07,-,0
2026-08-01 13:50:00+00:00,1.1694354782757485e-06,1e-10,-,0
2026-08-01 13:51:00+00:00,1.8692819188729766e-07,5.546806855846241e-07,-,0
2026-08-01 13:52:00+00:00,5.992930236868561e-07,1e-10,-,0
2026-08-01 13:53:00+00:00,1e-10,1.4093753224181364e-06,-,0
2026-08-01 13:54:00+00:00,1.0982616317749555e-06,1.280057980207695e-06,-,0
2026-08-01 13:55:00+00:00,7.184140424963691e-07,5.600522554029647e-07,-,0
2026-08-01 13:56:00+00:00,1e-10,1e-10,-,0
2026-08-01 13:57:00+00:00,5.293449953135002e-07,1e-10,-,0
2026-08-01 13:58:00+00:00,1e-10,1e-10,-,0
2026-08-01 13:59:00+00:00,5.288117657419571e-07,1e-10,-,0
2026-08-01 14:00:00+00:00,1e-10,8.260149981898259e-07,-,0
2026-08-01 14:01:00+00:00,2.1184736993224618e-07,1e-10,-,0
2026-08-01 14:02:00+00:00,3.926621280991918e-07,2.670850740605146e-06,-,0
2026-08-01 14:03:00+00:00,3.4392619154653163e-07,1e-10,-,0
2026-08-01 14:04:00+00:00,1.59931358600861e-06,1e-10,-,0
2026-08-01 14:05:00+00:00,7.19491502411383e-08,3.80739580304835e-07,-,0
2026-08-01 14:06:00+00:00,2.4370023136703063e-07,4.3161210115578057e-07,-,0
2026-08-01 14:07:00+00:00,1.5068996131995475e-06,1.529732893352743e-06,-,0
2026-08-01 14:08:00+00:00,2.1317584196768057e-06,1e-10,-,0
2026-08-01 14:09:00+00:00,1.510670583083397e-08,1e-10,-,0
2026-08-01 14:10:00+00:00,1e-10,1e-10,-,0
2026-08-01 14:11:00+00:00,1e-10,1.349002841719358e-06,-,0
2026-08-01 14:12:00+00:00,5.309031339364074e-07,1.837662902161809e-06,-,0
2026-08-01 14:13:00+00:00,1e-10,1e-10,-,0
2026-08-01 14:14:00+00:00,1e-10,1e-10,-,0
2026-08-01 14:15:00+00:00,1.277441142409888e-06,1.5492394596412018e-06,-,0
2026-08-01 14:16:00+00:00,9.374333158387023e-07,8.26197747957914e-07,-,0
2026-08-01 14:17:00+00:00,1.3049378668546991e-06,1e-10,-,0
2026-08-01 14:18:00+00:00,1.5198401957094723e-06,1e-10,-,0
2026-08-01 14:19:00+00:00,2.4393417636082354e-07,1e-10,-,0
2026-08-01 14:20:00+00:00,3.2270418427046856e-07,9.247873580460032e-07,-,0
2026-08-01 14:21:00+00:00,1.1524011754164898e-06,1e-10,-,0
2026-08-01 14:22:00+00:00,1e-10,2.0294072087036593e-07,-,0
2026-08-01 14:23:00+00:00,1e-10,1e-10,-,0
2026-08-01 14:24:00+00:00,1e-10,1e-10,-,0
2026-08-01 14:25:00+00:00,1.0544271037580462e-06,1e-10,-,0
2026-08-01 14:26:00+00:00,1e-10,9.53222470296127e-07,-,0
2026-08-01 14:27:00+00:00,1e-10,5.700208989086013e-07,-,0
2026-08-01 14:28:00+00:00,1e-10,1.1309684144010104e-06,-,0
2026-08-01 14:29:00+00:00,5.56063897151548e-07,1e-10,-,0
2026-08-01 14:30:00+00:00,1e-10,1e-10,-,0
2026-08-01 14:31:00+00:00,1e-10,1.7970882789721985e-07,-,0
2026-08-01 14:32:00+00:00,1e-10,1e-10,-,0
2026-08-01 14:33:00+00:00,1.8397566290231108e-07,1e-10,-,0
2026-08-01 14:34:00+00:00,2.229782664141531e-07,1e-10,-,0
2026-08-01 14:35:00+00:00,6.465119821954336e-08,9.365365360466377e-07,-,0
2026-08-01 14:36:00+00:00,1e-10,1e-10,-,0
2026-08-01 14:37:00+00:00,9.098082759496488e-07,7.687433329248621e-07,-,0
2026-08-01 14:38:00+00:00,4.418848142033495e-07,7.180097042804372e-07,-,0
2026-08-01 14:39:00+00:00,4.030689425600438e-07,6.471291673897093e-07,-,0
2026-08-01 14:40:00+00:00,4.4607898061449486e-07,1e-10,-,0
2026-08-01 14:41:00+00:00,1.8047114973259058e-06,1e-10,-,0
2026-08-01 14:42:00+00:00,1e-10,1e-10,-,0
2026-08-01 14:43:00+00:00,1e-10,1e-10,-,0
2026-08-01 14:44:00+00:00,1e-10,2.0362777004940793e-06,-,0
2026-08-01 14:45:00+00:00,1.4239414499612167e-06,1.0387721561865367e-06,-,0
2026-08-01 14:46:00+00:00,1e-10,1e-10,-,0
2026-08-01 14:47:00+00:00,1e-10,1e-10,-,0
2026-08-01 14:48:00+00:00,1e-10,1.19584811298534e-07,-,0
2026-08-01 14:49:00+00:00,1.4982676838263725e-07,9.165732565881963e-07,-,0
2026-08-01 14:50:00+00:00,1.357682703597466e-06,3.0772342781967844e-07,-,0
2026-08-01 14:51:00+00:00,1e-10,1e-10,-,0
2026-08-01 14:52:00+00:00,1e-10,1.5748938588894694e-06,-,0
2026-08-01 14:53:00+00:00,1e-10,5.108007766003151e-07,-,0
2026-08-01 14:54:00+00:00,1e-10,1e-10,-,0
2026-08-01 14:55:00+00:00,2.871136796035332e-06,3.6596335456064626e-07,-,0
2026-08-01 14:56:00+00:00,4.556795336740827e-07,1.3282963459560986e-06,-,0
2026-08-01 14:57:00+00:00,6.939091969815054e-07,4.0249576090934666e-07,-,0
2026-08-01 14:58:00+00:00,3.1216163618062626e-08,4.642098438878088e-07,-,0
2026-08-01 14:59:00+00:00,1.8749730462840074e-07,1.684983583540596e-06,-,0
2026-08-01 15:00:00+00:00,9.036214221953267e-07,1e-10,-,0
2026-08-01 15:01:00+00:00,6.575777246517489e-07,1e-10,-,0
2026-08-01 15:02:00+00:00,4.2145629472301744e-07,1e-10,-,0
2026-08-01 15:03:00+00:00,5.191870377759987e-08,9.466281132680318e-07,-,0
2026-08-01 15:04:00+00:00,1e-10,1.0756279645936025e-06,-,0
2026-08-01 15:05:00+00:00,5.032935909515361e-07,1.849413599521472e-07,-,0
2026-08-01 15:06:00+00:00,1.2872651624399298e-07,1e-10,-,0
2026-08-01 15:07:00+00:00,2.3962045086302525e-06,1.993417126670057e-06,-,0
2026-08-01 15:08:00+00:00,1.19843724381202e-06,1e-10,-,0
2026-08-01 15:09:00+00:00,1e-10,1e-10,-,0
2026-08-01 15:10:00+00:00,1e-10,1e-10,-,0
2026-08-01 15:11:00+00:00,1e-10,1.1907850778270649e-06,-,0
2026-08-01 15:12:00+00:00,1e-10,1e-10,-,0
2026-08-01 15:13:00+00:00,1e-10,1.8415076847627201e-06,-,0
2026-08-01 15:14:00+00:00,1e-10,8.989199370306146e-07,-,0
2026-08-01 15:15:00+00:00,1e-10,1e-10,-,0
2026-08-01 15:16:00+00:00,1e-10,1e-10,-,0
2026-08-01 15:17:00+00:00,1.9592216584422852e-07,1e-10,-,0
2026-08-01 15:18:00+00:00,1e-10,1.550949230675324e-06,-,0
2026-08-01 15:19:00+00:00,1e-10,9.501893277796794e-07,-,0
2026-08-01 15:20:00+00:00,1.3774461757599379e-06,1e-10,-,0
2026-08-01 15:21:00+00:00,4.762608709246117e-07,5.911521463584356e-07,-,0
2026-08-01 15:22:00+00:00,1e-10,1e-10,-,0
2026-08-01 15:23:00+00:00,1e-10,1e-10,-,0
2026-08-01 15:24:00+00:00,1e-10,1e-10,-,0
2026-08-01 15:25:00+00:00,1e-10,1e-10,-,0
2026-08-01 15:26:00+00:00,1.1928274533911427e-06,1e-10,-,0
2026-08-01 15:27:00+00:00,1.0756207421405789e-06,2.52246259411776e-07,-,0
2026-08-01 15:28:00+00:00,1e-10,9.917504403667053e-08,-,0
2026-08-01 15:29:00+00:00,1.5462802930133377e-06,1e-10,-,0
2026-08-01 15:30:00+00:00,7.134631465494763e-07,4.544139691243478e-08,-,0
2026-08-01 15:31:00+00:00,2.583734516617183e-07,1e-10,-,0
2026-08-01 15:32:00+00:00,9.894735291280723e-07,1e-10,-,0
2026-08-01 15:33:00+00:00,7.175693104563902e-07,1e-10,-,0
2026-08-01 15:34:00+00:00,2.0466479062994475e-07,1e-10,-,0
2026-08-01 15:35:00+00:00,1e-10,7.077012834580814e-07,-,0
2026-08-01 15:36:00+00:00,1e-10,1e-10,-,0
2026-08-01 15:37:00+00:00,1e-10,1e-10,-,0
2026-08-01 15:38:00+00:00,1e-10,3.485991874774354e-08,-,0
2026-08-01 15:39:00+00:00,2.0260932907364926e-06,1e-10,-,0
2026-08-01 15:40:00+00:00,1e-10,1e-10,-,0
2026-08-01 15:41:00+00:00,1e-10,3.129622640350773e-08,-,0
2026-08-01 15:42:00+00:00,1.0330933986676753e-06,1.7839589707290167e-07,-,0
2026-08-01 15:43:00+00:00,3.092699967604964e-07,3.831140315252969e-07,-,0
2026-08-01 15:44:00+00:00,3.7221668585716576e-07,1e-10,-,0
2026-08-01 15:45:00+00:00,1e-10,1e-10,-,0
2026-08-01 15:46:00+00:00,1.0398900699722474e-06,1e-10,-,0
2026-08-01 15:47:00+00:00,1.7283849289794805e-06,2.093170882424589e-07,-,0
2026-08-01 15:48:00+00:00,1e-10,1e-10,-,0
2026-08-01 15:49:00+00:00,7.335231930027563e-07,1e-10,-,0
2026-08-01 15:50:00+00:00,1.2727701888598202e-06,2.4672301239612418e-06,-,0
2026-08-01 15:51:00+00:00,1e-10,1e-10,-,0
2026-08-01 15:52:00+00:00,1.7044720468827872e-06,1e-10,-,0
2026-08-01 15:53:00+00:00,1.2677183410492955e-06,1e-10,-,0
2026-08-01 15:54:00+00:00,1e-10,9.690014061511907e-07,-,0
2026-08-01 15:55:00+00:00,1.7974231412277993e-06,6.411241803515346e-07,-,0
2026-08-01 15:56:00+00:00,1e-10,1.998357693739672e-06,-,0
2026-08-01 15:57:00+00:00,1e-10,1e-10,-,0
2026-08-01 15:58:00+00:00,7.866807500816228e-07,1e-10,-,0
2026-08-01 15:59:00+00:00,1.1884742989139889e-06,1.1360473976880975e-06,-,0
2026-08-01 16:00:00+00:00,1.4293437803769635e-07,1e-10,-,0
2026-08-01 16:01:00+00:00,1e-10,1.29969400044667e-06,-,0
2026-08-01 16:02:00+00:00,1e-10,4.394459178674341e-08,-,0
2026-08-01 16:03:00+00:00,1e-10,1e-10,-,0
2026-08-01 16:04:00+00:00,9.622182044293505e-07,1e-10,-,0
2026-08-01 16:05:00+00:00,1e-10,5.87312537883364e-07,-,0
2026-08-01 16:06:00+00:00,1e-10,1.653508702556283e-06,-,0
2026-08-01 16:07:00+00:00,1e-10,3.8452769876904427e-07,-,0
2026-08-01 16:08:00+00:00,1e-10,4.47163651915737e-07,-,0
2026-08-01 16:09:00+00:00,1e-10,2.992566808358331e-07,-,0
2026-08-01 16:10:00+00:00,1e-10,1.0338060536266748e-06,-,0
2026-08-01 16:11:00+00:00,1e-10,1.3749080949286377e-06,-,0
2026-08-01 16:12:00+00:00,1.1201541060351276e-06,1e-10,-,0
2026-08-01 16:13:00+00:00,1e-10,1e-10,-,0
2026-08-01 16:14:00+00:00,1e-10,1e-10,-,0
2026-08-01 16:15:00+00:00,1.7729882168368256e-06,2.164934187372143e-07,-,0
2026-08-01 16:16:00+00:00,9.709235548853618e-07,1e-10,-,0
2026-08-01 16:17:00+00:00,1.172488487882956e-06,5.027954705635357e-07,-,0
2026-08-01 16:18:00+00:00,5.912365810975513e-07,3.77922728798292e-07,-,0
2026-08-01 16:19:00+00:00,1.4839631572856095e-06,1e-10,-,0
2026-08-01 16:20:00+00:00,1.0103590603724038e-06,1e-10,-,0
2026-08-01 16:21:00+00:00,1e-10,8.497291085761964e-07,-,0
2026-08-01 16:22:00+00:00,1e-10,1e-10,-,0
2026-08-01 16:23:00+00:00,1e-10,1.924967930544011e-06,-,0
2026-08-01 16:24:00+00:00,1e-10,9.568514674198972e-07,-,0
2026-08-01 16:25:00+00:00,1e-10,1e-10,-,0
2026-08-01 16:26:00+00:00,1e-10,1e-10,-,0
2026-08-01 16:27:00+00:00,1e-10,2.727332566370972e-07,-,0
2026-08-01 16:28:00+00:00,1.582516605941981e-06,1e-10,-,0
2026-08-01 16:29:00+00:00,1e-10,1e-10,-,0
2026-08-01 16:30:00+00:00,6.640593213125871e-08,1e-10,-,0
2026-08-01 16:31:00+00:00,1e-10,3.9110572190229004e-07,-,0
2026-08-01 16:32:00+00:00,1e-10,2.6987997459957167e-08,-,0
2026-08-01 16:33:00+00:00,1.0612764421485293e-06,8.491687391383745e-07,-,0
2026-08-01 16:34:00+00:00,1e-10,1e-10,-,0
2026-08-01 16:35:00+00:00,1e-10,1e-10,-,0
2026-08-01 16:36:00+00:00,1.9512764397826792e-07,1.584224655200152e-07,-,0
2026-08-01 16:37:00+00:00,8.074649906525251e-07,4.1021147097282814e-07,-,0
2026-08-01 16:38:00+00:00,1e-10,7.503931764087478e-09,-,0
2026-08-01 16:39:00+00:00,1.428200914167936e-06,1.3769763884437699e-06,-,0
2026-08-01 16:40:00+00:00,1e-10,1e-10,-,0
2026-08-01 16:41:00+00:00,5.68441372079909e-07,1.020318857900336e-06,-,0
2026-08-01 16:42:00+00:00,1e-10,1e-10,-,0
2026-08-01 16:43:00+00:00,8.521088176979813e-07,7.351554194110971e-07,-,0
2026-08-01 16:44:00+00:00,2.2761408035787924e-06,1e-10,-,0
2026-08-01 16:45:00+00:00,1e-10,1e-10,-,0
2026-08-01 16:46:00+00:00,1.5905497054983405e-08,1.069772685386204e-06,-,0
2026-08-01 16:47:00+00:00,1e-10,1e-10,-,0
2026-08-01 16:48:00+00:00,1e-10,1e-10,-,0
2026-08-01 16:49:00+00:00,1e-10,2.9882859059694234e-07,-,0
2026-08-01 16:50:00+00:00,1.2465982202885747e-08,1e-10,-,0
2026-08-01 16:51:00+00:00,1e-10,3.2028307452703384e-07,-,0
2026-08-01 16:52:00+00:00,1e-10,1e-10,-,0
2026-08-01 16:53:00+00:00,1e-10,1.0349462146467685e-06,-,0
2026-08-01 16:54:00+00:00,1.5681552951253605e-06,1e-10,-,0
2026-08-01 16:55:00+00:00,1.8534935871789684e-06,2.76981219578222e-07,-,0
2026-08-01 16:56:00+00:00,7.514497793446127e-07,1e-10,-,0
2026-08-01 16:57:00+00:00,1e-10,8.563999277198569e-07,-,0
2026-08-01 16:58:00+00:00,1e-10,1e-10,-,0
2026-08-01 16:59:00+00:00,1e-10,1e-10,-,0
2026-08-01 17:00:00+00:00,7.405349710549571e-07,1e-10,-,0
2026-08-01 17:01:00+00:00,1.4358091992157549e-06,6.975756379773257e-07,-,0
2026-08-01 17:02:00+00:00,2.1804352188506134e-07,9.779644791172979e-08,-,0
2026-08-01 17:03:00+00:00,9.810876618134318e-07,7.39125248933526e-07,-,0
2026-08-01 17:04:00+00:00,5.213248501693041e-07,1e-10,-,0
2026-08-01 17:05:00+00:00,1e-10,1.2974868032031646e-06,-,0
2026-08-01 17:06:00+00:00,1.150715325253371e-06,1.5184300913619202e-06,-,0
2026-08-01 17:07:00+00:00,1.0834027628692728e-06,1e-10,-,0
2026-08-01 17:08:00+00:00,1e-10,6.02871884724553e-07,-,0
2026-08-01 17:09:00+00:00,9.255009375223881e-07,1.6343628183018762e-06,-,0
2026-08-01 17:10:00+00:00,1e-10,4.783442159167351e-07,-,0
2026-08-01 17:11:00+00:00,1e-10,1e-10,-,0
2026-08-01 17:12:00+00:00,4.659629747099443e-07,1e-10,-,0
2026-08-01 17:13:00+00:00,4.3275934406956175e-07,1e-10,-,0
2026-08-01 17:14:00+00:00,1.0152020549822953e-06,1e-10,-,0
2026-08-01 17:15:00+00:00,1e-10,9.272829658550278e-07,-,0
2026-08-01 17:16:00+00:00,6.601529898943363e-07,1.0579296836160761e-06,-,0
2026-08-01 17:17:00+00:00,1e-10,1e-10,-,0
2026-08-01 17:18:00+00:00,1e-10,1e-10,-,0
2026-08-01 17:19:00+00:00,1e-10,1e-10,-,0
2026-08-01 17:20:00+00:00,1.108126277430992e-06,6.019786255256023e-07,-,0
2026-08-01 17:21:00+00:00,4.569037403763719e-08,5.067357563873497e-07,-,0
2026-08-01 17:22:00+00:00,1e-10,1e-10,-,0
2026-08-01 17:23:00+00:00,1.6060841179638704e-06,5.261972481603886e-07,-,0
2026-08-01 17:24:00+00:00,1e-10,9.184275301533552e-07,-,0
2026-08-01 17:25:00+00:00,1e-10,1e-10,-,0
2026-08-01 17:26:00+00:00,1e-10,1e-10,-,0
2026-08-01 17:27:00+00:00,1e-10,2.7236748924772267e-06,-,0
2026-08-01 17:28:00+00:00,1e-10,3.1085272941392183e-08,-,0
2026-08-01 17:29:00+00:00,1e-10,2.512844436413251e-06,-,0
2026-08-01 17:30:00+00:00,2.9942794626547335e-07,2.2053639549281765e-07,-,0
2026-08-01 17:31:00+00:00,1e-10,1.2052223760965827e-06,-,0
2026-08-01 17:32:00+00:00,1e-10,1e-10,-,0
2026-08-01 17:33:00+00:00,1e-10,1e-10,-,0
2026-08-01 17:34:00+00:00,1e-10,1e-10,-,0
2026-08-01 17:35:00+00:00,1e-10,5.858190426323544e-07,-,0
2026-08-01 17:36:00+00:00,2.404740544441324e-06,1e-10,-,0
2026-08-01 17:37:00+00:00,1.6987438849126897e-06,1e-10,-,0
2026-08-01 17:38:00+00:00,1.5184337848590984e-06,1e-10,-,0
2026-08-01 17:39:00+00:00,1e-10,2.731657925705854e-08,-,0
2026-08-01 17:40:00+00:00,1e-10,8.418992888980231e-07,-,0
2026-08-01 17:41:00+00:00,1e-10,1e-10,-,0
2026-08-01 17:42:00+00:00,2.077840341418137e-06,1e-10,-,0
2026-08-01 17:43:00+00:00,9.531101934821048e-07,1.703847845273869e-06,-,0
2026-08-01 17:44:00+00:00,1e-10,1e-10,-,0
2026-08-01 17:45:00+00:00,4.423678162503058e-07,2.01773732183613e-06,-,0
2026-08-01 17:46:00+00:00,1e-10,1e-10,-,0
2026-08-01 17:47:00+00:00,1e-10,1e-10,-,0
2026-08-01 17:48:00+00:00,1e-10,4.129936981760851e-07,-,0
2026-08-01 17:49:00+00:00,8.533493621807392e-07,1.094831578814694e-06,-,0
2026-08-01 17:50:00+00:00,1.1257552125120844e-06,1e-10,-,0
2026-08-01 17:51:00+00:00,5.541959952116203e-08,1.8751255861747212e-07,-,0
2026-08-01 17:52:00+00:00,1e-10,1e-10,-,0
2026-08-01 17:53:00+00:00,1e-10,1.1131065436057856e-06,-,0
2026-08-01 17:54:00+00:00,1.7636393172007747e-06,1e-10,-,0
2026-08-01 17:55:00+00:00,1e-10,1e-10,-,0
2026-08-01 17:56:00+00:00,1.4525036002990856e-07,4.123503800927622e-07,-,0
2026-08-01 17:57:00+00:00,2.5350444746532153e-06,1e-10,-,0
2026-08-01 17:58:00+00:00,1e-10,1.985715506376686e-06,-,0
2026-08-01 17:59:00+00:00,5.483790354646903e-08,1.07842458778356e-06,-,0
2026-08-01 18:00:00+00:00,5.855542191369754e-07,1e-10,-,0
2026-08-01 18:01:00+00:00,1.2438193536619487e-06,1.0906631308993136e-06,-,0
2026-08-01 18:02:00+00:00,3.4838789838719717e-08,1.1201953832683384e-07,-,0
2026-08-01 18:03:00+00:00,1.3354625710046433e-06,8.00564908990478e-07,-,0
2026-08-01 18:04:00+00:00,1e-10,1e-10,-,0
2026-08-01 18:05:00+00:00,6.401991759753012e-07,1e-10,-,0
2026-08-01 18:06:00+00:00,4.932685060993975e-07,7.310095548356502e-07,-,0
2026-08-01 18:07:00+00:00,1e-10,8.1960693582344e-07,-,0
2026-08-01 18:08:00+00:00,3.9225853145448083e-07,1e-10,-,0
2026-08-01 18:09:00+00:00,1e-10,6.516464167412768e-07,-,0
2026-08-01 18:10:00+00:00,1e-10,1e-10,-,0
2026-08-01 18:11:00+00:00,1e-10,2.6673655531881125e-07,-,0
2026-08-01 18:12:00+00:00,1e-10,1e-10,-,0
2026-08-01 18:13:00+00:00,1.2951146275781056e-06,9.91120991092007e-07,-,0
2026-08-01 18:14:00+00:00,4.939337226772229e-07,7.591199052418805e-07,-,0
2026-08-01 18:15:00+00:00,3.7464254642962273e-07,1e-10,-,0
2026-08-01 18:16:00+00:00,1e-10,4.5355179714478047e-07,-,0
2026-08-01 18:17:00+00:00,3.8963257655586384e-07,1e-10,-,0
2026-08-01 18:18:00+00:00,1e-10,6.804560102147316e-07,-,0
2026-08-01 18:19:00+00:00,6.251415008657298e-07,1e-10,-,0
2026-08-01 18:20:00+00:00,1.5630046824776274e-06,1e-10,-,0
2026-08-01 18:21:00+00:00,1e-10,1e-10,-,0
2026-08-01 18:22:00+00:00,1e-10,1e-10,-,0
2026-08-01 18:23:00+00:00,1.0511205618823133e-06,1.8272389764315546e-06,-,0
2026-08-01 18:24:00+00:00,1e-10,1.985631507845418e-07,-,0
2026-08-01 18:25:00+00:00,1.3095851573216285e-07,1.0609283997709811e-06,-,0
2026-08-01 18:26:00+00:00,1e-10,1e-10,-,0
2026-08-01 18:27:00+00:00,1e-10,1e-10,-,0
2026-08-01 18:28:00+00:00,1.4798120853204966e-06,1e-10,-,0
2026-08-01 18:29:00+00:00,4.0686616264651287e-07,1e-10,-,0
2026-08-01 18:30:00+00:00,1.032467686328358e-06,7.497580380955507e-07,-,0
2026-08-01 18:31:00+00:00,1.0947166005705596e-06,1e-10,-,0
2026-08-01 18:32:00+00:00,1.5277019969211075e-06,1e-10,-,0
2026-08-01 18:33:00+00:00,1e-10,6.543228978289591e-07,-,0
2026-08-01 18:34:00+00:00,1.0797040320717058e-06,1e-10,-,0
2026-08-01 18:35:00+00:00,2.5222366010136074e-06,1e-10,-,0
2026-08-01 18:36:00+00:00,3.2845709740151384e-09,1e-10,-,0
2026-08-01 18:37:00+00:00,1e-10,2.0435164648772974e-06,-,0
2026-08-01 18:38:00+00:00,1e-10,9.877610039118098e-07,-,0
2026-08-01 18:39:00+00:00,5.488687399912537e-07,2.125066567381439e-06,-,0
2026-08-01 18:40:00+00:00,1e-10,1e-10,-,0
2026-08-01 18:41:00+00:00,1e-10,4.409680291455543e-07,-,0
2026-08-01 18:42:00+00:00,1e-10,1e-10,-,0
2026-08-01 18:43:00+00:00,1.5922386531672694e-07,1e-10,-,0
2026-08-01 18:44:00+00:00,2.0199649592259356e-06,1e-10,-,0
2026-08-01 18:45:00+00:00,7.952700224310461e-07,1.4577512209015979e-06,-,0
2026-08-01 18:46:00+00:00,1e-10,1e-10,-,0
2026-08-01 18:47:00+00:00,4.317026394614417e-06,9.994648430654741e-07,-,0
2026-08-01 18:48:00+00:00,1.5272695251787428e-08,1e-10,-,0
2026-08-01 18:49:00+00:00,1e-10,1e-10,-,0
2026-08-01 18:50:00+00:00,1e-10,1e-10,-,0
2026-08-01 18:51:00+00:00,1e-10,6.073809707050871e-08,-,0
2026-08-01 18:52:00+00:00,1e-10,1e-10,-,0
2026-08-01 18:53:00+00:00,6.037485120714665e-07,9.486993908538189e-09,-,0
2026-08-01 18:54:00+00:00,1e-10,1e-10,-,0
2026-08-01 18:55:00+00:00,1.119485621202672e-06,1e-10,-,0
2026-08-01 18:56:00+00:00,9.380010794971452e-07,1e-10,-,0
2026-08-01 18:57:00+00:00,1e-10,9.014384281859893e-07,-,0
2026-08-01 18:58:00+00:00,1.0461362810140862e-06,1.6220887245288404e-06,-,0
2026-08-01 18:59:00+00:00,1e-10,1e-10,-,0
2026-08-01 19:00:00+00:00,1e-10,8.351813933359857e-07,-,0
2026-08-01 19:01:00+00:00,6.460695679840661e-07,3.92209187005905e-07,-,0
2026-08-01 19:02:00+00:00,1e-10,1.3096058916190737e-06,-,0
2026-08-01 19:03:00+00:00,1e-10,1.3506457446766012e-06,-,0
2026-08-01 19:04:00+00:00,1e-10,1e-10,-,0
2026-08-01 19:05:00+00:00,1.4937051944796093e-06,2.1994172173074199e-07,-,0
2026-08-01 19:06:00+00:00,1.4481583496293836e-06,9.623415151075156e-07,-,0
2026-08-01 19:07:00+00:00,5.041398598325557e-07,9.65683901622039e-07,-,0
2026-08-01 19:08:00+00:00,1e-10,8.607190601566622e-07,-,0
2026-08-01 19:09:00+00:00,6.102714589454817e-07,1e-10,-,0
2026-08-01 19:10:00+00:00,1e-10,7.605669042045864e-07,-,0
2026-08-01 19:11:00+00:00,1.3265194004924889e-06,1e-10,-,0
2026-08-01 19:12:00+00:00,1.0810793350090268e-06,1e-10,-,0
2026-08-01 19:13:00+00:00,2.1688809751930378e-06,1.6887427396985264e-06,-,0
2026-08-01 19:14:00+00:00,1e-10,1.2213137734453193e-06,-,0
2026-08-01 19:15:00+00:00,1e-10,1.7721111760387056e-06,-,0
2026-08-01 19:16:00+00:00,6.417627198843017e-07,1e-10,-,0
2026-08-01 19:17:00+00:00,1e-10,1e-10,-,0
2026-08-01 19:18:00+00:00,1.1419056705450715e-06,1e-10,-,0
2026-08-01 19:19:00+00:00,1.492549111744918e-06,2.169078737594793e-06,-,0
2026-08-01 19:20:00+00:00,1.9194394032822145e-06,1e-10,-,0
2026-08-01 19:21:00+00:00,9.794845211415524e-08,1e-10,-,0
2026-08-01 19:22:00+00:00,1.0059303905209762e-06,1.3647050981778688e-06,-,0
2026-08-01 19:23:00+00:00,1e-10,9.506107935550064e-08,-,0
2026-08-01 19:24:00+00:00,2.759615165803537e-07,1e-10,-,0
2026-08-01 19:25:00+00:00,1e-10,8.48709052068928e-07,-,0
2026-08-01 19:26:00+00:00,1e-10,1e-10,-,0
2026-08-01 19:27:00+00:00,2.053735991636598e-06,5.377600505788101e-07,-,0
2026-08-01 19:28:00+00:00,1e-10,1e-10,-,0
2026-08-01 19:29:00+00:00,3.257890800879701e-08,1e-10,-,0
2026-08-01 19:30:00+00:00,9.736506995828266e-08,1e-10,-,0
2026-08-01 19:31:00+00:00,7.45166498973319e-07,1.4953710481972135e-06,-,0
2026-08-01 19:32:00+00:00,1e-10,1e-10,-,0
2026-08-01 19:33:00+00:00,1e-10,1e-10,-,0
2026-08-01 19:34:00+00:00,1e-10,2.843896272984395e-07,-,0
2026-08-01 19:35:00+00:00,1e-10,1e-10,-,0
2026-08-01 19:36:00+00:00,1.321615429908317e-06,1e-10,-,0
2026-08-01 19:37:00+00:00,1e-10,7.748756205829821e-07,-,0
2026-08-01 19:38:00+00:00,1e-10,3.020923211309025e-07,-,0
2026-08-01 19:39:00+00:00,1.0843614294245385e-06,3.875175232281615e-07,-,0
2026-08-01 19:40:00+00:00,1e-10,1e-10,-,0
2026-08-01 19:41:00+00:00,1e-10,1.7094416020391543e-06,-,0
2026-08-01 19:42:00+00:00,1e-10,1e-10,-,0
2026-08-01 19:43:00+00:00,1.226330780956218e-06,1.6023636145141713e-06,-,0
2026-08-01 19:44:00+00:00,1e-10,1e-10,-,0
2026-08-01 19:45:00+00:00,6.917774828823491e-07,1e-10,-,0
2026-08-01 19:46:00+00:00,1e-10,1.7061445301641315e-06,-,0
2026-08-01 19:47:00+00:00,4.0051955491817023e-07,1e-10,-,0
2026-08-01 19:48:00+00:00,1.0352732200647113e-06,1e-10,-,0
2026-08-01 19:49:00+00:00,1.5854231327379725e-06,1e-10,-,0
2026-08-01 19:50:00+00:00,1e-10,3.1782720124340724e-07,-,0
2026-08-01 19:51:00+00:00,1e-10,1.6085252995534716e-06,-,0
2026-08-01 19:52:00+00:00,1.8042649101186606e-06,1e-10,-,0
2026-08-01 19:53:00+00:00,1.0562129927268204e-06,1.228155270856126e-06,-,0
2026-08-01 19:54:00+00:00,1e-10,4.459594266902851e-07,-,0
2026-08-01 19:55:00+00:00,3.8258542075858185e-08,1e-10,-,0
2026-08-01 19:56:00+00:00,3.654589804572098e-07,8.838490802782128e-07,-,0
2026-08-01 19:57:00+00:00,1e-10,1.0776603143474543e-06,-,0
2026-08-01 19:58:00+00:00,6.379849645060433e-07,1e-10,-,0
2026-08-01 19:59:00+00:00,5.758394126107746e-07,1e-10,-,0
2026-08-01 20:00:00+00:00,1e-10,1e-10,-,0
2026-08-01 20:01:00+00:00,1e-10,4.716768326951195e-07,-,0
2026-08-01 20:02:00+00:00,1e-10,1e-10,-,0
2026-08-01 20:03:00+00:00,1e-10,5.894744880724896e-07,-,0
2026-08-01 20:04:00+00:00,3.342222125153616e-07,3.3169697581687156e-07,-,0
2026-08-01 20:05:00+00:00,2.2921582538328133e-07,3.9804083836626446e-07,-,0
2026-08-01 20:06:00+00:00,1e-10,1e-10,-,0
2026-08-01 20:07:00+00:00,1.5201317671193823e-06,1e-10,-,0
2026-08-01 20:08:00+00:00,4.0208645460805804e-08,5.332317512863996e-07,-,0
2026-08-01 20:09:00+00:00,1.6541190283735614e-06,9.406747427798816e-07,-,0
2026-08-01 20:10:00+00:00,1.6298939703496738e-06,2.6014375108276504e-06,-,0
2026-08-01 20:11:00+00:00,1e-10,1e-10,-,0
2026-08-01 20:12:00+00:00,1e-10,1e-10,-,0
2026-08-01 20:13:00+00:00,1e-10,1e-10,-,0
2026-08-01 20:14:00+00:00,3.8383918738083315e-07,1e-10,-,0
2026-08-01 20:15:00+00:00,8.393134704038572e-07,9.015117616315195e-07,-,0
2026-08-01 20:16:00+00:00,1.9458153611610476e-07,1.0015348693579254e-06,-,0
2026-08-01 20:17:00+00:00,1e-10,1.7571199771254033e-06,-,0
2026-08-01 20:18:00+00:00,1.8615987335364807e-06,4.349672925569153e-07,-,0
2026-08-01 20:19:00+00:00,1e-10,1e-10,-,0
2026-08-01 20:20:00+00:00,8.54926326415062e-07,2.7200940572125223e-07,-,0
2026-08-01 20:21:00+00:00,1e-10,1e-10,-,0
2026-08-01 20:22:00+00:00,1e-10,1e-10,-,0
2026-08-01 20:23:00+00:00,7.794841162415237e-07,1e-10,-,0
2026-08-01 20:24:00+00:00,1.7452044288137325e-06,5.185278165631009e-07,-,0
2026-08-01 20:25:00+00:00,3.7150976649087817e-07,4.958621411322271e-07,-,0
2026-08-01 20:26:00+00:00,1e-10,1e-10,-,0
2026-08-01 20:27:00+00:00,1.672477988646929e-06,1e-10,-,0
2026-08-01 20:28:00+00:00,5.792846792985837e-07,7.668074413930601e-08,-,0
2026-08-01 20:29:00+00:00,2.260507914070971e-07,5.366881689127274e-07,-,0
2026-08-01 20:30:00+00:00,1.1700793372976092e-06,8.274788945032174e-07,-,0
2026-08-01 20:31:00+00:00,3.8891975246227444e-07,1e-10,-,0
2026-08-01 20:32:00+00:00,2.750967469994683e-06,1e-10,-,0
2026-08-01 20:33:00+00:00,3.808112552923038e-08,1e-10,-,0
2026-08-01 20:34:00+00:00,1.3092567903221962e-06,1e-10,-,0
2026-08-01 20:35:00+00:00,5.2352270736113e-07,1e-10,-,0
2026-08-01 20:36:00+00:00,5.171418703889189e-07,1e-10,-,0
2026-08-01 20:37:00+00:00,1e-10,1.4338693456297337e-06,-,0
2026-08-01 20:38:00+00:00,1e-10,1.5869789542724849e-06,-,0
2026-08-01 20:39:00+00:00,5.812900811707831e-07,6.38879789592033e-07,-,0
2026-08-01 20:40:00+00:00,1e-10,1.1278360542387614e-06,-,0
2026-08-01 20:41:00+00:00,1e-10,9.092179433423626e-07,-,0
2026-08-01 20:42:00+00:00,4.9339199045407276e-08,1.9928542444561326e-07,-,0
2026-08-01 20:43:00+00:00,1.4073723733393135e-06,1e-10,-,0
2026-08-01 20:44:00+00:00,1.1920916857312927e-07,2.5342934645610408e-06,-,0
2026-08-01 20:45:00+00:00,1.0864922324925614e-07,1e-10,-,0
2026-08-01 20:46:00+00:00,1e-10,1e-10,-,0
2026-08-01 20:47:00+00:00,1.9125650336917293e-06,1.6364103790739085e-06,-,0
2026-08-01 20:48:00+00:00,1.259597755124174e-06,1.8389328243573438e-07,-,0
2026-08-01 20:49:00+00:00,1.3846170424071292e-06,2.8172849024638418e-06,-,0
2026-08-01 20:50:00+00:00,1e-10,1e-10,-,0
2026-08-01 20:51:00+00:00,4.212554024402133e-07,1.1618491377032841e-06,-,0
2026-08-01 20:52:00+00:00,1e-10,1e-10,-,0
2026-08-01 20:53:00+00:00,8.878766477419209e-07,1.1707396539855645e-07,-,0
2026-08-01 20:54:00+00:00,3.923600538722471e-07,1e-10,-,0
2026-08-01 20:55:00+00:00,6.087857129612544e-07,1e-10,-,0
2026-08-01 20:56:00+00:00,1e-10,1.4459089814886072e-06,-,0
2026-08-01 20:57:00+00:00,1e-10,5.831307860085327e-07,-,0
2026-08-01 20:58:00+00:00,1e-10,4.774489953915633e-07,-,0
2026-08-01 20:59:00+00:00,3.7364883088117955e-07,1e-10,-,0
2026-08-01 21:00:00+00:00,1e-10,1e-10,-,0
2026-08-01 21:01:00+00:00,3.154416946713946e-07,1e-10,-,0
2026-08-01 21:02:00+00:00,1e-10,1e-10,-,0
2026-08-01 21:03:00+00:00,2.571177416228803e-08,1e-10,-,0
2026-08-01 21:04:00+00:00,1.580101150152272e-06,3.5790823409611553e-07,-,0
2026-08-01 21:05:00+00:00,4.0250587397867895e-07,1.1462834490956331e-06,-,0
2026-08-01 21:06:00+00:00,4.7338377067237066e-07,1.6476783277551646e-06,-,0
2026-08-01 21:07:00+00:00,4.8258208655227e-07,2.2217075831476208e-07,-,0
2026-08-01 21:08:00+00:00,1e-10,1e-10,-,0
2026-08-01 21:09:00+00:00,1.8407034191988747e-06,8.194435283324417e-07,-,0
2026-08-01 21:10:00+00:00,4.2794074441051987e-07,2.108912867526813e-07,-,0
2026-08-01 21:11:00+00:00,2.2750431119859335e-07,5.260012881275545e-07,-,0
2026-08-01 21:12:00+00:00,7.926769137923843e-07,1.3527677900527846e-06,-,0
2026-08-01 21:13:00+00:00,1.0745618406502571e-06,1e-10,-,0
2026-08-01 21:14:00+00:00,1e-10,1.6312686215289602e-06,-,0
2026-08-01 21:15:00+00:00,9.491143764864324e-08,1e-10,-,0
2026-08-01 21:16:00+00:00,2.5081960855793833e-06,8.191980397536094e-07,-,0
2026-08-01 21:17:00+00:00,1.8712724173505617e-06,1e-10,-,0
2026-08-01 21:18:00+00:00,1e-10,2.55708492675325e-07,-,0
2026-08-01 21:19:00+00:00,8.420232948167265e-07,3.723653568233433e-07,-,0
2026-08-01 21:20:00+00:00,1e-10,1e-10,-,0
2026-08-01 21:21:00+00:00,4.243914050926369e-07,1e-10,-,0
2026-08-01 21:22:00+00:00,1e-10,1e-10,-,0
2026-08-01 21:23:00+00:00,1e-10,3.256535411986966e-07,-,0
2026-08-01 21:24:00+00:00,1e-10,7.138781975667554e-07,-,0
2026-08-01 21:25:00+00:00,1.897841635508967e-06,2.036928796661645e-06,-,0
2026-08-01 21:26:00+00:00,1e-10,1e-10,-,0
2026-08-01 21:27:00+00:00,1.2951085631661116e-06,1e-10,-,0
2026-08-01 21:28:00+00:00,1e-10,5.327220124924305e-07,-,0
2026-08-01 21:29:00+00:00,1e-10,1e-10,-,0
2026-08-01 21:30:00+00:00,4.606230664472819e-07,1.7943293846248013e-06,-,0
2026-08-01 21:31:00+00:00,1e-10,8.509225054794316e-07,-,0
2026-08-01 21:32:00+00:00,7.699369120662436e-07,1e-10,-,0
2026-08-01 21:33:00+00:00,1e-10,1e-10,-,0
2026-08-01 21:34:00+00:00,1e-10,1e-10,-,0
2026-08-01 21:35:00+00:00,1e-10,5.975737766805549e-07,-,0
2026-08-01 21:36:00+00:00,2.217737090063862e-06,1e-10,-,0
2026-08-01 21:37:00+00:00,1e-10,8.356383110831178e-07,-,0
2026-08-01 21:38:00+00:00,1e-10,1.0522564865950514e-06,-,0
2026-08-01 21:39:00+00:00,1.0008822595566511e-06,1e-10,-,0
2026-08-01 21:40:00+00:00,1e-10,9.916030008393862e-07,-,0
2026-08-01 21:41:00+00:00,1.290971660002258e-06,1.3541365058500686e-06,-,0
2026-08-01 21:42:00+00:00,1e-10,6.365198509956813e-07,-,0
2026-08-01 21:43:00+00:00,1e-10,6.133072556353596e-07,-,0
2026-08-01 21:44:00+00:00,1e-10,1e-10,-,0
2026-08-01 21:45:00+00:00,1e-10,2.273435966855998e-06,-,0
2026-08-01 21:46:00+00:00,1.2173749406798537e-07,1e-10,-,0
2026-08-01 21:47:00+00:00,1e-10,1e-10,-,0
2026-08-01 21:48:00+00:00,1e-10,1.0534481533036141e-06,-,0
2026-08-01 21:49:00+00:00,3.5583070397452844e-07,1e-10,-,0
2026-08-01 21:50:00+00:00,8.187058688452984e-08,1e-10,-,0
2026-08-01 21:51:00+00:00,1.3728964920698387e-06,1e-10,-,0
2026-08-01 21:52:00+00:00,1.324193235053703e-06,1e-10,-,0
2026-08-01 21:53:00+00:00,1.0424180719416754e-07,2.701192024654776e-06,-,0
2026-08-01 21:54:00+00:00,5.866500443022073e-07,1e-10,-,0
2026-08-01 21:55:00+00:00,1e-10,1.4340452398907498e-06,-,0
2026-08-01 21:56:00+00:00,8.036877776731473e-07,1e-10,-,0
2026-08-01 21:57:00+00:00,4.874620030755088e-07,1e-10,-,0
2026-08-01 21:58:00+00:00,1.0906428960589714e-06,1e-10,-,0
2026-08-01 21:59:00+00:00,1e-10,8.14983609636404e-07,-,0
2026-08-01 22:00:00+00:00,1e-10,1e-10,-,0
2026-08-01 22:01:00+00:00,1e-10,1.909177905586281e-06,-,0
2026-08-01 22:02:00+00:00,1.621907204140216e-06,5.377739489284081e-07,-,0
2026-08-01 22:03:00+00:00,3.4441221995144527e-07,1e-10,-,0
2026-08-01 22:04:00+00:00,1e-10,1e-10,-,0
2026-08-01 22:05:00+00:00,7.422558482509403e-07,1e-10,-,0
2026-08-01 22:06:00+00:00,1e-10,1.2901475122041058e-06,-,0
2026-08-01 22:07:00+00:00,1.237293629837184e-06,1e-10,-,0
2026-08-01 22:08:00+00:00,6.273556344506982e-07,1e-10,-,0
2026-08-01 22:09:00+00:00,1.4036677383950596e-06,1.2663849012840877e-06,-,0
2026-08-01 22:10:00+00:00,1.1820286039728918e-06,1e-10,-,0
2026-08-01 22:11:00+00:00,1.0727604782277082e-06,1e-10,-,0
2026-08-01 22:12:00+00:00,1.2925746383644023e-06,1e-10,-,0
2026-08-01 22:13:00+00:00,9.364668059139862e-07,1e-10,-,0
2026-08-01 22:14:00+00:00,1e-10,2.477885187602058e-07,-,0
2026-08-01 22:15:00+00:00,1e-10,7.305749216249028e-07,-,0
2026-08-01 22:16:00+00:00,1e-10,1e-10,-,0
2026-08-01 22:17:00+00:00,8.416923891521554e-07,1e-10,-,0
2026-08-01 22:18:00+00:00,1e-10,1e-10,-,0
2026-08-01 22:19:00+00:00,1.6915108371449214e-08,4.4881080270731905e-07,-,0
2026-08-01 22:20:00+00:00,1e-10,1e-10,-,0
2026-08-01 22:21:00+00:00,1.3903497775602804e-06,1e-10,-,0
2026-08-01 22:22:00+00:00,1e-10,1e-10,-,0
2026-08-01 22:23:00+00:00,1e-10,8.75639770233971e-07,-,0
2026-08-01 22:24:00+00:00,1.4876747194331445e-06,2.2972365501658064e-07,-,0
2026-08-01 22:25:00+00:00,1e-10,1e-10,-,0
2026-08-01 22:26:00+00:00,1e-10,2.898134896392889e-07,-,0
2026-08-01 22:27:00+00:00,1e-10,1e-10,-,0
2026-08-01 22:28:00+00:00,3.5055824188787445e-07,1e-10,-,0
2026-08-01 22:29:00+00:00,1e-10,1.520058051450736e-07,-,0
2026-08-01 22:30:00+00:00,1e-10,1e-10,-,0
2026-08-01 22:31:00+00:00,1.6400383867571595e-06,1e-10,-,0
2026-08-01 22:32:00+00:00,8.816298891166344e-08,1.1742138256737778e-06,-,0
2026-08-01 22:33:00+00:00,1e-10,2.7626756456834763e-06,-,0
2026-08-01 22:34:00+00:00,1e-10,1e-10,-,0
2026-08-01 22:35:00+00:00,2.537874974290108e-07,1e-10,-,0
2026-08-01 22:36:00+00:00,1e-10,1.2667391877928864e-06,-,0
2026-08-01 22:37:00+00:00,1e-10,1e-10,-,0
2026-08-01 22:38:00+00:00,1e-10,1e-10,-,0
2026-08-01 22:39:00+00:00,2.506206982449124e-07,2.011322912482361e-06,-,0
2026-08-01 22:40:00+00:00,1e-10,1e-10,-,0
2026-08-01 22:41:00+00:00,4.876910492173615e-07,1e-10,-,0
2026-08-01 22:42:00+00:00,1e-10,1e-10,-,0
2026-08-01 22:43:00+00:00,8.304735363517979e-07,7.715145134362472e-07,-,0
2026-08-01 22:44:00+00:00,5.700462406468078e-07,1e-10,-,0
2026-08-01 22:45:00+00:00,1.4731894071563155e-07,1e-10,-,0
2026-08-01 22:46:00+00:00,9.693542812186847e-07,1e-10,-,0
2026-08-01 22:47:00+00:00,1.757136439633574e-06,1e-10,-,0
2026-08-01 22:48:00+00:00,1.438526530860521e-06,2.077150282310921e-06,-,0
2026-08-01 22:49:00+00:00,1e-10,4.3662846907093315e-07,-,0
2026-08-01 22:50:00+00:00,1e-10,2.711201699508117e-07,-,0
2026-08-01 22:51:00+00:00,1e-10,3.350245764315626e-07,-,0
2026-08-01 22:52:00+00:00,7.401715116640071e-07,1e-10,-,0
2026-08-01 22:53:00+00:00,1e-10,1.438426931167248e-06,-,0
2026-08-01 22:54:00+00:00,1e-10,8.698142982328231e-07,-,0
2026-08-01 22:55:00+00:00,1e-10,1e-10,-,0
2026-08-01 22:56:00+00:00,3.6730252894777976e-07,1.0931381430386056e-06,-,0
2026-08-01 22:57:00+00:00,7.400866152143267e-07,2.6801220574632516e-07,-,0
2026-08-01 22:58:00+00:00,1e-10,5.137024451145611e-07,-,0
2026-08-01 22:59:00+00:00,1e-10,1e-10,-,0
2026-08-01 23:00:00+00:00,1e-10,6.569711043383104e-09,-,0
2026-08-01 23:01:00+00:00,1e-10,1e-10,-,0
2026-08-01 23:02:00+00:00,5.705447869787406e-07,1e-10,-,0
2026-08-01 23:03:00+00:00,3.803815430108673e-07,1.2040315718271515e-06,-,0
2026-08-01 23:04:00+00:00,2.2117875559355385e-07,1e-10,-,0
2026-08-01 23:05:00+00:00,1.7905290063790329e-06,3.3855637438718693e-06,-,0
2026-08-01 23:06:00+00:00,1e-10,1e-10,-,0
2026-08-01 23:07:00+00:00,1e-10,5.293108062975109e-07,-,0
2026-08-01 23:08:00+00:00,1e-10,2.446561787175112e-07,-,0
2026-08-01 23:09:00+00:00,1e-10,1.3098550326058082e-06,-,0
2026-08-01 23:10:00+00:00,1e-10,1.8711715276783433e-06,-,0
2026-08-01 23:11:00+00:00,6.831535641561803e-07,1e-10,-,0
2026-08-01 23:12:00+00:00,3.6706611268756004e-07,2.017363785704085e-07,-,0
2026-08-01 23:13:00+00:00,1.1725166425160383e-06,1e-10,-,0
2026-08-01 23:14:00+00:00,4.4298906109451094e-07,1e-10,-,0
2026-08-01 23:15:00+00:00,1e-10,4.263642035542603e-08,-,0
2026-08-01 23:16:00+00:00,1e-10,1e-10,-,0
2026-08-01 23:17:00+00:00,5.160248638416052e-07,1.7755527634509127e-08,-,0
2026-08-01 23:18:00+00:00,1e-10,1e-10,-,0
2026-08-01 23:19:00+00:00,1e-10,3.8483633217059575e-07,-,0
2026-08-01 23:20:00+00:00,4.660018961040218e-07,8.785227498198832e-07,-,0
2026-08-01 23:21:00+00:00,2.9128164969262313e-07,1e-10,-,0
2026-08-01 23:22:00+00:00,1.7681811448561344e-06,6.941157133153176e-07,-,0
2026-08-01 23:23:00+00:00,8.03946548029023e-07,1.7488082755624948e-06,-,0
2026-08-01 23:24:00+00:00,3.783842551767533e-07,1e-10,-,0
2026-08-01 23:25:00+00:00,1e-10,1.7733405338433315e-07,-,0
2026-08-01 23:26:00+00:00,1e-10,5.126335408683361e-07,-,0
2026-08-01 23:27:00+00:00,1e-10,8.803839697444628e-07,-,0
2026-08-01 23:28:00+00:00,1.0887894881289892e-06,1.006563746321386e-06,-,0
2026-08-01 23:29:00+00:00,5.473762680049829e-07,1.350194511720529e-06,-,0
2026-08-01 23:30:00+00:00,1.0691679619596864e-06,1.5695527150186747e-07,-,0
2026-08-01 23:31:00+00:00,1.5213613625959484e-07,1e-10,-,0
2026-08-01 23:32:00+00:00,1e-10,1e-10,-,0
2026-08-01 23:33:00+00:00,1.321680605246228e-06,1.6161904071716338e-06,-,0
2026-08-01 23:34:00+00:00,1.2185002828213744e-06,1e-10,-,0
2026-08-01 23:35:00+00:00,2.38062463851763e-07,5.851570675029178e-07,-,0
2026-08-01 23:36:00+00:00,6.468948695401036e-07,9.490195514885409e-07,-,0
2026-08-01 23:37:00+00:00,5.90885620995264e-07,6.886507315500281e-07,-,0
2026-08-01 23:38:00+00:00,1e-10,1.0432633418158701e-06,-,0
2026-08-01 23:39:00+00:00,1e-10,1e-10,-,0
2026-08-01 23:40:00+00:00,1e-10,1e-10,-,0
2026-08-01 23:41:00+00:00,1e-10,2.0329413813701696e-06,-,0
2026-08-01 23:42:00+00:00,1.175468777442117e-06,2.206963690049628e-06,-,0
2026-08-01 23:43:00+00:00,9.646131696533682e-07,1.6204015383286133e-06,-,0
2026-08-01 23:44:00+00:00,6.520351938548146e-07,6.175559006350578e-07,-,0
2026-08-01 23:45:00+00:00,1.094719001656307e-06,1e-10,-,0
2026-08-01 23:46:00+00:00,1e-10,1.5774258491572664e-07,-,0
2026-08-01 23:47:00+00:00,1e-10,1e-10,-,0
2026-08-01 23:48:00+00:00,1e-10,1.2346746542921448e-06,-,0
2026-08-01 23:49:00+00:00,1e-10,4.4113675499730546e-07,-,0
2026-08-01 23:50:00+00:00,7.846875218094091e-07,6.572215565630331e-07,-,0
2026-08-01 23:51:00+00:00,5.997876379939444e-07,1e-10,-,0
2026-08-01 23:52:00+00:00,1.1518321242659522e-06,1e-10,-,0
2026-08-01 23:53:00+00:00,1e-10,1.4713685533676553e-06,-,0
2026-08-01 23:54:00+00:00,1e-10,1e-10,-,0
2026-08-01 23:55:00+00:00,1e-10,1.0864009420563215e-06,-,0
2026-08-01 23:56:00+00:00,5.644885145036658e-07,1e-10,-,0
2026-08-01 23:57:00+00:00,2.355247495551321e-06,1.8169789171345073e-06,-,0
2026-08-01 23:58:00+00:00,1e-10,1e-10,-,0
2026-08-01 23:59:00+00:00,1e-10,1e-10,-,0
2026-08-02 00:00:00+00:00,1e-10,2.2674304595964248e-08,-,0
2026-08-02 00:01:00+00:00,1e-10,1e-10,-,0
2026-08-02 00:02:00+00:00,1e-10,4.6340278891799624e-07,-,0
2026-08-02 00:03:00+00:00,8.62607758142508e-08,9.283442468750087e-07,-,0
2026-08-02 00:04:00+00:00,1.1245538261889896e-06,4.7419152033761933e-07,-,0
2026-08-02 00:05:00+00:00,1.638782261714198e-07,2.5936917415293103e-06,-,0
2026-08-02 00:06:00+00:00,1e-10,1e-10,-,0
2026-08-02 00:07:00+00:00,1e-10,1e-10,-,0
2026-08-02 00:08:00+00:00,1e-10,1e-10,-,0
2026-08-02 00:09:00+00:00,1.1245524978967374e-06,9.935258386401446e-08,-,0
2026-08-02 00:10:00+00:00,1.6626056717953505e-06,1.344173002626445e-06,-,0
2026-08-02 00:11:00+00:00,1e-10,2.0056360377368798e-07,-,0
2026-08-02 00:12:00+00:00,2.859559200573367e-07,1e-10,-,0
2026-08-02 00:13:00+00:00,1e-10,1.6766738194477033e-06,-,0
2026-08-02 00:14:00+00:00,1.0281453927117197e-07,1e-10,-,0
2026-08-02 00:15:00+00:00,1e-10,1e-10,-,0
2026-08-02 00:16:00+00:00,1e-10,1.1204656524932038e-06,-,0
2026-08-02 00:17:00+00:00,1.3690860597533232e-06,7.246281774877246e-07,-,0
2026-08-02 00:18:00+00:00,1e-10,2.7130777760386434e-07,-,0
2026-08-02 00:19:00+00:00,1e-10,1.8155477252174937e-06,-,0
2026-08-02 00:20:00+00:00,1.597172265838982e-07,1e-10,-,0
2026-08-02 00:21:00+00:00,1e-10,3.1769856230730537e-07,-,0
2026-08-02 00:22:00+00:00,1e-10,1e-10,-,0
2026-08-02 00:23:00+00:00,1e-10,1e-10,-,0
2026-08-02 00:24:00+00:00,1e-10,1e-10,-,0
2026-08-02 00:25:00+00:00,1e-10,7.798275908104893e-07,-,0
2026-08-02 00:26:00+00:00,1e-10,1e-10,-,0
2026-08-02 00:27:00+00:00,1e-10,1e-10,-,0
2026-08-02 00:28:00+00:00,1e-10,1e-10,-,0
2026-08-02 00:29:00+00:00,1e-10,1e-10,-,0
2026-08-02 00:30:00+00:00,1e-10,1e-10,-,0
2026-08-02 00:31:00+00:00,7.140296983980035e-07,1e-10,-,0
2026-08-02 00:32:00+00:00,1.927061571577351e-06,1e-10,-,0
2026-08-02 00:33:00+00:00,5.087682079413819e-07,1e-10,-,0
2026-08-02 00:34:00+00:00,1e-10,1e-10,-,0
2026-08-02 00:35:00+00:00,7.711978868181877e-07,8.682430118690887e-08,-,0
2026-08-02 00:36:00+00:00,1.583753168335814e-06,6.300371648186238e-07,-,0
2026-08-02 00:37:00+00:00,1e-10,2.025501717704491e-06,-,0
2026-08-02 00:38:00+00:00,1e-10,1e-10,-,0
2026-08-02 00:39:00+00:00,1e-10,1e-10,-,0
2026-08-02 00:40:00+00:00,1e-10,1e-10,-,0
2026-08-02 00:41:00+00:00,4.462781254501455e-07,3.5320650149371257e-07,-,0
2026-08-02 00:42:00+00:00,1.675463922464548e-06,7.947602955633389e-07,-,0
2026-08-02 00:43:00+00:00,1.0201355968948356e-06,1e-10,-,0
2026-08-02 00:44:00+00:00,4.606307498650814e-07,3.6015685133442653e-07,-,0
2026-08-02 00:45:00+00:00,8.628704342949746e-08,9.717145398302844e-07,-,0
2026-08-02 00:46:00+00:00,4.6686178354598785e-07,4.788119307520099e-07,-,0
2026-08-02 00:47:00+00:00,5.387726032388147e-07,1e-10,-,0
2026-08-02 00:48:00+00:00,1.4756102093113219e-06,7.605373972533542e-07,-,0
2026-08-02 00:49:00+00:00,1.348326144644054e-08,1e-10,-,0
2026-08-02 00:50:00+00:00,3.2466506840105486e-07,1.0174126936026989e-06,-,0
2026-08-02 00:51:00+00:00,1e-10,3.989543166206715e-07,-,0
2026-08-02 00:52:00+00:00,1.6229557056210185e-07,1e-10,-,0
2026-08-02 00:53:00+00:00,1e-10,1e-10,-,0
2026-08-02 00:54:00+00:00,1e-10,2.4463608171571017e-08,-,0
2026-08-02 00:55:00+00:00,9.99030679773833e-07,1e-10,-,0
2026-08-02 00:56:00+00:00,1.6804287231628338e-06,1e-10,-,0
2026-08-02 00:57:00+00:00,1e-10,1e-10,-,0
2026-08-02 00:58:00+00:00,3.99355947926987e-07,1e-10,-,0
2026-08-02 00:59:00+00:00,9.842252709778924e-07,1e-10,-,0
2026-08-02 01:00:00+00:00,1e-10,1e-10,-,0
2026-08-02 01:01:00+00:00,2.433882121100789e-07,1e-10,-,0
2026-08-02 01:02:00+00:00,1e-10,1e-10,-,0
2026-08-02 01:03:00+00:00,1e-10,1e-10,-,0
2026-08-02 01:04:00+00:00,6.120150160396647e-07,7.254661680657e-07,-,0
2026-08-02 01:05:00+00:00,6.005438990712467e-07,1e-10,-,0
2026-08-02 01:06:00+00:00,1.0610941295075761e-06,6.541443328860472e-07,-,0
2026-08-02 01:07:00+00:00,3.191258445750284e-08,1e-10,-,0
2026-08-02 01:08:00+00:00,1e-10,1.1416686752684618e-06,-,0
2026-08-02 01:09:00+00:00,1.25910473347063e-06,9.117950705238038e-07,-,0
2026-08-02 01:10:00+00:00,1e-10,1e-10,-,0
2026-08-02 01:11:00+00:00,1e-10,1e-10,-,0
2026-08-02 01:12:00+00:00,1e-10,5.46443222188992e-07,-,0
2026-08-02 01:13:00+00:00,1e-10,1e-10,-,0
2026-08-02 01:14:00+00:00,1e-10,1e-10,-,0
2026-08-02 01:15:00+00:00,7.17880792378783e-07,8.268284053206429e-07,-,0
2026-08-02 01:16:00+00:00,1e-10,1e-10,-,0
2026-08-02 01:17:00+00:00,1.512185102138365e-06,1e-10,-,0
2026-08-02 01:18:00+00:00,1.4475560341828972e-06,1e-10,-,0
2026-08-02 01:19:00+00:00,1.0162622849673687e-06,1.051618777665829e-06,-,0
2026-08-02 01:20:00+00:00,1e-10,1e-10,-,0
2026-08-02 01:21:00+00:00,1.6170598641747628e-06,1e-10,-,0
2026-08-02 01:22:00+00:00,1e-10,5.62321167943378e-07,-,0
2026-08-02 01:23:00+00:00,1.8878289853766342e-06,1e-10,-,0
2026-08-02 01:24:00+00:00,1e-10,1e-10,-,0
2026-08-02 01:25:00+00:00,1e-10,1.004128566056852e-06,-,0
2026-08-02 01:26:00+00:00,1.315041924438055e-07,7.61734192996947e-07,-,0
2026-08-02 01:27:00+00:00,1e-10,2.571125790762022e-07,-,0
2026-08-02 01:28:00+00:00,1e-10,1e-10,-,0
2026-08-02 01:29:00+00:00,1e-10,6.578951885782649e-07,-,0
2026-08-02 01:30:00+00:00,3.303090136754492e-06,1e-10,-,0
2026-08-02 01:31:00+00:00,1e-10,5.520747924895091e-07,-,0
2026-08-02 01:32:00+00:00,1e-10,1e-10,-,0
2026-08-02 01:33:00+00:00,6.659713287497973e-07,1.0520626889186227e-06,-,0
2026-08-02 01:34:00+00:00,1e-10,1e-10,-,0
2026-08-02 01:35:00+00:00,1e-10,4.863902854480225e-07,-,0
2026-08-02 01:36:00+00:00,1e-10,1.0463915974884517e-06,-,0
2026-08-02 01:37:00+00:00,3.597122574672753e-07,4.4117047129249587e-07,-,0
2026-08-02 01:38:00+00:00,1e-10,4.366945337343194e-07,-,0
2026-08-02 01:39:00+00:00,7.487491127383524e-07,1.0313031103366752e-07,-,0
2026-08-02 01:40:00+00:00,1e-10,1e-10,-,0
2026-08-02 01:41:00+00:00,1.2877302512729489e-07,1.4851321142709036e-06,-,0
2026-08-02 01:42:00+00:00,1e-10,1.2274498758378804e-06,-,0
2026-08-02 01:43:00+00:00,1e-10,1e-10,-,0
2026-08-02 01:44:00+00:00,1e-10,1e-10,-,0
2026-08-02 01:45:00+00:00,1e-10,1.1297217796162426e-06,-,0
2026-08-02 01:46:00+00:00,1e-10,1e-10,-,0
2026-08-02 01:47:00+00:00,1.7098614647228023e-06,5.989475158581239e-07,-,0
2026-08-02 01:48:00+00:00,1e-10,1e-10,-,0
2026-08-02 01:49:00+00:00,1e-10,5.416476980762828e-07,-,0
2026-08-02 01:50:00+00:00,3.194159287533488e-07,1e-10,-,0
2026-08-02 01:51:00+00:00,1e-10,1.079964206309505e-08,-,0
2026-08-02 01:52:00+00:00,1e-10,1e-10,-,0
2026-08-02 01:53:00+00:00,1e-10,2.2125531323874875e-08,-,0
2026-08-02 01:54:00+00:00,1.6820726766927753e-06,2.2880949123647595e-10,-,0
2026-08-02 01:55:00+00:00,1e-10,8.073190747232953e-07,-,0
2026-08-02 01:56:00+00:00,9.34075595427975e-07,1e-10,-,0
2026-08-02 01:57:00+00:00,8.207066110637144e-07,3.210568615537463e-07,-,0
2026-08-02 01:58:00+00:00,1e-10,1e-10,-,0
2026-08-02 01:59:00+00:00,2.4238075827431943e-07,5.114355081357032e-07,-,0
2026-08-02 02:00:00+00:00,1e-10,4.4171831835935436e-07,-,0
2026-08-02 02:01:00+00:00,1e-10,9.877971307220425e-07,-,0
2026-08-02 02:02:00+00:00,1e-10,1e-10,-,0
2026-08-02 02:03:00+00:00,9.405644516962291e-07,1e-10,-,0
2026-08-02 02:04:00+00:00,2.9583121475586905e-06,3.2193183450318337e-07,-,0
2026-08-02 02:05:00+00:00,1e-10,2.0368021680183213e-06,-,0
2026-08-02 02:06:00+00:00,2.730661045976619e-07,2.2187816315148154e-06,-,0
2026-08-02 02:07:00+00:00,3.7735495872167653e-07,1e-10,-,0
2026-08-02 02:08:00+00:00,1e-10,1e-10,-,0
2026-08-02 02:09:00+00:00,1.5950045482952219e-06,1e-10,-,0
2026-08-02 02:10:00+00:00,2.465877296052714e-06,2.457453602943246e-06,-,0
2026-08-02 02:11:00+00:00,1e-10,3.5935496803474896e-07,-,0
2026-08-02 02:12:00+00:00,1.9539881155122957e-06,6.522464554740466e-07,-,0
2026-08-02 02:13:00+00:00,1e-10,1e-10,-,0
2026-08-02 02:14:00+00:00,1e-10,1.162013802891961e-09,-,0
2026-08-02 02:15:00+00:00,1e-10,1.2663914343538782e-06,-,0
2026-08-02 02:16:00+00:00,9.96925494865262e-07,1e-10,-,0
2026-08-02 02:17:00+00:00,1e-10,1e-10,-,0
2026-08-02 02:18:00+00:00,8.45630613315881e-07,1e-10,-,0
2026-08-02 02:19:00+00:00,2.8613686500043225e-07,1.568028053868106e-08,-,0
2026-08-02 02:20:00+00:00,1.5306675388207002e-06,6.25568030164919e-07,-,0
2026-08-02 02:21:00+00:00,6.208637355461351e-07,2.7253643736291227e-08,-,0
2026-08-02 02:22:00+00:00,1.7300543873694396e-06,1e-10,-,0
2026-08-02 02:23:00+00:00,1e-10,1e-10,-,0
2026-08-02 02:24:00+00:00,1e-10,2.029728762221264e-07,-,0
2026-08-02 02:25:00+00:00,3.365603447445928e-08,7.429205942673375e-07,-,0
2026-08-02 02:26:00+00:00,1e-10,1.1214729521719237e-06,-,0
2026-08-02 02:27:00+00:00,1e-10,1e-10,-,0
2026-08-02 02:28:00+00:00,4.589332663658603e-07,1e-10,-,0
2026-08-02 02:29:00+00:00,7.657015845383629e-07,1e-10,-,0
2026-08-02 02:30:00+00:00,1.581002571029406e-07,1.3084654311183054e-06,-,0
2026-08-02 02:31:00+00:00,1.2069043606926084e-06,1e-10,-,0
2026-08-02 02:32:00+00:00,1e-10,1e-10,-,0
2026-08-02 02:33:00+00:00,1e-10,1.9247970255819478e-07,-,0
2026-08-02 02:34:00+00:00,1e-10,1.8077539364582904e-06,-,0
2026-08-02 02:35:00+00:00,1.8770732458555153e-07,1e-10,-,0
2026-08-02 02:36:00+00:00,5.712357627079282e-07,6.64717680535127e-07,-,0
2026-08-02 02:37:00+00:00,1.516910079373872e-06,1e-10,-,0
2026-08-02 02:38:00+00:00,1e-10,1.2964301351157845e-07,-,0
2026-08-02 02:39:00+00:00,4.4184947129587474e-07,9.115050864663217e-07,-,0
2026-08-02 02:40:00+00:00,1.623559814209589e-06,1.3635003398979233e-06,-,0
2026-08-02 02:41:00+00:00,1e-10,1e-10,-,0
2026-08-02 02:42:00+00:00,1e-10,8.438051743484806e-07,-,0
2026-08-02 02:43:00+00:00,1e-10,2.698236287926061e-07,-,0
2026-08-02 02:44:00+00:00,7.223830793323668e-07,4.5543441555066853e-07,-,0
2026-08-02 02:45:00+00:00,1e-10,1.3850872411096055e-06,-,0
2026-08-02 02:46:00+00:00,5.611443749403622e-07,1e-10,-,0
2026-08-02 02:47:00+00:00,1e-10,8.697409563738227e-07,-,0
2026-08-02 02:48:00+00:00,2.027107064433203e-06,1.8043378436302135e-07,-,0
2026-08-02 02:49:00+00:00,9.027204849223658e-07,1.3276277476248782e-06,-,0
2026-08-02 02:50:00+00:00,1e-10,4.6205600394317167e-07,-,0
2026-08-02 02:51:00+00:00,1e-10,1e-10,-,0
2026-08-02 02:52:00+00:00,9.053383164344391e-07,9.769641024198396e-07,-,0
2026-08-02 02:53:00+00:00,1e-10,1e-10,-,0
2026-08-02 02:54:00+00:00,1.3416922044743868e-06,1e-10,-,0
2026-08-02 02:55:00+00:00,1e-10,1e-10,-,0
2026-08-02 02:56:00+00:00,9.294197794915014e-07,1e-10,-,0
2026-08-02 02:57:00+00:00,1e-10,1e-10,-,0
2026-08-02 02:58:00+00:00,1e-10,1e-10,-,0
2026-08-02 02:59:00+00:00,1e-10,1e-10,-,0
2026-08-02 03:00:00+00:00,1.948957026970779e-06,8.541547286112974e-07,-,0
2026-08-02 03:01:00+00:00,1e-10,1e-10,-,0
2026-08-02 03:02:00+00:00,3.44358561299886e-06,1e-10,-,0
2026-08-02 03:03:00+00:00,1.9811829692476706e-07,1e-10,-,0
2026-08-02 03:04:00+00:00,1e-10,8.60412585132222e-07,-,0
2026-08-02 03:05:00+00:00,1e-10,2.0594632508940176e-07,-,0
2026-08-02 03:06:00+00:00,1.3998869136265312e-06,4.2334250774591216e-07,-,0
2026-08-02 03:07:00+00:00,1e-10,9.903890647232099e-07,-,0
2026-08-02 03:08:00+00:00,9.438748315174782e-07,5.663884408635201e-07,-,0
2026-08-02 03:09:00+00:00,2.603750615976586e-06,1e-10,-,0
2026-08-02 03:10:00+00:00,7.73425663888776e-07,1.915618771048861e-06,-,0
2026-08-02 03:11:00+00:00,4.065525867812306e-07,1e-10,-,0
2026-08-02 03:12:00+00:00,1.3904099342439234e-06,1.007660320643986e-06,-,0
2026-08-02 03:13:00+00:00,9.258236358919072e-07,4.968337037744953e-07,-,0
2026-08-02 03:14:00+00:00,1e-10,1.3954552145976245e-06,-,0
2026-08-02 03:15:00+00:00,1.5125111613569643e-06,1e-10,-,0
2026-08-02 03:16:00+00:00,1e-10,1e-10,-,0
2026-08-02 03:17:00+00:00,1.7384738344872774e-06,1e-10,-,0
2026-08-02 03:18:00+00:00,5.923228916385157e-07,1e-10,-,0
2026-08-02 03:19:00+00:00,1.3509904377652985e-06,1e-10,-,0
2026-08-02 03:20:00+00:00,1e-10,1e-10,-,0
2026-08-02 03:21:00+00:00,1e-10,1e-10,-,0
2026-08-02 03:22:00+00:00,6.580948291353102e-07,1e-10,-,0
2026-08-02 03:23:00+00:00,1.1128743333092347e-06,1.1604602327292178e-06,-,0
2026-08-02 03:24:00+00:00,1e-10,1e-10,-,0
2026-08-02 03:25:00+00:00,1e-10,4.5411169186246523e-07,-,0
2026-08-02 03:26:00+00:00,1e-10,1e-10,-,0
2026-08-02 03:27:00+00:00,1e-10,3.926033055026112e-07,-,0
2026-08-02 03:28:00+00:00,1e-10,1e-10,-,0
2026-08-02 03:29:00+00:00,6.038310233977541e-07,8.705137317551264e-07,-,0
2026-08-02 03:30:00+00:00,4.010983806428726e-07,6.90542468854376e-07,-,0
2026-08-02 03:31:00+00:00,4.81853973076119e-08,1.3560726677939395e-06,-,0
2026-08-02 03:32:00+00:00,1.4978236429822038e-06,1e-10,-,0
2026-08-02 03:33:00+00:00,2.976970072780981e-07,1e-10,-,0
2026-08-02 03:34:00+00:00,2.499218191217723e-07,1e-10,-,0
2026-08-02 03:35:00+00:00,3.882635619916443e-07,1.3227454653682402e-07,-,0
2026-08-02 03:36:00+00:00,1e-10,5.934283024926148e-07,-,0
2026-08-02 03:37:00+00:00,1.1312686809581397e-06,1e-10,-,0
2026-08-02 03:38:00+00:00,1e-10,2.2800207536588841e-07,-,0
2026-08-02 03:39:00+00:00,4.997447431882841e-07,1e-10,-,0
2026-08-02 03:40:00+00:00,1.3820961344561025e-06,1e-10,-,0
2026-08-02 03:41:00+00:00,1e-10,1e-10,-,0
2026-08-02 03:42:00+00:00,1e-10,1.681817318202441e-06,-,0
2026-08-02 03:43:00+00:00,1e-10,8.878799156247685e-07,-,0
2026-08-02 03:44:00+00:00,2.044860165955253e-06,1.1757791169755273e-06,-,0
2026-08-02 03:45:00+00:00,1e-10,4.1023887871704103e-07,-,0
2026-08-02 03:46:00+00:00,1e-10,1.9723108233804806e-06,-,0
2026-08-02 03:47:00+00:00,4.3731445376581365e-07,9.993507062867374e-07,-,0
2026-08-02 03:48:00+00:00,1e-10,1e-10,-,0
2026-08-02 03:49:00+00:00,1e-10,8.186829630619436e-07,-,0
2026-08-02 03:50:00+00:00,1.5966757807260187e-06,3.8336458629553803e-07,-,0
2026-08-02 03:51:00+00:00,1e-10,7.012707159303638e-07,-,0
2026-08-02 03:52:00+00:00,1e-10,1e-10,-,0
2026-08-02 03:53:00+00:00,3.5820236288222913e-07,1e-10,-,0
2026-08-02 03:54:00+00:00,3.6128601865184806e-07,1e-10,-,0
2026-08-02 03:55:00+00:00,1e-10,1e-10,-,0
2026-08-02 03:56:00+00:00,6.355816971004845e-07,7.905527566579825e-07,-,0
2026-08-02 03:57:00+00:00,1.6368104445610523e-06,1.7008566847610178e-07,-,0
2026-08-02 03:58:00+00:00,1e-10,2.1799315508095873e-06,-,0
2026-08-02 03:59:00+00:00,1e-10,4.2329589368333617e-07,-,0
2026-08-02 04:00:00+00:00,1e-10,7.798467454069618e-07,-,0
2026-08-02 04:01:00+00:00,8.072397258970927e-07,6.513550347780495e-07,-,0
2026-08-02 04:02:00+00:00,7.0069706702114e-08,9.307212186267818e-08,-,0
2026-08-02 04:03:00+00:00,1e-10,1.3610707679089962e-07,-,0
2026-08-02 04:04:00+00:00,1e-10,1e-10,-,0
2026-08-02 04:05:00+00:00,1e-10,1e-10,-,0
2026-08-02 04:06:00+00:00,2.4294316722655085e-07,1.2583388162609383e-06,-,0
2026-08-02 04:07:00+00:00,1e-10,1.2695106308707845e-06,-,0
2026-08-02 04:08:00+00:00,1e-10,9.692773175708087e-07,-,0
2026-08-02 04:09:00+00:00,1e-10,1.042616791232868e-07,-,0
2026-08-02 04:10:00+00:00,2.6271753124408775e-06,1e-10,-,0
2026-08-02 04:11:00+00:00,1e-10,1e-10,-,0
2026-08-02 04:12:00+00:00,1.5699843784285575e-06,1e-10,-,0
2026-08-02 04:13:00+00:00,1.4886405395469362e-06,1e-10,-,0
2026-08-02 04:14:00+00:00,9.221315836980362e-07,2.3208283818175974e-07,-,0
2026-08-02 04:15:00+00:00,1e-10,4.2259387106449784e-07,-,0
2026-08-02 04:16:00+00:00,1.847499893390124e-07,1e-10,-,0
2026-08-02 04:17:00+00:00,1e-10,1e-10,-,0
2026-08-02 04:18:00+00:00,2.2605581059646168e-06,1e-10,-,0
2026-08-02 04:19:00+00:00,4.881745062730601e-07,1e-10,-,0
2026-08-02 04:20:00+00:00,1e-10,1e-10,-,0
2026-08-02 04:21:00+00:00,2.009477139475696e-06,2.0886976222374688e-07,-,0
2026-08-02 04:22:00+00:00,1e-10,1.8056151120085596e-06,-,0
2026-08-02 04:23:00+00:00,6.403249568602827e-07,1e-10,-,0
2026-08-02 04:24:00+00:00,8.0715846350919e-07,2.3717981625470827e-06,-,0
2026-08-02 04:25:00+00:00,4.1719614646034584e-07,1e-10,-,0
2026-08-02 04:26:00+00:00,1e-10,1e-10,-,0
2026-08-02 04:27:00+00:00,9.640404980510032e-07,5.445865457965067e-07,-,0
2026-08-02 04:28:00+00:00,1e-10,1e-10,-,0
2026-08-02 04:29:00+00:00,1.266612622672107e-06,1e-10,-,0
2026-08-02 04:30:00+00:00,1e-10,2.837598846660624e-07,-,0
2026-08-02 04:31:00+00:00,1.5143341886756091e-06,9.204733428167294e-08,-,0
2026-08-02 04:32:00+00:00,1.1906130760841524e-06,1e-10,-,0
2026-08-02 04:33:00+00:00,6.422639290278031e-07,8.571860305653552e-08,-,0
2026-08-02 04:34:00+00:00,1e-10,4.994304290914247e-07,-,0
2026-08-02 04:35:00+00:00,1.2479981663927496e-06,1e-10,-,0
2026-08-02 04:36:00+00:00,6.649527122325659e-07,6.042115069868637e-07,-,0
2026-08-02 04:37:00+00:00,1e-10,1e-10,-,0
2026-08-02 04:38:00+00:00,1e-10,1.7202702287135777e-06,-,0
2026-08-02 04:39:00+00:00,2.1757828857579786e-07,1.1671373834164924e-06,-,0
2026-08-02 04:40:00+00:00,3.39586531068989e-07,1e-10,-,0
2026-08-02 04:41:00+00:00,8.19815475698734e-07,1.3785021576533672e-06,-,0
2026-08-02 04:42:00+00:00,1.7463857137533948e-06,4.61174288593887e-07,-,0
2026-08-02 04:43:00+00:00,6.809511790977882e-07,5.963458524137234e-07,-,0
2026-08-02 04:44:00+00:00,1e-10,1e-10,-,0
2026-08-02 04:45:00+00:00,2.523488285838053e-07,1e-10,-,0
2026-08-02 04:46:00+00:00,1.3800663316694178e-06,1e-10,-,0
2026-08-02 04:47:00+00:00,1.528553523562673e-07,1e-10,-,0
2026-08-02 04:48:00+00:00,2.5813091827949635e-07,1e-10,-,0
2026-08-02 04:49:00+00:00,1e-10,1e-10,-,0
2026-08-02 04:50:00+00:00,1.080963179370435e-06,1e-10,-,0
2026-08-02 04:51:00+00:00,1e-10,1e-10,-,0
2026-08-02 04:52:00+00:00,6.847229604269084e-07,6.548558239467345e-07,-,0
2026-08-02 04:53:00+00:00,5.079284566549349e-07,2.7786013489911455e-07,-,0
2026-08-02 04:54:00+00:00,9.11757973413461e-08,1e-10,-,0
2026-08-02 04:55:00+00:00,5.667876794587342e-07,1e-10,-,0
2026-08-02 04:56:00+00:00,2.5467169791727665e-07,2.5456698095577116e-07,-,0
2026-08-02 04:57:00+00:00,1.4454052062005624e-06,1e-10,-,0
2026-08-02 04:58:00+00:00,7.829257414745937e-07,1e-10,-,0
2026-08-02 04:59:00+00:00,1.1805643096184198e-06,1.3411123102315554e-06,-,0
2026-08-02 05:00:00+00:00,1e-10,1e-10,-,0
2026-08-02 05:01:00+00:00,1e-10,3.066094562583906e-07,-,0
2026-08-02 05:02:00+00:00,9.912184587228902e-08,1.971168774704541e-07,-,0
2026-08-02 05:03:00+00:00,8.616225158532015e-07,1e-10,-,0
2026-08-02 05:04:00+00:00,6.186707390341753e-07,1e-10,-,0
2026-08-02 05:05:00+00:00,1e-10,1e-10,-,0
2026-08-02 05:06:00+00:00,8.966988567674918e-07,1e-10,-,0
2026-08-02 05:07:00+00:00,1e-10,1e-10,-,0
2026-08-02 05:08:00+00:00,7.776429807222173e-07,3.882109214793459e-07,-,0
2026-08-02 05:09:00+00:00,3.48661164821126e-07,6.4118104698633e-07,-,0
2026-08-02 05:10:00+00:00,1e-10,1e-10,-,0
2026-08-02 05:11:00+00:00,1e-10,1.1251495927032692e-06,-,0
2026-08-02 05:12:00+00:00,1.8110871536296128e-07,5.993485972532763e-07,-,0
2026-08-02 05:13:00+00:00,1.2353078759172215e-07,4.3723339236905117e-07,-,0
2026-08-02 05:14:00+00:00,1e-10,1e-10,-,0
2026-08-02 05:15:00+00:00,7.003591933582263e-07,1e-10,-,0
2026-08-02 05:16:00+00:00,1.314028475414803e-06,9.360874758987605e-07,-,0
2026-08-02 05:17:00+00:00,9.857266716702426e-07,1e-10,-,0
2026-08-02 05:18:00+00:00,3.752927047596199e-07,1e-10,-,0
2026-08-02 05:19:00+00:00,1e-10,1e-10,-,0
2026-08-02 05:20:00+00:00,1.7614394976450144e-07,1e-10,-,0
2026-08-02 05:21:00+00:00,1e-10,1e-10,-,0
2026-08-02 05:22:00+00:00,1.6958591807549603e-07,5.881910516292489e-07,-,0
2026-08-02 05:23:00+00:00,1.0699024904617607e-06,2.755651692222794e-07,-,0
2026-08-02 05:24:00+00:00,1e-10,2.817945811089743e-08,-,0
2026-08-02 05:25:00+00:00,1e-10,1e-10,-,0
2026-08-02 05:26:00+00:00,9.167644431242588e-07,9.175808210704735e-07,-,0
2026-08-02 05:27:00+00:00,4.7126603265932506e-07,1.3461493339801383e-06,-,0
2026-08-02 05:28:00+00:00,1.9894234507723973e-07,1e-10,-,0
2026-08-02 05:29:00+00:00,1e-10,4.400348139559888e-07,-,0
2026-08-02 05:30:00+00:00,1e-10,1e-10,-,0
2026-08-02 05:31:00+00:00,1e-10,1e-10,-,0
2026-08-02 05:32:00+00:00,1e-10,1e-10,-,0
2026-08-02 05:33:00+00:00,1e-10,1.318024770193257e-06,-,0
2026-08-02 05:34:00+00:00,1e-10,8.982123102789597e-07,-,0
2026-08-02 05:35:00+00:00,2.4135389779372526e-06,4.541830304273195e-07,-,0
2026-08-02 05:36:00+00:00,1.6941315969122408e-06,1.11895225083876e-06,-,0
2026-08-02 05:37:00+00:00,3.372725485658081e-07,1e-10,-,0
2026-08-02 05:38:00+00:00,1e-10,9.99750495278597e-07,-,0
2026-08-02 05:39:00+00:00,2.050565298235457e-06,3.9493722055445955e-07,-,0
2026-08-02 05:40:00+00:00,1.8293059182735197e-06,1e-10,-,0
2026-08-02 05:41:00+00:00,1e-10,1e-10,-,0
2026-08-02 05:42:00+00:00,3.028146637504301e-07,1e-10,-,0
2026-08-02 05:43:00+00:00,1e-10,1.925846395691808e-06,-,0
2026-08-02 05:44:00+00:00,1e-10,1.8877530206981447e-06,-,0
2026-08-02 05:45:00+00:00,1e-10,1e-10,-,0
2026-08-02 05:46:00+00:00,1e-10,1e-10,-,0
2026-08-02 05:47:00+00:00,2.657671984340399e-07,1.4602445858869162e-06,-,0
2026-08-02 05:48:00+00:00,2.700771700198417e-07,1e-10,-,0
2026-08-02 05:49:00+00:00,1.621055340921346e-06,1e-10,-,0
2026-08-02 05:50:00+00:00,1e-10,1e-10,-,0
2026-08-02 05:51:00+00:00,1.103165990855285e-06,1e-10,-,0
2026-08-02 05:52:00+00:00,1e-10,1.461046073537578e-06,-,0
2026-08-02 05:53:00+00:00,2.9264030966392487e-07,2.839234993432799e-07,-,0
2026-08-02 05:54:00+00:00,1.1852820877213884e-06,1e-10,-,0
2026-08-02 05:55:00+00:00,6.581547879733653e-07,1e-10,-,0
2026-08-02 05:56:00+00:00,1e-10,1.7722172294534043e-06,-,0
2026-08-02 05:57:00+00:00,3.4803430664816986e-07,3.416197852296797e-07,-,0
2026-08-02 05:58:00+00:00,1.8597732586353998e-06,1e-10,-,0
2026-08-02 05:59:00+00:00,1e-10,1e-10,-,0
2026-08-02 06:00:00+00:00,6.58586090622323e-07,1e-10,-,0
2026-08-02 06:01:00+00:00,1.1000704346889238e-06,1.065653040356548e-06,-,0
2026-08-02 06:02:00+00:00,1e-10,1e-10,-,0
2026-08-02 06:03:00+00:00,1.9532222016724833e-06,1.543362788970656e-06,-,0
2026-08-02 06:04:00+00:00,2.324149555506821e-06,2.9784347821903996e-07,-,0
2026-08-02 06:05:00+00:00,1.2434130599000899e-06,1e-10,-,0
2026-08-02 06:06:00+00:00,1.2425563531466463e-06,6.026459042670401e-07,-,0
2026-08-02 06:07:00+00:00,1e-10,1e-10,-,0
2026-08-02 06:08:00+00:00,1e-10,1e-10,-,0
2026-08-02 06:09:00+00:00,1e-10,4.455277638773935e-07,-,0
2026-08-02 06:10:00+00:00,1e-10,1e-10,-,0
2026-08-02 06:11:00+00:00,7.220097023792942e-07,2.2901027901840416e-07,-,0
2026-08-02 06:12:00+00:00,1e-10,1e-10,-,0
2026-08-02 06:13:00+00:00,7.170661337520127e-07,1e-10,-,0
2026-08-02 06:14:00+00:00,1e-10,1.2418703041065834e-06,-,0
2026-08-02 06:15:00+00:00,1e-10,1.3199202316598933e-07,-,0
2026-08-02 06:16:00+00:00,2.1404460806312887e-06,4.626706519709786e-07,-,0
2026-08-02 06:17:00+00:00,1e-10,1e-10,-,0
2026-08-02 06:18:00+00:00,1e-10,1.1933441325350145e-06,-,0
2026-08-02 06:19:00+00:00,5.374104096524519e-07,2.3441421424253624e-07,-,0
2026-08-02 06:20:00+00:00,4.5529474021593907e-07,1e-10,-,0
2026-08-02 06:21:00+00:00,1e-10,1.4191080248228563e-06,-,0
2026-08-02 06:22:00+00:00,2.634428281852048e-06,1e-10,-,0
2026-08-02 06:23:00+00:00,2.632397386356109e-07,2.0736734237539624e-07,-,0
2026-08-02 06:24:00+00:00,1.1556680198003544e-06,1e-10,-,0
2026-08-02 06:25:00+00:00,3.9021824924976e-07,1e-10,-,0
2026-08-02 06:26:00+00:00,1.4334106528091613e-06,8.717971062952716e-07,-,0
2026-08-02 06:27:00+00:00,1e-10,1e-10,-,0
2026-08-02 06:28:00+00:00,1e-10,1.0795412579726394e-07,-,0
2026-08-02 06:29:00+00:00,8.777993694468255e-07,1e-10,-,0
2026-08-02 06:30:00+00:00,3.6150049998467714e-07,1e-10,-,0
2026-08-02 06:31:00+00:00,9.115571183687375e-07,1e-10,-,0
2026-08-02 06:32:00+00:00,1e-10,1e-10,-,0
2026-08-02 06:33:00+00:00,5.609285903969123e-07,1e-10,-,0
2026-08-02 06:34:00+00:00,1e-10,1e-10,-,0
2026-08-02 06:35:00+00:00,1e-10,5.214885164130647e-07,-,0
2026-08-02 06:36:00+00:00,1e-10,4.845728144946156e-07,-,0
2026-08-02 06:37:00+00:00,5.802923642627153e-07,1.4760317484814289e-06,-,0
2026-08-02 06:38:00+00:00,1e-10,7.785330934961101e-07,-,0
2026-08-02 06:39:00+00:00,1e-10,1e-10,-,0
2026-08-02 06:40:00+00:00,1e-10,1e-10,-,0
2026-08-02 06:41:00+00:00,6.917113003754927e-07,1.045394853593836e-06,-,0
2026-08-02 06:42:00+00:00,1.7590970550079143e-07,7.42387523780949e-07,-,0
2026-08-02 06:43:00+00:00,1e-10,1.1652150130992441e-06,-,0
2026-08-02 06:44:00+00:00,9.588451351791862e-07,7.362441461969147e-10,-,0
2026-08-02 06:45:00+00:00,1.762939295412148e-06,1e-10,-,0
2026-08-02 06:46:00+00:00,1.0376990709545126e-06,3.868028513680889e-07,-,0
2026-08-02 06:47:00+00:00,1e-10,1e-10,-,0
2026-08-02 06:48:00+00:00,2.9074418751072144e-07,1e-10,-,0
2026-08-02 06:49:00+00:00,1e-10,2.193333217946241e-06,-,0
2026-08-02 06:50:00+00:00,1e-10,1e-10,-,0
2026-08-02 06:51:00+00:00,1e-10,1e-10,-,0
2026-08-02 06:52:00+00:00,9.140001989827256e-07,1e-10,-,0
2026-08-02 06:53:00+00:00,2.3707466256689616e-07,1.68320960381898e-06,-,0
2026-08-02 06:54:00+00:00,1.1527414931221857e-07,1e-10,-,0
2026-08-02 06:55:00+00:00,1e-10,7.586252842288147e-07,-,0
2026-08-02 06:56:00+00:00,1.2318491682917752e-06,1e-10,-,0
2026-08-02 06:57:00+00:00,1e-10,1e-10,-,0
2026-08-02 06:58:00+00:00,1e-10,1e-10,-,0
2026-08-02 06:59:00+00:00,1e-10,1.9198407105064887e-06,-,0
2026-08-02 07:00:00+00:00,1e-10,8.136648279079177e-07,-,0
2026-08-02 07:01:00+00:00,1e-10,1e-10,-,0
2026-08-02 07:02:00+00:00,1.207847263893941e-06,1e-10,-,0
2026-08-02 07:03:00+00:00,1e-10,1e-10,-,0
2026-08-02 07:04:00+00:00,8.940544531861623e-07,5.630399630533144e-07,-,0
2026-08-02 07:05:00+00:00,7.338776521172174e-07,1e-10,-,0
2026-08-02 07:06:00+00:00,1e-10,1e-10,-,0
2026-08-02 07:07:00+00:00,1e-10,1e-10,-,0
2026-08-02 07:08:00+00:00,1.0102959978138895e-07,1.42085587190254e-06,-,0
2026-08-02 07:09:00+00:00,1e-10,6.695315885569443e-07,-,0
2026-08-02 07:10:00+00:00,1e-10,1e-10,-,0
2026-08-02 07:11:00+00:00,3.0219583868026977e-07,1e-10,-,0
2026-08-02 07:12:00+00:00,9.937361994475123e-07,1e-10,-,0
2026-08-02 07:13:00+00:00,1e-10,1.5448490217846025e-07,-,0
2026-08-02 07:14:00+00:00,1e-10,1.4665575229284963e-06,-,0
2026-08-02 07:15:00+00:00,1e-10,1e-10,-,0
2026-08-02 07:16:00+00:00,1e-10,6.079813752101482e-07,-,0
2026-08-02 07:17:00+00:00,7.239422465148559e-07,1e-10,-,0
2026-08-02 07:18:00+00:00,4.2149730451257767e-07,1e-10,-,0
2026-08-02 07:19:00+00:00,3.065427654860635e-09,7.85586255388906e-07,-,0
2026-08-02 07:20:00+00:00,7.293776037459986e-07,2.113963567431936e-06,-,0
2026-08-02 07:21:00+00:00,3.311722505188479e-08,1e-10,-,0
2026-08-02 07:22:00+00:00,1e-10,1e-10,-,0
2026-08-02 07:23:00+00:00,1e-10,1e-10,-,0
2026-08-02 07:24:00+00:00,6.957617875781867e-07,1e-10,-,0
2026-08-02 07:25:00+00:00,1e-10,1.1683354391622833e-06,-,0
2026-08-02 07:26:00+00:00,1e-10,1.0361499414102379e-06,-,0
2026-08-02 07:27:00+00:00,1e-10,1e-10,-,0
2026-08-02 07:28:00+00:00,1e-10,1e-10,-,0
2026-08-02 07:29:00+00:00,1e-10,2.9096888437230804e-06,-,0
2026-08-02 07:30:00+00:00,1e-10,1e-10,-,0
2026-08-02 07:31:00+00:00,1e-10,1e-10,-,0
2026-08-02 07:32:00+00:00,7.056841372726091e-07,1e-10,-,0
2026-08-02 07:33:00+00:00,4.716586203269252e-07,1e-10,-,0
2026-08-02 07:34:00+00:00,1e-10,4.944676090888446e-07,-,0
2026-08-02 07:35:00+00:00,1e-10,7.280720083322264e-07,-,0
2026-08-02 07:36:00+00:00,1.321196306655311e-06,6.891427583215538e-07,-,0
2026-08-02 07:37:00+00:00,5.210678763113123e-07,8.688636343346024e-07,-,0
2026-08-02 07:38:00+00:00,1e-10,1e-10,-,0
2026-08-02 07:39:00+00:00,1.3436604464477893e-06,1e-10,-,0
2026-08-02 07:40:00+00:00,1.8253611159370606e-07,1.2892516769459674e-06,-,0
2026-08-02 07:41:00+00:00,3.8192945405663496e-07,1e-10,-,0
2026-08-02 07:42:00+00:00,1e-10,1e-10,-,0
2026-08-02 07:43:00+00:00,1e-10,1.1136879864307964e-06,-,0
2026-08-02 07:44:00+00:00,1e-10,1e-10,-,0
2026-08-02 07:45:00+00:00,2.3357829629539158e-06,1e-10,-,0
2026-08-02 07:46:00+00:00,1e-10,1e-10,-,0
2026-08-02 07:47:00+00:00,1.0590804881466016e-07,3.0211241598241396e-06,-,0
2026-08-02 07:48:00+00:00,5.410650933255735e-07,1.127623539660747e-06,-,0
2026-08-02 07:49:00+00:00,6.446953450664806e-09,6.975461816092505e-07,-,0
2026-08-02 07:50:00+00:00,1e-10,1e-10,-,0
2026-08-02 07:51:00+00:00,1e-10,5.60263193725358e-07,-,0
2026-08-02 07:52:00+00:00,5.628105816012682e-07,1.8959762007366756e-06,-,0
2026-08-02 07:53:00+00:00,1e-10,4.0737469341383934e-07,-,0
2026-08-02 07:54:00+00:00,1e-10,1e-10,-,0
2026-08-02 07:55:00+00:00,1e-10,6.005538402794743e-07,-,0
2026-08-02 07:56:00+00:00,1e-10,1e-10,-,0
2026-08-02 07:57:00+00:00,1e-10,1.583848236038063e-07,-,0
2026-08-02 07:58:00+00:00,9.753833045077952e-07,1e-10,-,0
2026-08-02 07:59:00+00:00,1e-10,1e-10,-,0
2026-08-02 08:00:00+00:00,8.024354342253793e-07,1e-10,-,0
2026-08-02 08:01:00+00:00,4.542630547612021e-07,1e-10,-,0
2026-08-02 08:02:00+00:00,3.182091390720074e-07,1e-10,-,0
2026-08-02 08:03:00+00:00,1e-10,1e-10,-,0
2026-08-02 08:04:00+00:00,1.1307352570186773e-07,1.8329388180043767e-06,-,0
2026-08-02 08:05:00+00:00,3.1164605290087633e-07,5.539975772641412e-07,-,0
2026-08-02 08:06:00+00:00,2.46719606879771e-06,8.523725869776362e-07,-,0
2026-08-02 08:07:00+00:00,1e-10,1e-10,-,0
2026-08-02 08:08:00+00:00,8.397048980725768e-07,1e-10,-,0
2026-08-02 08:09:00+00:00,1e-10,9.431412275911402e-07,-,0
2026-08-02 08:10:00+00:00,1e-10,1e-10,-,0
2026-08-02 08:11:00+00:00,9.929603364958598e-07,4.7002408549228593e-07,-,0
2026-08-02 08:12:00+00:00,2.119699511083949e-06,1e-10,-,0
2026-08-02 08:13:00+00:00,3.1799656360883255e-07,1e-10,-,0
2026-08-02 08:14:00+00:00,1e-10,1e-10,-,0
2026-08-02 08:15:00+00:00,5.460579236802649e-07,1e-10,-,0
2026-08-02 08:16:00+00:00,3.41079084084819e-07,2.3744520724080872e-07,-,0
2026-08-02 08:17:00+00:00,2.486177353822643e-06,5.167302283958135e-07,-,0
2026-08-02 08:18:00+00:00,8.496558702910919e-07,2.4110602181635637e-06,-,0
2026-08-02 08:19:00+00:00,1e-10,5.259992080971625e-07,-,0
2026-08-02 08:20:00+00:00,1.4394222511898894e-06,1e-10,-,0
2026-08-02 08:21:00+00:00,8.865339626161063e-07,1e-10,-,0
2026-08-02 08:22:00+00:00,1.066980475969264e-06,5.811393347288066e-07,-,0
2026-08-02 08:23:00+00:00,5.193500509108128e-07,9.486004651072553e-07,-,0
2026-08-02 08:24:00+00:00,1.1461000884365678e-06,1e-10,-,0
2026-08-02 08:25:00+00:00,5.185931095342268e-07,1e-10,-,0
2026-08-02 08:26:00+00:00,1e-10,1e-10,-,0
2026-08-02 08:27:00+00:00,1.776265097458921e-07,1e-10,-,0
2026-08-02 08:28:00+00:00,1e-10,8.10193816464408e-07,-,0
2026-08-02 08:29:00+00:00,4.094708394982901e-07,2.5658711207229014e-07,-,0
2026-08-02 08:30:00+00:00,1.1591893907707595e-07,1e-10,-,0
2026-08-02 08:31:00+00:00,1e-10,2.767912814752121e-07,-,0
2026-08-02 08:32:00+00:00,1e-10,7.345820725989855e-07,-,0
2026-08-02 08:33:00+00:00,2.1116903878019618e-08,2.164549368716556e-06,-,0
2026-08-02 08:34:00+00:00,1e-10,7.359551410008313e-07,-,0
2026-08-02 08:35:00+00:00,1.1620100165213657e-06,1e-10,-,0
2026-08-02 08:36:00+00:00,4.1316575688535515e-07,3.1549797805394835e-06,-,0
2026-08-02 08:37:00+00:00,1e-10,1e-10,-,0
2026-08-02 08:38:00+00:00,6.836637934884866e-07,4.4049715299125645e-07,-,0
2026-08-02 08:39:00+00:00,1e-10,1e-10,-,0
2026-08-02 08:40:00+00:00,1e-10,1e-10,-,0
2026-08-02 08:41:00+00:00,4.422570711568859e-07,4.279392517814051e-07,-,0
2026-08-02 08:42:00+00:00,1.6100491602285986e-06,5.128808502757026e-07,-,0
2026-08-02 08:43:00+00:00,3.382686454717399e-07,1.546179094616586e-06,-,0
2026-08-02 08:44:00+00:00,1e-10,1e-10,-,0
2026-08-02 08:45:00+00:00,1e-10,4.5091911297705544e-07,-,0
2026-08-02 08:46:00+00:00,9.669464868868942e-07,6.827804277354578e-07,-,0
2026-08-02 08:47:00+00:00,4.789031525077882e-07,2.6325135812702694e-06,-,0
2026-08-02 08:48:00+00:00,1.0895555778384508e-06,5.629926515406963e-07,-,0
2026-08-02 08:49:00+00:00,4.618957018394905e-07,1e-10,-,0
2026-08-02 08:50:00+00:00,8.790781859834287e-07,1.539664109292991e-06,-,0
2026-08-02 08:51:00+00:00,2.254697559317538e-06,1e-10,-,0
2026-08-02 08:52:00+00:00,1e-10,1e-10,-,0
2026-08-02 08:53:00+00:00,2.6925501419377342e-06,1.4863992039709863e-06,-,0
2026-08-02 08:54:00+00:00,1.063711041220344e-06,1.541146720199633e-07,-,0
2026-08-02 08:55:00+00:00,2.9326661148947946e-06,1e-10,-,0
2026-08-02 08:56:00+00:00,1e-10,1.887668628558002e-06,-,0
2026-08-02 08:57:00+00:00,4.4985647348930716e-07,1e-10,-,0
2026-08-02 08:58:00+00:00,2.062131283474094e-07,1e-10,-,0
2026-08-02 08:59:00+00:00,1.0092781825514249e-06,5.593436418127777e-07,-,0
2026-08-02 09:00:00+00:00,5.51307730554447e-07,1e-10,-,0
2026-08-02 09:01:00+00:00,4.2526466494278194e-07,1.8511404213060948e-07,-,0
2026-08-02 09:02:00+00:00,8.89562885309703e-07,9.347170891184553e-08,-,0
2026-08-02 09:03:00+00:00,1e-10,1e-10,-,0
2026-08-02 09:04:00+00:00,1e-10,1e-10,-,0
2026-08-02 09:05:00+00:00,5.29340340002105e-07,2.939085395590807e-07,-,0
2026-08-02 09:06:00+00:00,1e-10,1e-10,-,0
2026-08-02 09:07:00+00:00,1e-10,9.166094126944095e-07,-,0
2026-08-02 09:08:00+00:00,1e-10,3.0634544287951525e-07,-,0
2026-08-02 09:09:00+00:00,9.349544999369692e-08,1e-10,-,0
2026-08-02 09:10:00+00:00,1e-10,7.889985274918484e-07,-,0
2026-08-02 09:11:00+00:00,1e-10,3.0492911019580185e-07,-,0
2026-08-02 09:12:00+00:00,1e-10,3.357235526966997e-06,-,0
2026-08-02 09:13:00+00:00,4.88179099974319e-09,1.1477912934459352e-06,-,0
2026-08-02 09:14:00+00:00,1.0253187743894531e-06,1e-10,-,0
2026-08-02 09:15:00+00:00,1e-10,1e-10,-,0
2026-08-02 09:16:00+00:00,1e-10,1e-10,-,0
2026-08-02 09:17:00+00:00,8.940025933641292e-07,1e-10,-,0
2026-08-02 09:18:00+00:00,1.0358182843520283e-06,7.478308673777095e-07,-,0
2026-08-02 09:19:00+00:00,4.982189713074588e-07,1e-10,-,0
2026-08-02 09:20:00+00:00,1e-10,1e-10,-,0
2026-08-02 09:21:00+00:00,1e-10,6.73424884771472e-07,-,0
2026-08-02 09:22:00+00:00,1e-10,1e-10,-,0
2026-08-02 09:23:00+00:00,1e-10,4.444119539007194e-07,-,0
2026-08-02 09:24:00+00:00,1e-10,1e-10,-,0
2026-08-02 09:25:00+00:00,1e-10,9.068007845856481e-08,-,0
2026-08-02 09:26:00+00:00,1.4151820250258857e-06,1.4461451595646258e-06,-,0
2026-08-02 09:27:00+00:00,2.554701263904386e-07,1.0267659284382795e-06,-,0
2026-08-02 09:28:00+00:00,1.3855419087244365e-06,1.6055682986216867e-06,-,0
2026-08-02 09:29:00+00:00,1.1498424219975895e-06,3.8891340131127477e-07,-,0
2026-08-02 09:30:00+00:00,1e-10,1e-10,-,0
2026-08-02 09:31:00+00:00,1e-10,1e-10,-,0
2026-08-02 09:32:00+00:00,1.094851999210715e-06,1e-10,-,0
2026-08-02 09:33:00+00:00,8.679515453213375e-07,1.03113238428529e-06,-,0
2026-08-02 09:34:00+00:00,1.1209599638651898e-06,2.2178457850130734e-08,-,0
2026-08-02 09:35:00+00:00,1.205673155745381e-08,1.4114956356570774e-06,-,0
2026-08-02 09:36:00+00:00,1.879217100234941e-07,1.1647312739294407e-06,-,0
2026-08-02 09:37:00+00:00,1e-10,1e-10,-,0
2026-08-02 09:38:00+00:00,1e-10,1.95554286511108e-06,-,0
2026-08-02 09:39:00+00:00,1e-10,1.0752917279306686e-06,-,0
2026-08-02 09:40:00+00:00,1e-10,9.604462014761689e-08,-,0
2026-08-02 09:41:00+00:00,1e-10,4.901888214649048e-07,-,0
2026-08-02 09:42:00+00:00,1e-10,1.5835942721723322e-06,-,0
2026-08-02 09:43:00+00:00,9.041357993481148e-07,5.046059058178851e-07,-,0
2026-08-02 09:44:00+00:00,1e-10,1e-10,-,0
2026-08-02 09:45:00+00:00,3.990619931654782e-07,1e-10,-,0
2026-08-02 09:46:00+00:00,1e-10,1e-10,-,0
2026-08-02 09:47:00+00:00,1e-10,1e-10,-,0
2026-08-02 09:48:00+00:00,1e-10,2.3257989859768348e-07,-,0
2026-08-02 09:49:00+00:00,5.505794524335155e-07,1e-10,-,0
2026-08-02 09:50:00+00:00,1e-10,1e-10,-,0
2026-08-02 09:51:00+00:00,2.1540915550262498e-07,1.3590962059396447e-06,-,0
2026-08-02 09:52:00+00:00,7.816844370303855e-08,1.8551983520386255e-06,-,0
2026-08-02 09:53:00+00:00,1e-10,1e-10,-,0
2026-08-02 09:54:00+00:00,2.304468168401017e-07,1e-10,-,0
2026-08-02 09:55:00+00:00,1e-10,1e-10,-,0
2026-08-02 09:56:00+00:00,1e-10,3.555036681964224e-07,-,0
2026-08-02 09:57:00+00:00,1e-10,3.889513837347671e-07,-,0
2026-08-02 09:58:00+00:00,2.2983408057440344e-06,1e-10,-,0
2026-08-02 09:59:00+00:00,9.825048950223087e-07,5.749935372926442e-07,-,0
2026-08-02 10:00:00+00:00,3.050105927336288e-07,1e-10,-,0
2026-08-02 10:01:00+00:00,1e-10,1e-10,-,0
2026-08-02 10:02:00+00:00,1e-10,1e-10,-,0
2026-08-02 10:03:00+00:00,1e-10,1.1610027103385486e-06,-,0
2026-08-02 10:04:00+00:00,2.963417368842143e-07,1.0203752421272891e-06,-,0
2026-08-02 10:05:00+00:00,4.7220700801870325e-07,3.9203337536060073e-07,-,0
2026-08-02 10:06:00+00:00,2.7854584885785876e-07,7.454414204987214e-07,-,0
2026-08-02 10:07:00+00:00,4.0439971662220745e-07,1.2436712802703457e-06,-,0
2026-08-02 10:08:00+00:00,1e-10,8.440552890918179e-07,-,0
2026-08-02 10:09:00+00:00,4.0974259327022167e-07,8.180194303340302e-07,-,0
2026-08-02 10:10:00+00:00,1e-10,1e-10,-,0
2026-08-02 10:11:00+00:00,1e-10,1e-10,-,0
2026-08-02 10:12:00+00:00,2.0736022029746716e-06,1e-10,-,0
2026-08-02 10:13:00+00:00,4.896903860252546e-07,2.4560343579298278e-06,-,0
2026-08-02 10:14:00+00:00,2.0295319228901484e-06,1e-10,-,0
2026-08-02 10:15:00+00:00,1e-10,1.7925198721510597e-06,-,0
2026-08-02 10:16:00+00:00,2.6958995706938502e-06,6.101343553128742e-07,-,0
2026-08-02 10:17:00+00:00,1.1822956587649699e-07,1e-10,-,0
2026-08-02 10:18:00+00:00,1.2993920163938289e-06,1e-10,-,0
2026-08-02 10:19:00+00:00,6.521087349711063e-08,1e-10,-,0
2026-08-02 10:20:00+00:00,2.1251838692326173e-07,1e-10,-,0
2026-08-02 10:21:00+00:00,1e-10,1e-10,-,0
2026-08-02 10:22:00+00:00,1e-10,6.14707995886322e-07,-,0
2026-08-02 10:23:00+00:00,1.1136236880189411e-06,1e-10,-,0
2026-08-02 10:24:00+00:00,1.9161082462410448e-08,1e-10,-,0
2026-08-02 10:25:00+00:00,9.454337338273715e-07,9.799403683385256e-07,-,0
2026-08-02 10:26:00+00:00,1.030004208890043e-06,2.1258950643495647e-06,-,0
2026-08-02 10:27:00+00:00,1.5918664071290768e-06,1.0072019857525788e-07,-,0
2026-08-02 10:28:00+00:00,4.957456645064602e-07,5.006228778544815e-07,-,0
2026-08-02 10:29:00+00:00,1e-10,1e-10,-,0
2026-08-02 10:30:00+00:00,1e-10,1e-10,-,0
2026-08-02 10:31:00+00:00,1e-10,1e-10,-,0
2026-08-02 10:32:00+00:00,4.086624237825223e-08,1e-10,-,0
2026-08-02 10:33:00+00:00,1.4881189558782718e-06,6.25351609638207e-07,-,0
2026-08-02 10:34:00+00:00,1.287098357640983e-06,6.940156274722204e-07,-,0
2026-08-02 10:35:00+00:00,1e-10,1e-10,-,0
2026-08-02 10:36:00+00:00,2.7162173668549134e-06,1e-10,-,0
2026-08-02 10:37:00+00:00,1e-10,1e-10,-,0
2026-08-02 10:38:00+00:00,1e-10,7.332260252926788e-07,-,0
2026-08-02 10:39:00+00:00,1e-10,1e-10,-,0
2026-08-02 10:40:00+00:00,1e-10,1e-10,-,0
2026-08-02 10:41:00+00:00,1e-10,3.2126714460570313e-07,-,0
2026-08-02 10:42:00+00:00,1.1480430120748292e-06,1e-10,-,0
2026-08-02 10:43:00+00:00,8.513719912898761e-07,1e-10,-,0
2026-08-02 10:44:00+00:00,1e-10,9.35963462015533e-07,-,0
2026-08-02 10:45:00+00:00,1.3562042635031308e-07,1e-10,-,0
2026-08-02 10:46:00+00:00,9.188561053640238e-07,1e-10,-,0
2026-08-02 10:47:00+00:00,1e-10,1.9535854314830714e-07,-,0
2026-08-02 10:48:00+00:00,1.9894969636887914e-06,1e-10,-,0
2026-08-02 10:49:00+00:00,1.192972274053271e-06,9.939743815649162e-07,-,0
2026-08-02 10:50:00+00:00,9.250470181900113e-07,2.986561203505034e-08,-,0
2026-08-02 10:51:00+00:00,1.355177621409087e-06,1e-10,-,0
2026-08-02 10:52:00+00:00,1e-10,1.7912209533892582e-07,-,0
2026-08-02 10:53:00+00:00,1e-10,1e-10,-,0
2026-08-02 10:54:00+00:00,1.421980264857247e-06,1.1523579280747333e-06,-,0
2026-08-02 10:55:00+00:00,1.6732425708065202e-08,1e-10,-,0
2026-08-02 10:56:00+00:00,8.480013957310493e-07,7.08607237698045e-07,-,0
2026-08-02 10:57:00+00:00,1.6328394545358991e-06,1e-10,-,0
2026-08-02 10:58:00+00:00,8.046932280238821e-07,1e-10,-,0
2026-08-02 10:59:00+00:00,1e-10,4.6810966676482674e-07,-,0
2026-08-02 11:00:00+00:00,6.630364572018671e-07,1e-10,-,0
2026-08-02 11:01:00+00:00,1e-10,1e-10,-,0
2026-08-02 11:02:00+00:00,5.672282849433944e-07,8.076423787884254e-07,-,0
2026-08-02 11:03:00+00:00,8.571746167465741e-07,3.2079540637046e-07,-,0
2026-08-02 11:04:00+00:00,1.964436147523176e-07,1e-10,-,0
2026-08-02 11:05:00+00:00,1.3146384038890368e-06,1e-10,-,0
2026-08-02 11:06:00+00:00,3.3551144970796663e-07,1e-10,-,0
2026-08-02 11:07:00+00:00,1.8927867041632279e-07,1e-10,-,0
2026-08-02 11:08:00+00:00,2.0558274877567826e-06,1e-10,-,0
2026-08-02 11:09:00+00:00,1e-10,1e-10,-,0
2026-08-02 11:10:00+00:00,1.5687619905910707e-06,1e-10,-,0
2026-08-02 11:11:00+00:00,1.4811780507549218e-06,1e-10,-,0
2026-08-02 11:12:00+00:00,9.629389261932496e-07,1.080500312940887e-06,-,0
2026-08-02 11:13:00+00:00,1e-10,1.93104890311937e-06,-,0
2026-08-02 11:14:00+00:00,4.054817018971933e-07,1e-10,-,0
2026-08-02 11:15:00+00:00,1e-10,1.2100565177489971e-06,-,0
2026-08-02 11:16:00+00:00,1e-10,2.501790867682507e-06,-,0
2026-08-02 11:17:00+00:00,1.736023612497563e-07,1e-10,-,0
2026-08-02 11:18:00+00:00,1e-10,5.752498900771346e-07,-,0
2026-08-02 11:19:00+00:00,1e-10,1.1375890299648601e-06,-,0
2026-08-02 11:20:00+00:00,1e-10,1e-10,-,0
2026-08-02 11:21:00+00:00,7.49173803775871e-07,1.066289461752916e-06,-,0
2026-08-02 11:22:00+00:00,1.8370178451493607e-06,1e-10,-,0
2026-08-02 11:23:00+00:00,2.4591269569404224e-06,1.0747523837042596e-06,-,0
2026-08-02 11:24:00+00:00,1e-10,1.698919919227609e-06,-,0
2026-08-02 11:25:00+00:00,1e-10,1.4102396440076041e-06,-,0
2026-08-02 11:26:00+00:00,1e-10,1e-10,-,0
2026-08-02 11:27:00+00:00,9.403021831423027e-07,6.728978681585642e-07,-,0
2026-08-02 11:28:00+00:00,1e-10,1e-10,-,0
2026-08-02 11:29:00+00:00,1.2188053909786339e-06,1e-10,-,0
2026-08-02 11:30:00+00:00,7.380005170847981e-07,1e-10,-,0
2026-08-02 11:31:00+00:00,1e-10,9.190968332353576e-07,-,0
2026-08-02 11:32:00+00:00,2.1692664537808338e-07,1e-10,-,0
2026-08-02 11:33:00+00:00,1e-10,1.6303670050494112e-06,-,0
2026-08-02 11:34:00+00:00,1e-10,9.193940039985611e-08,-,0
2026-08-02 11:35:00+00:00,1e-10,1e-10,-,0
2026-08-02 11:36:00+00:00,9.7561036472342e-07,1e-10,-,0
2026-08-02 11:37:00+00:00,1.2357015563370587e-07,1e-10,-,0
2026-08-02 11:38:00+00:00,1e-10,1.4767065947839794e-06,-,0
2026-08-02 11:39:00+00:00,2.4762798622137288e-06,5.699601342771355e-07,-,0
2026-08-02 11:40:00+00:00,1e-10,1e-10,-,0
2026-08-02 11:41:00+00:00,4.724810224518605e-07,8.371112081238627e-07,-,0
2026-08-02 11:42:00+00:00,8.91119524179415e-07,1e-10,-,0
2026-08-02 11:43:00+00:00,3.4000879673299167e-07,1e-10,-,0
2026-08-02 11:44:00+00:00,1e-10,1e-10,-,0
2026-08-02 11:45:00+00:00,1e-10,1e-10,-,0
2026-08-02 11:46:00+00:00,8.396754078791178e-07,1e-10,-,0
2026-08-02 11:47:00+00:00,1.311217610340437e-06,6.352081051146686e-07,-,0
2026-08-02 11:48:00+00:00,9.274048978613585e-08,8.214368936198857e-07,-,0
2026-08-02 11:49:00+00:00,1e-10,1e-10,-,0
2026-08-02 11:50:00+00:00,1.6237112411518888e-07,1e-10,-,0
2026-08-02 11:51:00+00:00,1.8301267064023019e-06,1e-10,-,0
2026-08-02 11:52:00+00:00,1e-10,5.63280834647569e-07,-,0
2026-08-02 11:53:00+00:00,1e-10,9.368448433175036e-07,-,0
2026-08-02 11:54:00+00:00,2.1519034875231288e-07,2.7641206194341967e-07,-,0
2026-08-02 11:55:00+00:00,1.3539022203271166e-06,1e-10,-,0
2026-08-02 11:56:00+00:00,1e-10,8.183363954255694e-07,-,0
2026-08-02 11:57:00+00:00,6.893524764278328e-07,4.4543665148237264e-07,-,0
2026-08-02 11:58:00+00:00,1.689356179202897e-06,8.309337951588144e-07,-,0
2026-08-02 11:59:00+00:00,1e-10,1e-10,-,0
2026-08-02 12:00:00+00:00,1e-10,5.786828299112651e-07,-,0
2026-08-02 12:01:00+00:00,4.427292149941018e-08,9.75122478338555e-07,-,0
2026-08-02 12:02:00+00:00,1.238971488747445e-06,1e-10,-,0
2026-08-02 12:03:00+00:00,5.221111739951888e-07,1e-10,-,0
2026-08-02 12:04:00+00:00,1.3370892798196128e-06,1e-10,-,0
2026-08-02 12:05:00+00:00,1e-10,1e-10,-,0
2026-08-02 12:06:00+00:00,5.371219401788625e-07,1e-10,-,0
2026-08-02 12:07:00+00:00,1e-10,1e-10,-,0
2026-08-02 12:08:00+00:00,1.619235036175207e-06,1.2468266999143999e-06,-,0
2026-08-02 12:09:00+00:00,1.4697186263950637e-06,1.2633724636339618e-06,-,0
2026-08-02 12:10:00+00:00,1e-10,1e-10,-,0
2026-08-02 12:11:00+00:00,1e-10,1e-10,-,0
2026-08-02 12:12:00+00:00,1e-10,1e-10,-,0
2026-08-02 12:13:00+00:00,1.3869600973761807e-06,1.6346560818976197e-06,-,0
2026-08-02 12:14:00+00:00,6.083960772306625e-07,7.029270333249356e-07,-,0
2026-08-02 12:15:00+00:00,2.196842619517108e-06,1e-10,-,0
2026-08-02 12:16:00+00:00,1e-10,1e-10,-,0
2026-08-02 12:17:00+00:00,2.397167795472217e-06,1e-10,-,0
2026-08-02 12:18:00+00:00,1e-10,1e-10,-,0
2026-08-02 12:19:00+00:00,1e-10,1e-10,-,0
2026-08-02 12:20:00+00:00,1e-10,1e-10,-,0
2026-08-02 12:21:00+00:00,9.665142616532392e-07,1e-10,-,0
2026-08-02 12:22:00+00:00,1e-10,1.3835609632367965e-08,-,0
2026-08-02 12:23:00+00:00,1.2647788117010346e-06,2.476319927980845e-07,-,0
2026-08-02 12:24:00+00:00,9.090991206603551e-07,1.9078889988789797e-06,-,0
2026-08-02 12:25:00+00:00,3.476709135006923e-07,1e-10,-,0
2026-08-02 12:26:00+00:00,2.4215870076417676e-08,1e-10,-,0
2026-08-02 12:27:00+00:00,1e-10,1.494959752325513e-06,-,0
2026-08-02 12:28:00+00:00,8.119657233659978e-07,7.349069944909002e-07,-,0
2026-08-02 12:29:00+00:00,1e-10,5.3120168997310306e-08,-,0
2026-08-02 12:30:00+00:00,9.92382367592266e-07,1e-10,-,0
2026-08-02 12:31:00+00:00,1.8013102144435668e-06,1.9049080247195473e-06,-,0
2026-08-02 12:32:00+00:00,1e-10,1e-10,-,0
2026-08-02 12:33:00+00:00,1.6052004209820478e-06,1e-10,-,0
2026-08-02 12:34:00+00:00,3.521758910834891e-07,1e-10,-,0
2026-08-02 12:35:00+00:00,8.012811879886235e-07,1e-10,-,0
2026-08-02 12:36:00+00:00,1e-10,1.3509354076281578e-06,-,0
2026-08-02 12:37:00+00:00,1e-10,1.801545676919651e-07,-,0
2026-08-02 12:38:00+00:00,1e-10,1.0269924921283288e-06,-,0
2026-08-02 12:39:00+00:00,1.6308599647052766e-06,1e-10,-,0
2026-08-02 12:40:00+00:00,1e-10,1e-10,-,0
2026-08-02 12:41:00+00:00,8.365784329725686e-07,1.6534973723240485e-06,-,0
2026-08-02 12:42:00+00:00,5.42928091473016e-08,1e-10,-,0
2026-08-02 12:43:00+00:00,1e-10,1e-10,-,0
2026-08-02 12:44:00+00:00,1e-10,9.422215546318694e-07,-,0
2026-08-02 12:45:00+00:00,1e-10,1e-10,-,0
2026-08-02 12:46:00+00:00,1e-10,8.789977074157602e-07,-,0
2026-08-02 12:47:00+00:00,1e-10,1e-10,-,0
2026-08-02 12:48:00+00:00,1e-10,1e-10,-,0
2026-08-02 12:49:00+00:00,3.0328810917933036e-07,7.544364190398865e-07,-,0
2026-08-02 12:50:00+00:00,2.312612617317442e-06,1e-10,-,0
2026-08-02 12:51:00+00:00,1.7936802628494782e-06,1e-10,-,0
2026-08-02 12:52:00+00:00,1.2112188552108617e-07,1.0257601114411388e-06,-,0
2026-08-02 12:53:00+00:00,1.612485794658236e-07,1e-10,-,0
2026-08-02 12:54:00+00:00,8.046484361298578e-07,1.462742973498157e-07,-,0
2026-08-02 12:55:00+00:00,3.6878168794502294e-07,1.0916765916368576e-06,-,0
2026-08-02 12:56:00+00:00,8.095208751106966e-07,1.0779246692882556e-07,-,0
2026-08-02 12:57:00+00:00,3.9906839589155013e-07,3.1018366978328235e-07,-,0
2026-08-02 12:58:00+00:00,1.9784627032104373e-07,1.735371148746537e-06,-,0
2026-08-02 12:59:00+00:00,1e-10,2.5734244100312653e-06,-,0
2026-08-02 13:00:00+00:00,4.841701571214281e-07,1.5710166789865797e-07,-,0
2026-08-02 13:01:00+00:00,1e-10,1e-10,-,0
2026-08-02 13:02:00+00:00,3.7568220692808415e-07,9.355180668681694e-07,-,0
2026-08-02 13:03:00+00:00,1e-10,1e-10,-,0
2026-08-02 13:04:00+00:00,3.7634249811127514e-07,1.4711864082288738e-06,-,0
2026-08-02 13:05:00+00:00,1e-10,1e-10,-,0
2026-08-02 13:06:00+00:00,1.4960428045892808e-06,1e-10,-,0
2026-08-02 13:07:00+00:00,1.7687926378394882e-07,1e-10,-,0
2026-08-02 13:08:00+00:00,7.981993946331776e-08,1e-10,-,0
2026-08-02 13:09:00+00:00,5.31806674493576e-07,1.3238231535375948e-06,-,0
2026-08-02 13:10:00+00:00,1e-10,3.873124789805477e-07,-,0
2026-08-02 13:11:00+00:00,1.3268804142555755e-06,1e-10,-,0
2026-08-02 13:12:00+00:00,8.459393741043031e-07,2.2950204101803072e-06,-,0
2026-08-02 13:13:00+00:00,1e-10,1.3746596114241632e-07,-,0
2026-08-02 13:14:00+00:00,1e-10,1e-10,-,0
2026-08-02 13:15:00+00:00,1e-10,1e-10,-,0
2026-08-02 13:16:00+00:00,1e-10,1e-10,-,0
2026-08-02 13:17:00+00:00,1e-10,1e-10,-,0
2026-08-02 13:18:00+00:00,1e-10,1e-10,-,0
2026-08-02 13:19:00+00:00,1e-10,1e-10,-,0
2026-08-02 13:20:00+00:00,1e-10,1e-10,-,0
2026-08-02 13:21:00+00:00,1e-10,7.854070419911572e-07,-,0
2026-08-02 13:22:00+00:00,5.696300117818698e-07,1e-10,-,0
2026-08-02 13:23:00+00:00,6.352658172599347e-08,2.001507193108964e-06,-,0
2026-08-02 13:24:00+00:00,4.730864868388275e-07,7.086995129080349e-07,-,0
2026-08-02 13:25:00+00:00,3.026955070209113e-07,1e-10,-,0
2026-08-02 13:26:00+00:00,1e-10,5.094046603623434e-07,-,0
2026-08-02 13:27:00+00:00,7.831560203413703e-07,1.7374308867862223e-07,-,0
2026-08-02 13:28:00+00:00,1e-10,1.5640036131292778e-06,-,0
2026-08-02 13:29:00+00:00,1e-10,9.220117802547519e-07,-,0
2026-08-02 13:30:00+00:00,1e-10,8.185735906639257e-08,-,0
2026-08-02 13:31:00+00:00,1.5837623417496417e-07,1.9583076781076796e-06,-,0
2026-08-02 13:32:00+00:00,1e-10,6.277110312476427e-07,-,0
2026-08-02 13:33:00+00:00,6.344106796644911e-07,6.762173874751368e-07,-,0
2026-08-02 13:34:00+00:00,8.296022308508197e-07,1.683174858858146e-06,-,0
2026-08-02 13:35:00+00:00,1e-10,9.618446890571456e-07,-,0
2026-08-02 13:36:00+00:00,2.7125588382991516e-07,2.4553848533087486e-07,-,0
2026-08-02 13:37:00+00:00,1e-10,1e-10,-,0
2026-08-02 13:38:00+00:00,5.603469439304061e-07,1e-10,-,0
2026-08-02 13:39:00+00:00,1e-10,1e-10,-,0
2026-08-02 13:40:00+00:00,1e-10,1e-10,-,0
2026-08-02 13:41:00+00:00,1e-10,1e-10,-,0
2026-08-02 13:42:00+00:00,1e-10,2.600986906497481e-08,-,0
2026-08-02 13:43:00+00:00,1e-10,1.1404202028699894e-06,-,0
2026-08-02 13:44:00+00:00,1e-10,1e-10,-,0
2026-08-02 13:45:00+00:00,2.3694200477741504e-07,1e-10,-,0
2026-08-02 13:46:00+00:00,1.1013353648566054e-06,1e-10,-,0
2026-08-02 13:47:00+00:00,4.6494239796716836e-07,1e-10,-,0
2026-08-02 13:48:00+00:00,1e-10,1e-10,-,0
2026-08-02 13:49:00+00:00,1e-10,5.3390073811381784e-08,-,0
2026-08-02 13:50:00+00:00,7.802169596328075e-07,1.7237570291418308e-06,-,0
2026-08-02 13:51:00+00:00,1e-10,6.922518541597338e-07,-,0
2026-08-02 13:52:00+00:00,3.881242555866511e-07,7.746583047460217e-07,-,0
2026-08-02 13:53:00+00:00,1e-10,2.496536225321412e-07,-,0
2026-08-02 13:54:00+00:00,1e-10,1e-10,-,0
2026-08-02 13:55:00+00:00,1e-10,2.5073351615805272e-06,-,0
2026-08-02 13:56:00+00:00,7.064022874050665e-07,1e-10,-,0
2026-08-02 13:57:00+00:00,7.752511726955938e-07,8.711553839699735e-07,-,0
2026-08-02 13:58:00+00:00,1e-10,1e-10,-,0
2026-08-02 13:59:00+00:00,8.626966580453028e-07,1e-10,-,0
2026-08-02 14:00:00+00:00,1e-10,1e-10,-,0
2026-08-02 14:01:00+00:00,1e-10,1e-10,-,0
2026-08-02 14:02:00+00:00,1e-10,1e-10,-,0
2026-08-02 14:03:00+00:00,1e-10,2.262792826585251e-07,-,0
2026-08-02 14:04:00+00:00,1e-10,1.36762639393434e-06,-,0
2026-08-02 14:05:00+00:00,1e-10,2.349890935353289e-06,-,0
2026-08-02 14:06:00+00:00,7.124230546104865e-07,1.8465760426665808e-06,-,0
2026-08-02 14:07:00+00:00,1e-10,1.4168007341558043e-06,-,0
2026-08-02 14:08:00+00:00,1e-10,1.912690289837617e-06,-,0
2026-08-02 14:09:00+00:00,1e-10,2.0448494205698753e-06,-,0
2026-08-02 14:10:00+00:00,1e-10,1e-10,-,0
2026-08-02 14:11:00+00:00,6.60159750877214e-07,2.8677578589565776e-07,-,0
2026-08-02 14:12:00+00:00,1e-10,1e-10,-,0
2026-08-02 14:13:00+00:00,1e-10,6.062204323799222e-07,-,0
2026-08-02 14:14:00+00:00,1e-10,1e-10,-,0
2026-08-02 14:15:00+00:00,5.211362078145051e-07,1e-10,-,0
2026-08-02 14:16:00+00:00,2.9198701587832926e-07,1e-10,-,0
2026-08-02 14:17:00+00:00,1e-10,1e-10,-,0
2026-08-02 14:18:00+00:00,1.6404123395351099e-06,1e-10,-,0
2026-08-02 14:19:00+00:00,2.2549788704024925e-06,9.61042826940502e-07,-,0
2026-08-02 14:20:00+00:00,3.468574146239602e-08,1e-10,-,0
2026-08-02 14:21:00+00:00,1e-10,1.1479128989364695e-06,-,0
2026-08-02 14:22:00+00:00,1e-10,1e-10,-,0
2026-08-02 14:23:00+00:00,1e-10,1e-10,-,0
2026-08-02 14:24:00+00:00,4.4571023807378054e-07,1e-10,-,0
2026-08-02 14:25:00+00:00,1.435077933230529e-06,1e-10,-,0
2026-08-02 14:26:00+00:00,1e-10,1e-10,-,0
2026-08-02 14:27:00+00:00,1e-10,1e-10,-,0
2026-08-02 14:28:00+00:00,1.676084752957632e-06,2.875261078988321e-07,-,0
2026-08-02 14:29:00+00:00,4.607996121039688e-07,3.841436852336898e-07,-,0
2026-08-02 14:30:00+00:00,4.857219292488189e-07,2.603456733649026e-07,-,0
2026-08-02 14:31:00+00:00,1e-10,9.926902233359354e-07,-,0
2026-08-02 14:32:00+00:00,8.062594836791832e-07,1.1251694127888105e-06,-,0
2026-08-02 14:33:00+00:00,1.1456285795776226e-06,1e-10,-,0
2026-08-02 14:34:00+00:00,2.479858084845231e-07,1e-10,-,0
2026-08-02 14:35:00+00:00,1e-10,1e-10,-,0
2026-08-02 14:36:00+00:00,5.182133452872955e-07,9.842848600746048e-08,-,0
2026-08-02 14:37:00+00:00,1e-10,1e-10,-,0
2026-08-02 14:38:00+00:00,1e-10,7.117842191360546e-07,-,0
2026-08-02 14:39:00+00:00,9.181717809654537e-07,1e-10,-,0
2026-08-02 14:40:00+00:00,1.2420090491768955e-06,1.7695583412797842e-06,-,0
2026-08-02 14:41:00+00:00,1e-10,8.808269117450961e-07,-,0
2026-08-02 14:42:00+00:00,1e-10,1e-10,-,0
2026-08-02 14:43:00+00:00,1e-10,1e-10,-,0
2026-08-02 14:44:00+00:00,2.4593616126082896e-07,1e-10,-,0
2026-08-02 14:45:00+00:00,1e-10,1.2864876608049924e-06,-,0
2026-08-02 14:46:00+00:00,1.4519186345990309e-06,1e-10,-,0
2026-08-02 14:47:00+00:00,1e-10,1e-10,-,0
2026-08-02 14:48:00+00:00,4.318495721288518e-07,1e-10,-,0
2026-08-02 14:49:00+00:00,1e-10,1e-10,-,0
2026-08-02 14:50:00+00:00,6.775984282405484e-07,1.2062412401272297e-06,-,0
2026-08-02 14:51:00+00:00,7.618206343446129e-07,6.990880671726996e-07,-,0
2026-08-02 14:52:00+00:00,1e-10,1.016281423688708e-06,-,0
2026-08-02 14:53:00+00:00,1e-10,1.5525876891786252e-06,-,0
2026-08-02 14:54:00+00:00,1e-10,1e-10,-,0
2026-08-02 14:55:00+00:00,1e-10,2.269217938656205e-08,-,0
2026-08-02 14:56:00+00:00,9.95292549640441e-07,1e-10,-,0
2026-08-02 14:57:00+00:00,1e-10,1.773636675221515e-06,-,0
2026-08-02 14:58:00+00:00,8.220360639872607e-07,1e-10,-,0
2026-08-02 14:59:00+00:00,5.677542808024475e-07,1e-10,-,0
2026-08-02 15:00:00+00:00,1e-10,1e-10,-,0
2026-08-02 15:01:00+00:00,8.657809484136085e-07,9.941827690312039e-07,-,0
2026-08-02 15:02:00+00:00,1e-10,6.001950716573259e-07,-,0
2026-08-02 15:03:00+00:00,1e-10,1e-10,-,0
2026-08-02 15:04:00+00:00,1e-10,1e-10,-,0
2026-08-02 15:05:00+00:00,1e-10,3.857276841751883e-07,-,0
2026-08-02 15:06:00+00:00,1e-10,6.380656883681912e-07,-,0
2026-08-02 15:07:00+00:00,9.44800633981081e-08,2.470038120604076e-07,-,0
2026-08-02 15:08:00+00:00,3.8229114322526497e-08,1e-10,-,0
2026-08-02 15:09:00+00:00,1.815121743419495e-07,1e-10,-,0
2026-08-02 15:10:00+00:00,2.2871735463481232e-07,1e-10,-,0
2026-08-02 15:11:00+00:00,6.632132558621394e-07,1.1593690461758203e-06,-,0
2026-08-02 15:12:00+00:00,1e-10,1e-10,-,0
2026-08-02 15:13:00+00:00,5.932443242510487e-07,1e-10,-,0
2026-08-02 15:14:00+00:00,1e-10,2.52836427366101e-06,-,0
2026-08-02 15:15:00+00:00,1e-10,1e-10,-,0
2026-08-02 15:16:00+00:00,2.2104340722783515e-06,1e-10,-,0
2026-08-02 15:17:00+00:00,1e-10,1e-10,-,0
2026-08-02 15:18:00+00:00,1e-10,1e-10,-,0
2026-08-02 15:19:00+00:00,1e-10,8.38091169385839e-07,-,0
2026-08-02 15:20:00+00:00,1e-10,1e-10,-,0
2026-08-02 15:21:00+00:00,2.550540720762683e-07,1.8506481580667721e-07,-,0
2026-08-02 15:22:00+00:00,2.9708863390190675e-07,1e-10,-,0
2026-08-02 15:23:00+00:00,1e-10,1e-10,-,0
2026-08-02 15:24:00+00:00,1e-10,1e-10,-,0
2026-08-02 15:25:00+00:00,4.369747464180057e-07,1e-10,-,0
2026-08-02 15:26:00+00:00,2.913695603847347e-07,1e-10,-,0
2026-08-02 15:27:00+00:00,1.7554527868380036e-07,1e-10,-,0
2026-08-02 15:28:00+00:00,8.700622959576456e-07,3.863071026452854e-07,-,0
2026-08-02 15:29:00+00:00,1e-10,1e-10,-,0
2026-08-02 15:30:00+00:00,1.5687415449573861e-06,7.806136563891756e-07,-,0
2026-08-02 15:31:00+00:00,1e-10,1e-10,-,0
2026-08-02 15:32:00+00:00,7.984045810081556e-07,2.03259334483833e-06,-,0
2026-08-02 15:33:00+00:00,8.363944410225355e-07,1e-10,-,0
2026-08-02 15:34:00+00:00,1e-10,1e-10,-,0
2026-08-02 15:35:00+00:00,5.175430304062956e-07,2.3400377483240592e-07,-,0
2026-08-02 15:36:00+00:00,1e-10,1e-10,-,0
2026-08-02 15:37:00+00:00,1e-10,1e-10,-,0
2026-08-02 15:38:00+00:00,1e-10,1.2759336240242014e-06,-,0
2026-08-02 15:39:00+00:00,2.0791559657164592e-07,1e-10,-,0
2026-08-02 15:40:00+00:00,1e-10,8.906049037463092e-08,-,0
2026-08-02 15:41:00+00:00,6.208479287993804e-08,1e-10,-,0
2026-08-02 15:42:00+00:00,1e-10,1e-10,-,0
2026-08-02 15:43:00+00:00,1.180467980392844e-06,1e-10,-,0
2026-08-02 15:44:00+00:00,1e-10,8.200600280132429e-07,-,0
2026-08-02 15:45:00+00:00,1.3435593692597857e-06,5.771695085979978e-07,-,0
2026-08-02 15:46:00+00:00,4.5408662208821254e-07,1e-10,-,0
2026-08-02 15:47:00+00:00,1e-10,1.1459607170184222e-06,-,0
2026-08-02 15:48:00+00:00,1.4417821054952147e-06,1e-10,-,0
2026-08-02 15:49:00+00:00,2.1565793545015114e-06,1.2531076091199222e-06,-,0
2026-08-02 15:50:00+00:00,1e-10,1.653040227197141e-06,-,0
2026-08-02 15:51:00+00:00,1e-10,1.2139445650026429e-06,-,0
2026-08-02 15:52:00+00:00,5.05188987116646e-07,4.637094727429247e-07,-,0
2026-08-02 15:53:00+00:00,1e-10,1e-10,-,0
2026-08-02 15:54:00+00:00,1e-10,5.004914197463813e-07,-,0
2026-08-02 15:55:00+00:00,1.4759545678116532e-06,1e-10,-,0
2026-08-02 15:56:00+00:00,6.594564979954771e-07,8.099905298739265e-07,-,0
2026-08-02 15:57:00+00:00,1e-10,1.808124450545039e-06,-,0
2026-08-02 15:58:00+00:00,3.4975447089827606e-06,1e-10,-,0
2026-08-02 15:59:00+00:00,1e-10,1e-10,-,0
2026-08-02 16:00:00+00:00,7.136604086722427e-07,7.891757677482021e-07,-,0
2026-08-02 16:01:00+00:00,1e-10,1e-10,-,0
2026-08-02 16:02:00+00:00,2.002303358193517e-06,1.7217794882368883e-06,-,0
2026-08-02 16:03:00+00:00,1e-10,6.645015479332847e-08,-,0
2026-08-02 16:04:00+00:00,1e-10,1e-10,-,0
2026-08-02 16:05:00+00:00,1e-10,1.115405555790944e-07,-,0
2026-08-02 16:06:00+00:00,2.334956280886137e-06,3.491634117638526e-07,-,0
2026-08-02 16:07:00+00:00,1e-10,1e-10,-,0
2026-08-02 16:08:00+00:00,5.628945684607389e-07,1e-10,-,0
2026-08-02 16:09:00+00:00,3.4255225186181376e-08,1.24115087661452e-06,-,0
2026-08-02 16:10:00+00:00,1e-10,1e-10,-,0
2026-08-02 16:11:00+00:00,1e-10,1e-10,-,0
2026-08-02 16:12:00+00:00,1e-10,1e-10,-,0
2026-08-02 16:13:00+00:00,1e-10,1e-10,-,0
2026-08-02 16:14:00+00:00,3.831739476561752e-07,1e-10,-,0
2026-08-02 16:15:00+00:00,2.404402605584069e-06,1e-10,-,0
2026-08-02 16:16:00+00:00,7.385995952313815e-07,1e-10,-,0
2026-08-02 16:17:00+00:00,9.789781030207895e-07,2.3501946308908932e-07,-,0
2026-08-02 16:18:00+00:00,1e-10,1.8048772652608034e-06,-,0
2026-08-02 16:19:00+00:00,1e-10,8.390949955786928e-07,-,0
2026-08-02 16:20:00+00:00,1e-10,8.627177441363472e-07,-,0
2026-08-02 16:21:00+00:00,1e-10,1.182880335147624e-06,-,0
2026-08-02 16:22:00+00:00,1e-10,2.3575145259525545e-07,-,0
2026-08-02 16:23:00+00:00,1e-10,3.094394003792833e-08,-,0
2026-08-02 16:24:00+00:00,1e-10,1e-10,-,0
2026-08-02 16:25:00+00:00,1.4291977551016046e-06,8.854485495543209e-07,-,0
2026-08-02 16:26:00+00:00,1e-10,3.1379970434825326e-07,-,0
2026-08-02 16:27:00+00:00,1e-10,1e-10,-,0
2026-08-02 16:28:00+00:00,1e-10,1e-10,-,0
2026-08-02 16:29:00+00:00,1e-10,1e-10,-,0
2026-08-02 16:30:00+00:00,1e-10,5.921390590959997e-07,-,0
2026-08-02 16:31:00+00:00,1e-10,1.7311039238642838e-06,-,0
2026-08-02 16:32:00+00:00,2.0840654310404958e-07,1e-10,-,0
2026-08-02 16:33:00+00:00,1e-10,1.1721853042080618e-06,-,0
2026-08-02 16:34:00+00:00,8.580611318061836e-07,1.3554909382214753e-06,-,0
2026-08-02 16:35:00+00:00,1e-10,1e-10,-,0
2026-08-02 16:36:00+00:00,1.550147050733378e-07,1e-10,-,0
2026-08-02 16:37:00+00:00,1.2444131570425398e-07,7.591631503219355e-08,-,0
2026-08-02 16:38:00+00:00,4.5112998083336736e-07,1e-10,-,0
2026-08-02 16:39:00+00:00,1e-10,1e-10,-,0
2026-08-02 16:40:00+00:00,1.0247734848658823e-06,1.2635388917307211e-06,-,0
2026-08-02 16:41:00+00:00,1e-10,1e-10,-,0
2026-08-02 16:42:00+00:00,7.572127369883754e-08,2.7066015741409082e-06,-,0
2026-08-02 16:43:00+00:00,1e-10,1e-10,-,0
2026-08-02 16:44:00+00:00,1e-10,1e-10,-,0
2026-08-02 16:45:00+00:00,1.0163169667084624e-06,1e-10,-,0
2026-08-02 16:46:00+00:00,6.409499313997061e-07,1e-10,-,0
2026-08-02 16:47:00+00:00,1.1994197356081716e-06,1.5917455371367967e-06,-,0
2026-08-02 16:48:00+00:00,1e-10,1e-10,-,0
2026-08-02 16:49:00+00:00,1.0350965723526515e-06,1e-10,-,0
2026-08-02 16:50:00+00:00,1e-10,1e-10,-,0
2026-08-02 16:51:00+00:00,1e-10,1e-10,-,0
2026-08-02 16:52:00+00:00,1.724159342750129e-07,1.8544157966144383e-07,-,0
2026-08-02 16:53:00+00:00,9.711579941334257e-07,1e-10,-,0
2026-08-02 16:54:00+00:00,1e-10,1e-10,-,0
2026-08-02 16:55:00+00:00,7.968251911076226e-07,1e-10,-,0
2026-08-02 16:56:00+00:00,2.853190885827543e-07,1.6053843813131679e-06,-,0
2026-08-02 16:57:00+00:00,4.0081710067866066e-07,1.0273493589993564e-06,-,0
2026-08-02 16:58:00+00:00,1e-10,1e-10,-,0
2026-08-02 16:59:00+00:00,1e-10,8.528021207929653e-08,-,0
2026-08-02 17:00:00+00:00,1e-10,5.624316159133483e-07,-,0
2026-08-02 17:01:00+00:00,4.0396651777811517e-07,9.933617740023149e-07,-,0
2026-08-02 17:02:00+00:00,1e-10,1.7187822291982012e-06,-,0
2026-08-02 17:03:00+00:00,1e-10,3.0549720187924946e-07,-,0
2026-08-02 17:04:00+00:00,1e-10,1e-10,-,0
2026-08-02 17:05:00+00:00,8.528747559333468e-07,1e-10,-,0
2026-08-02 17:06:00+00:00,1.073926588355294e-06,6.779512747435955e-07,-,0
2026-08-02 17:07:00+00:00,1e-10,1e-10,-,0
2026-08-02 17:08:00+00:00,1.1309115494065335e-07,9.162064975469331e-07,-,0
2026-08-02 17:09:00+00:00,1e-10,1e-10,-,0
2026-08-02 17:10:00+00:00,1.3735840830285112e-06,1e-10,-,0
2026-08-02 17:11:00+00:00,1e-10,5.781379938334635e-07,-,0
2026-08-02 17:12:00+00:00,6.337707275157391e-07,1e-10,-,0
2026-08-02 17:13:00+00:00,1e-10,5.324740194951219e-07,-,0
2026-08-02 17:14:00+00:00,1e-10,2.08919426585962e-07,-,0
2026-08-02 17:15:00+00:00,8.782897367111132e-07,1e-10,-,0
2026-08-02 17:16:00+00:00,1.2212192660475364e-06,1.5870509343760108e-06,-,0
2026-08-02 17:17:00+00:00,1e-10,1.4493439367957753e-06,-,0
2026-08-02 17:18:00+00:00,1.2919594374250998e-06,1.067315295972556e-06,-,0
2026-08-02 17:19:00+00:00,1e-10,1.092622639330593e-06,-,0
2026-08-02 17:20:00+00:00,1e-10,1e-10,-,0
2026-08-02 17:21:00+00:00,3.8690538251726946e-08,1.3003039553082547e-06,-,0
2026-08-02 17:22:00+00:00,5.877399559759988e-07,8.51967783510963e-07,-,0
2026-08-02 17:23:00+00:00,1e-10,1e-10,-,0
2026-08-02 17:24:00+00:00,1e-10,1e-10,-,0
2026-08-02 17:25:00+00:00,1e-10,1e-10,-,0
2026-08-02 17:26:00+00:00,1e-10,1.655652126606368e-06,-,0
2026-08-02 17:27:00+00:00,1.5457656854492822e-06,1e-10,-,0
2026-08-02 17:28:00+00:00,3.911114172423083e-08,1e-10,-,0
2026-08-02 17:29:00+00:00,8.395358414444741e-07,1e-10,-,0
2026-08-02 17:30:00+00:00,2.5896592013582345e-07,1e-10,-,0
2026-08-02 17:31:00+00:00,1.7637193422620246e-06,1.1603994791894602e-06,-,0
2026-08-02 17:32:00+00:00,1e-10,1e-10,-,0
2026-08-02 17:33:00+00:00,1e-10,5.326963576114395e-07,-,0
2026-08-02 17:34:00+00:00,1e-10,1e-10,-,0
2026-08-02 17:35:00+00:00,9.26685082553704e-07,2.1090694601075355e-06,-,0
2026-08-02 17:36:00+00:00,1.263538649982136e-06,1.3297689372009878e-07,-,0
2026-08-02 17:37:00+00:00,9.94657813786199e-07,1e-10,-,0
2026-08-02 17:38:00+00:00,1e-10,1e-10,-,0
2026-08-02 17:39:00+00:00,1e-10,2.4508996311844676e-07,-,0
2026-08-02 17:40:00+00:00,1e-10,1e-10,-,0
2026-08-02 17:41:00+00:00,1e-10,1.1331976975855782e-07,-,0
2026-08-02 17:42:00+00:00,1.0507274557644817e-06,1e-10,-,0
2026-08-02 17:43:00+00:00,1e-10,1e-10,-,0
2026-08-02 17:44:00+00:00,1e-10,2.3051568610426033e-06,-,0
2026-08-02 17:45:00+00:00,2.4344825645196285e-06,1.572908678979914e-06,-,0
2026-08-02 17:46:00+00:00,9.111278128131318e-07,1.6361173149273755e-06,-,0
2026-08-02 17:47:00+00:00,1.221684019934661e-06,9.540560033815526e-07,-,0
2026-08-02 17:48:00+00:00,1e-10,4.609031168698728e-07,-,0
2026-08-02 17:49:00+00:00,1e-10,1.6444202018320898e-06,-,0
2026-08-02 17:50:00+00:00,1.2095596540466895e-06,3.71495634054534e-07,-,0
2026-08-02 17:51:00+00:00,1.6797415023113786e-06,6.957540880168758e-07,-,0
2026-08-02 17:52:00+00:00,1e-10,1.553908654875923e-06,-,0
2026-08-02 17:53:00+00:00,1e-10,9.152822290954588e-07,-,0
2026-08-02 17:54:00+00:00,1e-10,4.998470717404091e-07,-,0
2026-08-02 17:55:00+00:00,5.609669365624789e-07,8.94582957370995e-07,-,0
2026-08-02 17:56:00+00:00,1.2343578470702928e-06,1.293595092011186e-07,-,0
2026-08-02 17:57:00+00:00,1e-10,5.719707159316284e-07,-,0
2026-08-02 17:58:00+00:00,1e-10,6.798669519376549e-07,-,0
2026-08-02 17:59:00+00:00,1e-10,1e-10,-,0
2026-08-02 18:00:00+00:00,1e-10,1e-10,-,0
2026-08-02 18:01:00+00:00,1.6973505180902064e-06,8.177880402127429e-07,-,0
2026-08-02 18:02:00+00:00,5.718162968641016e-07,1.520288920568528e-07,-,0
2026-08-02 18:03:00+00:00,1.0549363080445186e-06,1e-10,-,0
2026-08-02 18:04:00+00:00,1e-10,3.3263219958728803e-07,-,0
2026-08-02 18:05:00+00:00,1e-10,1e-10,-,0
2026-08-02 18:06:00+00:00,4.980436202883466e-08,1e-10,-,0
2026-08-02 18:07:00+00:00,3.877238285073966e-07,1e-10,-,0
2026-08-02 18:08:00+00:00,1.552132990999199e-06,2.0608451510318187e-07,-,0
2026-08-02 18:09:00+00:00,1e-10,9.60688864825126e-07,-,0
2026-08-02 18:10:00+00:00,1e-10,1e-10,-,0
2026-08-02 18:11:00+00:00,1e-10,1.5064499996772694e-06,-,0
2026-08-02 18:12:00+00:00,1e-10,1e-10,-,0
2026-08-02 18:13:00+00:00,1.0497530819424104e-06,7.802556172772235e-07,-,0
2026-08-02 18:14:00+00:00,1.9627054213158026e-06,1e-10,-,0
2026-08-02 18:15:00+00:00,8.770363152257864e-07,1.3088161415318332e-06,-,0
2026-08-02 18:16:00+00:00,2.883478622184285e-07,2.514192566245269e-07,-,0
2026-08-02 18:17:00+00:00,2.080799412927049e-06,1e-10,-,0
2026-08-02 18:18:00+00:00,5.370452424667592e-07,1.20282151185625e-07,-,0
2026-08-02 18:19:00+00:00,9.155860997031201e-07,4.530822377831485e-07,-,0
2026-08-02 18:20:00+00:00,1.8395520331630596e-07,2.5629031463557144e-07,-,0
2026-08-02 18:21:00+00:00,3.5413012519430733e-07,3.728438422482243e-07,-,0
2026-08-02 18:22:00+00:00,1e-10,1e-10,-,0
2026-08-02 18:23:00+00:00,9.520732047667745e-07,1e-10,-,0
2026-08-02 18:24:00+00:00,1e-10,1e-10,-,0
2026-08-02 18:25:00+00:00,4.947224774119887e-07,6.557668621062495e-07,-,0
2026-08-02 18:26:00+00:00,1e-10,5.719633359235687e-07,-,0
2026-08-02 18:27:00+00:00,5.946250984829883e-07,2.138375970174364e-06,-,0
2026-08-02 18:28:00+00:00,2.679648385931465e-06,1e-10,-,0
2026-08-02 18:29:00+00:00,8.042094377317274e-07,3.148644989276959e-07,-,0
2026-08-02 18:30:00+00:00,1.3280430776854624e-06,1.737623714215165e-07,-,0
2026-08-02 18:31:00+00:00,1.026494465001045e-06,9.733149057206216e-07,-,0
2026-08-02 18:32:00+00:00,1e-10,1e-10,-,0
2026-08-02 18:33:00+00:00,1e-10,1.7323608456110588e-07,-,0
2026-08-02 18:34:00+00:00,5.255597181491422e-07,3.499691500495321e-08,-,0
2026-08-02 18:35:00+00:00,1e-10,8.355046592335095e-07,-,0
2026-08-02 18:36:00+00:00,1e-10,2.4862352122674585e-06,-,0
2026-08-02 18:37:00+00:00,1e-10,3.7524743053348853e-07,-,0
2026-08-02 18:38:00+00:00,1e-10,1e-10,-,0
2026-08-02 18:39:00+00:00,1e-10,1e-10,-,0
2026-08-02 18:40:00+00:00,1.5089166642869743e-06,1.1834030002521533e-06,-,0
2026-08-02 18:41:00+00:00,1e-10,1e-10,-,0
2026-08-02 18:42:00+00:00,3.3079061894685343e-07,3.5835814891802267e-07,-,0
2026-08-02 18:43:00+00:00,1.3147302568281358e-06,1e-10,-,0
2026-08-02 18:44:00+00:00,1e-10,3.0173949239350795e-06,-,0
2026-08-02 18:45:00+00:00,1.5870532549241283e-06,1e-10,-,0
2026-08-02 18:46:00+00:00,1e-10,1e-10,-,0
2026-08-02 18:47:00+00:00,1e-10,8.772620620633148e-07,-,0
2026-08-02 18:48:00+00:00,1.9090110642346466e-08,1e-10,-,0
2026-08-02 18:49:00+00:00,1e-10,1e-10,-,0
2026-08-02 18:50:00+00:00,1e-10,1e-10,-,0
2026-08-02 18:51:00+00:00,1e-10,1e-10,-,0
2026-08-02 18:52:00+00:00,1e-10,1e-10,-,0
2026-08-02 18:53:00+00:00,1e-10,1e-10,-,0
2026-08-02 18:54:00+00:00,1e-10,2.1554007143568897e-06,-,0
2026-08-02 18:55:00+00:00,4.903289098853791e-07,2.3080042537040494e-06,-,0
2026-08-02 18:56:00+00:00,1e-10,2.2894005794554684e-06,-,0
2026-08-02 18:57:00+00:00,1e-10,1e-10,-,0
2026-08-02 18:58:00+00:00,1e-10,8.040375638699787e-07,-,0
2026-08-02 18:59:00+00:00,2.5858141190943547e-07,1.4696212584489532e-07,-,0
2026-08-02 19:00:00+00:00,7.725242169215375e-07,1e-10,-,0
2026-08-02 19:01:00+00:00,8.610568017460039e-07,1e-10,-,0
2026-08-02 19:02:00+00:00,2.650782277940503e-07,1e-10,-,0
2026-08-02 19:03:00+00:00,6.248687753429324e-07,1.7804758161550101e-07,-,0
2026-08-02 19:04:00+00:00,1e-10,1e-10,-,0
2026-08-02 19:05:00+00:00,5.344339846607592e-07,1e-10,-,0
2026-08-02 19:06:00+00:00,5.155781911353155e-07,4.169389189790786e-07,-,0
2026-08-02 19:07:00+00:00,1e-10,1e-10,-,0
2026-08-02 19:08:00+00:00,1e-10,1.6442691147529266e-06,-,0
2026-08-02 19:09:00+00:00,1.524637974416589e-06,6.518980111481072e-08,-,0
2026-08-02 19:10:00+00:00,1.712251075411543e-07,1e-10,-,0
2026-08-02 19:11:00+00:00,1.197822298377876e-06,1e-10,-,0
2026-08-02 19:12:00+00:00,1e-10,5.331317139862599e-07,-,0
2026-08-02 19:13:00+00:00,1e-10,1e-10,-,0
2026-08-02 19:14:00+00:00,1e-10,1.4806840283919045e-06,-,0
2026-08-02 19:15:00+00:00,7.437530404940874e-07,9.739886137522095e-07,-,0
2026-08-02 19:16:00+00:00,1e-10,1e-10,-,0
2026-08-02 19:17:00+00:00,1e-10,1e-10,-,0
2026-08-02 19:18:00+00:00,2.1958274686128117e-06,1.3601322369617817e-06,-,0
2026-08-02 19:19:00+00:00,7.672633738630328e-07,4.578287265592764e-07,-,0
2026-08-02 19:20:00+00:00,7.524009470034557e-07,1e-10,-,0
2026-08-02 19:21:00+00:00,1e-10,1e-10,-,0
2026-08-02 19:22:00+00:00,1e-10,1e-10,-,0
2026-08-02 19:23:00+00:00,1.1063509721216735e-06,1e-10,-,0
2026-08-02 19:24:00+00:00,1e-10,3.5009030753243187e-07,-,0
2026-08-02 19:25:00+00:00,1e-10,1e-10,-,0
2026-08-02 19:26:00+00:00,1e-10,1e-10,-,0
2026-08-02 19:27:00+00:00,1e-10,1.2304223355003503e-06,-,0
2026-08-02 19:28:00+00:00,1e-10,6.119050570312143e-07,-,0
2026-08-02 19:29:00+00:00,1e-10,1e-10,-,0
2026-08-02 19:30:00+00:00,1e-10,1e-10,-,0
2026-08-02 19:31:00+00:00,3.134755461406661e-07,7.976571548528973e-07,-,0
2026-08-02 19:32:00+00:00,1.209153577185068e-06,1e-10,-,0
2026-08-02 19:33:00+00:00,1e-10,1e-10,-,0
2026-08-02 19:34:00+00:00,2.458680538925655e-07,1e-10,-,0
2026-08-02 19:35:00+00:00,6.29976405128054e-07,1e-10,-,0
2026-08-02 19:36:00+00:00,5.225920997396771e-07,1e-10,-,0
2026-08-02 19:37:00+00:00,1e-10,1e-10,-,0
2026-08-02 19:38:00+00:00,1e-10,1e-10,-,0
2026-08-02 19:39:00+00:00,8.704881392071391e-07,1e-10,-,0
2026-08-02 19:40:00+00:00,4.01241893306745e-07,9.537281431739704e-07,-,0
2026-08-02 19:41:00+00:00,1e-10,1e-10,-,0
2026-08-02 19:42:00+00:00,1e-10,5.156591418924307e-07,-,0
2026-08-02 19:43:00+00:00,9.18746779743466e-08,1.0740370623945797e-06,-,0
2026-08-02 19:44:00+00:00,1e-10,1e-10,-,0
2026-08-02 19:45:00+00:00,1e-10,5.742076883963807e-07,-,0
2026-08-02 19:46:00+00:00,5.74776707468445e-07,1e-10,-,0
2026-08-02 19:47:00+00:00,1e-10,8.332434039680586e-07,-,0
2026-08-02 19:48:00+00:00,2.8932912144459044e-07,7.250179852190386e-07,-,0
2026-08-02 19:49:00+00:00,1e-10,1.628751238518488e-06,-,0
2026-08-02 19:50:00+00:00,1e-10,1.3143791588779753e-06,-,0
2026-08-02 19:51:00+00:00,7.072503647340752e-07,3.0011207359331805e-07,-,0
2026-08-02 19:52:00+00:00,1.3302372347291596e-06,3.0873452492649407e-06,-,0
2026-08-02 19:53:00+00:00,1e-10,9.917642678738109e-07,-,0
2026-08-02 19:54:00+00:00,1.085287000787264e-06,1.425936893540437e-06,-,0
2026-08-02 19:55:00+00:00,1.5683601403591226e-08,1e-10,-,0
2026-08-02 19:56:00+00:00,1e-10,1e-10,-,0
2026-08-02 19:57:00+00:00,1e-10,8.606246036560209e-08,-,0
2026-08-02 19:58:00+00:00,7.020707796052975e-07,1e-10,-,0
2026-08-02 19:59:00+00:00,1e-10,4.624802082837445e-08,-,0
2026-08-02 20:00:00+00:00,1e-10,1e-10,-,0
2026-08-02 20:01:00+00:00,1e-10,1.227538761991811e-06,-,0
2026-08-02 20:02:00+00:00,5.245484229094076e-07,1.308140957947433e-06,-,0
2026-08-02 20:03:00+00:00,2.3326031007116186e-07,1.4054744566402136e-07,-,0
2026-08-02 20:04:00+00:00,1.7652842282037953e-06,1e-10,-,0
2026-08-02 20:05:00+00:00,1e-10,2.004944802844028e-06,-,0
2026-08-02 20:06:00+00:00,1.376124223017472e-07,1e-10,-,0
2026-08-02 20:07:00+00:00,5.303734553768819e-07,1e-10,-,0
2026-08-02 20:08:00+00:00,8.20551919422658e-07,5.413584483589368e-07,-,0
2026-08-02 20:09:00+00:00,1.1929820168089697e-06,1e-10,-,0
2026-08-02 20:10:00+00:00,1e-10,1e-10,-,0
2026-08-02 20:11:00+00:00,7.539155087887468e-07,1e-10,-,0
2026-08-02 20:12:00+00:00,1e-10,1e-10,-,0
2026-08-02 20:13:00+00:00,1e-10,1.6555291236907752e-06,-,0
2026-08-02 20:14:00+00:00,5.826866863568772e-07,1.4652322234109567e-06,-,0
2026-08-02 20:15:00+00:00,1.1090017758438946e-06,8.877770296242375e-07,-,0
2026-08-02 20:16:00+00:00,6.618332211044101e-07,1e-10,-,0
2026-08-02 20:17:00+00:00,1.3077431230160474e-07,1e-10,-,0
2026-08-02 20:18:00+00:00,1e-10,1e-10,-,0
2026-08-02 20:19:00+00:00,6.358957914381813e-07,1e-10,-,0
2026-08-02 20:20:00+00:00,2.4527030066669003e-06,1e-10,-,0
2026-08-02 20:21:00+00:00,9.759346481133791e-07,1e-10,-,0
2026-08-02 20:22:00+00:00,4.514360162818626e-07,1e-10,-,0
2026-08-02 20:23:00+00:00,1e-10,1.3243319017508426e-06,-,0
2026-08-02 20:24:00+00:00,1e-10,1e-10,-,0
2026-08-02 20:25:00+00:00,1e-10,1e-10,-,0
2026-08-02 20:26:00+00:00,1.0398164563002886e-06,1e-10,-,0
2026-08-02 20:27:00+00:00,1e-10,8.791645437179086e-07,-,0
2026-08-02 20:28:00+00:00,7.424416262487311e-07,1e-10,-,0
2026-08-02 20:29:00+00:00,1.6447109380891073e-07,5.433840375197728e-07,-,0
2026-08-02 20:30:00+00:00,4.2177001606686743e-07,1e-10,-,0
2026-08-02 20:31:00+00:00,1e-10,1.3219245246861745e-07,-,0
2026-08-02 20:32:00+00:00,1e-10,1e-10,-,0
2026-08-02 20:33:00+00:00,1e-10,1e-10,-,0
2026-08-02 20:34:00+00:00,7.070850813434421e-07,1e-10,-,0
2026-08-02 20:35:00+00:00,1e-10,1.8553244081812623e-07,-,0
2026-08-02 20:36:00+00:00,1e-10,9.91395572362727e-07,-,0
2026-08-02 20:37:00+00:00,2.765912031842615e-07,5.820381340272307e-07,-,0
2026-08-02 20:38:00+00:00,3.819797770360909e-06,1.7502649925946807e-06,-,0
2026-08-02 20:39:00+00:00,1e-10,1e-10,-,0
2026-08-02 20:40:00+00:00,1.8628236860213191e-06,2.339751535107127e-06,-,0
2026-08-02 20:41:00+00:00,1e-10,1.0560407937148765e-06,-,0
2026-08-02 20:42:00+00:00,1e-10,1e-10,-,0
2026-08-02 20:43:00+00:00,1.0871906401557603e-06,1.109039659448111e-06,-,0
2026-08-02 20:44:00+00:00,4.450059597034322e-08,1.9780460349164937e-06,-,0
2026-08-02 20:45:00+00:00,1e-10,1.2476307708626177e-06,-,0
2026-08-02 20:46:00+00:00,6.238488974625963e-10,1e-10,-,0
2026-08-02 20:47:00+00:00,1.1198280637229512e-06,5.122191487692422e-08,-,0
2026-08-02 20:48:00+00:00,2.402927548068645e-06,8.484751183484755e-07,-,0
2026-08-02 20:49:00+00:00,1.2094956533686101e-06,1e-10,-,0
2026-08-02 20:50:00+00:00,1e-10,4.963665627143761e-07,-,0
2026-08-02 20:51:00+00:00,1e-10,5.736003158184141e-07,-,0
2026-08-02 20:52:00+00:00,1e-10,1e-10,-,0
2026-08-02 20:53:00+00:00,1e-10,1.4109851688297339e-06,-,0
2026-08-02 20:54:00+00:00,1e-10,1.0696037005550273e-07,-,0
2026-08-02 20:55:00+00:00,1e-10,1e-10,-,0
2026-08-02 20:56:00+00:00,1e-10,1e-10,-,0
2026-08-02 20:57:00+00:00,9.590409571739656e-07,1e-10,-,0
2026-08-02 20:58:00+00:00,4.966715226220268e-07,1.051496699252495e-06,-,0
2026-08-02 20:59:00+00:00,1e-10,2.738346027624157e-07,-,0
2026-08-02 21:00:00+00:00,1.9459934944280381e-07,7.942882128767829e-07,-,0
2026-08-02 21:01:00+00:00,1e-10,1e-10,-,0
2026-08-02 21:02:00+00:00,1e-10,1.0295931103170241e-07,-,0
2026-08-02 21:03:00+00:00,7.914507491590992e-07,1e-10,-,0
2026-08-02 21:04:00+00:00,5.492621023448456e-07,4.4149065979796107e-07,-,0
2026-08-02 21:05:00+00:00,1e-10,1e-10,-,0
2026-08-02 21:06:00+00:00,3.774993981827781e-07,3.5931262667864386e-07,-,0
2026-08-02 21:07:00+00:00,1e-10,1e-10,-,0
2026-08-02 21:08:00+00:00,1e-10,2.8335739989420037e-06,-,0
2026-08-02 21:09:00+00:00,1e-10,8.710461474434374e-08,-,0
2026-08-02 21:10:00+00:00,5.090954215370059e-07,5.196560432712196e-07,-,0
2026-08-02 21:11:00+00:00,3.683857268908748e-07,4.387807799830271e-07,-,0
2026-08-02 21:12:00+00:00,1e-10,1e-10,-,0
2026-08-02 21:13:00+00:00,2.150435662316052e-07,4.770055579179233e-07,-,0
2026-08-02 21:14:00+00:00,6.01671968109611e-08,1.3315414611628292e-06,-,0
2026-08-02 21:15:00+00:00,1e-10,2.039499464527549e-07,-,0
2026-08-02 21:16:00+00:00,1e-10,9.635458784599723e-07,-,0
2026-08-02 21:17:00+00:00,5.745963190154169e-07,8.640267338578992e-07,-,0
2026-08-02 21:18:00+00:00,1.5614214949479462e-06,7.941173417997756e-07,-,0
2026-08-02 21:19:00+00:00,1e-10,2.071496997358104e-06,-,0
2026-08-02 21:20:00+00:00,1.1167081889536156e-06,3.983721669649451e-07,-,0
2026-08-02 21:21:00+00:00,1e-10,1e-10,-,0
2026-08-02 21:22:00+00:00,1.580602312852832e-06,1e-10,-,0
2026-08-02 21:23:00+00:00,1e-10,4.612384367373556e-07,-,0
2026-08-02 21:24:00+00:00,1e-10,1e-10,-,0
2026-08-02 21:25:00+00:00,4.2215074419163914e-07,1.5679913418992266e-06,-,0
2026-08-02 21:26:00+00:00,1e-10,1e-10,-,0
2026-08-02 21:27:00+00:00,5.996321056613668e-07,1e-10,-,0
2026-08-02 21:28:00+00:00,1e-10,1e-10,-,0
2026-08-02 21:29:00+00:00,1e-10,1.2772066656788804e-07,-,0
2026-08-02 21:30:00+00:00,1e-10,1e-10,-,0
2026-08-02 21:31:00+00:00,2.4043941403816264e-07,1e-10,-,0
2026-08-02 21:32:00+00:00,1.2077575985157046e-06,1e-10,-,0
2026-08-02 21:33:00+00:00,3.9413043633730704e-07,1e-10,-,0
2026-08-02 21:34:00+00:00,1.1901039484770362e-06,1e-10,-,0
2026-08-02 21:35:00+00:00,1e-10,3.239493403730876e-07,-,0
2026-08-02 21:36:00+00:00,8.355269906147503e-07,1.3746074598518549e-06,-,0
2026-08-02 21:37:00+00:00,8.544034906453099e-07,2.4849222653280066e-07,-,0
2026-08-02 21:38:00+00:00,1e-10,1e-10,-,0
2026-08-02 21:39:00+00:00,1.247718760748157e-06,1e-10,-,0
2026-08-02 21:40:00+00:00,3.940109572040861e-07,6.53099370892734e-07,-,0
2026-08-02 21:41:00+00:00,1e-10,1e-10,-,0
2026-08-02 21:42:00+00:00,1e-10,3.5719654112876256e-07,-,0
2026-08-02 21:43:00+00:00,1e-10,3.0069763749814753e-07,-,0
2026-08-02 21:44:00+00:00,7.288279689166149e-07,1e-10,-,0
2026-08-02 21:45:00+00:00,3.6515995262149434e-07,1.3498691093609407e-06,-,0
2026-08-02 21:46:00+00:00,6.733004312302121e-07,1e-10,-,0
2026-08-02 21:47:00+00:00,1.1709755655183909e-07,1e-10,-,0
2026-08-02 21:48:00+00:00,2.541152674108502e-07,5.096791280980211e-07,-,0
2026-08-02 21:49:00+00:00,1e-10,1e-10,-,0
2026-08-02 21:50:00+00:00,1.2212514922415093e-06,1.4188976493918535e-06,-,0
2026-08-02 21:51:00+00:00,7.003167926025619e-07,1e-10,-,0
2026-08-02 21:52:00+00:00,2.201196096317518e-07,2.0261682910423563e-06,-,0
2026-08-02 21:53:00+00:00,1e-10,1.2628113046184668e-06,-,0
2026-08-02 21:54:00+00:00,1e-10,1e-10,-,0
2026-08-02 21:55:00+00:00,1e-10,3.7750503687357186e-07,-,0
2026-08-02 21:56:00+00:00,1e-10,1e-10,-,0
2026-08-02 21:57:00+00:00,1.4326728734959732e-06,1e-10,-,0
2026-08-02 21:58:00+00:00,1e-10,1e-10,-,0
2026-08-02 21:59:00+00:00,1e-10,7.128226324374274e-07,-,0
2026-08-02 22:00:00+00:00,1e-10,1e-10,-,0
2026-08-02 22:01:00+00:00,1e-10,8.821617440504208e-07,-,0
2026-08-02 22:02:00+00:00,1e-10,2.567535135896519e-07,-,0
2026-08-02 22:03:00+00:00,3.3913687649620567e-07,1e-10,-,0
2026-08-02 22:04:00+00:00,1e-10,9.444020052604601e-07,-,0
2026-08-02 22:05:00+00:00,1e-10,5.848775379480623e-07,-,0
2026-08-02 22:06:00+00:00,1e-10,1e-10,-,0
2026-08-02 22:07:00+00:00,2.918062837143474e-07,1.093261169925271e-06,-,0
2026-08-02 22:08:00+00:00,4.5947077698976105e-07,1e-10,-,0
2026-08-02 22:09:00+00:00,1e-10,1e-10,-,0
2026-08-02 22:10:00+00:00,1e-10,1e-10,-,0
2026-08-02 22:11:00+00:00,1e-10,1e-10,-,0
2026-08-02 22:12:00+00:00,5.162757099732393e-07,1e-10,-,0
2026-08-02 22:13:00+00:00,1.701850894379732e-07,1e-10,-,0
2026-08-02 22:14:00+00:00,9.400702412233121e-07,1.8442463195165053e-06,-,0
2026-08-02 22:15:00+00:00,1e-10,1.2695666600071954e-06,-,0
2026-08-02 22:16:00+00:00,4.879562497741957e-07,1.6552709030885586e-06,-,0
2026-08-02 22:17:00+00:00,2.299635860755175e-06,1.0129400732206996e-06,-,0
2026-08-02 22:18:00+00:00,8.049446139097541e-08,1e-10,-,0
2026-08-02 22:19:00+00:00,1.2629916078717888e-07,1e-10,-,0
2026-08-02 22:20:00+00:00,6.050490916654166e-07,1e-10,-,0
2026-08-02 22:21:00+00:00,1e-10,6.09236929581974e-07,-,0
2026-08-02 22:22:00+00:00,1e-10,5.328814691869639e-07,-,0
2026-08-02 22:23:00+00:00,9.537477487824191e-08,1e-10,-,0
2026-08-02 22:24:00+00:00,1e-10,4.950430500125687e-07,-,0
2026-08-02 22:25:00+00:00,4.65951792136753e-07,1.3001986280196293e-06,-,0
2026-08-02 22:26:00+00:00,6.553698268183817e-07,2.186960081872306e-09,-,0
2026-08-02 22:27:00+00:00,1e-10,1e-10,-,0
2026-08-02 22:28:00+00:00,2.070770884130936e-07,5.151695638419673e-07,-,0
2026-08-02 22:29:00+00:00,1e-10,1e-10,-,0
2026-08-02 22:30:00+00:00,1.6651301480558271e-06,1e-10,-,0
2026-08-02 22:31:00+00:00,1.4772156769449387e-06,3.13597929607685e-07,-,0
2026-08-02 22:32:00+00:00,9.620202578633012e-07,6.969703168586143e-07,-,0
2026-08-02 22:33:00+00:00,1.3717972433063305e-06,1.1169813120307755e-07,-,0
2026-08-02 22:34:00+00:00,1e-10,1e-10,-,0
2026-08-02 22:35:00+00:00,3.184950717521836e-07,3.1153810255207897e-06,-,0
2026-08-02 22:36:00+00:00,1e-10,1e-10,-,0
2026-08-02 22:37:00+00:00,1e-10,5.128218039929928e-07,-,0
2026-08-02 22:38:00+00:00,1.271599333601607e-07,1e-10,-,0
2026-08-02 22:39:00+00:00,1e-10,1e-10,-,0
2026-08-02 22:40:00+00:00,1e-10,6.300314314298986e-08,-,0
2026-08-02 22:41:00+00:00,1e-10,1e-10,-,0
2026-08-02 22:42:00+00:00,9.70458604452286e-08,1.1101005833889791e-07,-,0
2026-08-02 22:43:00+00:00,1.0136293613549966e-06,1e-10,-,0
2026-08-02 22:44:00+00:00,1e-10,1.5539394802858698e-07,-,0
2026-08-02 22:45:00+00:00,1e-10,1e-10,-,0
2026-08-02 22:46:00+00:00,7.78400301324309e-07,1.207040659579978e-06,-,0
2026-08-02 22:47:00+00:00,9.808275133078702e-07,3.379666998198047e-07,-,0
2026-08-02 22:48:00+00:00,4.2821117795359284e-07,1e-10,-,0
2026-08-02 22:49:00+00:00,1e-10,1e-10,-,0
2026-08-02 22:50:00+00:00,1e-10,1e-10,-,0
2026-08-02 22:51:00+00:00,3.473677212948528e-07,1.382809383474314e-07,-,0
2026-08-02 22:52:00+00:00,1e-10,1.6773954382592336e-06,-,0
2026-08-02 22:53:00+00:00,1e-10,1e-10,-,0
2026-08-02 22:54:00+00:00,1e-10,1.841484898093851e-07,-,0
2026-08-02 22:55:00+00:00,1.3394503710988743e-06,1e-10,-,0
2026-08-02 22:56:00+00:00,2.7965495640311973e-07,1e-10,-,0
2026-08-02 22:57:00+00:00,1e-10,6.894259038431326e-07,-,0
2026-08-02 22:58:00+00:00,1e-10,1.2098349469374041e-06,-,0
2026-08-02 22:59:00+00:00,1e-10,4.919410030362688e-07,-,0
2026-08-02 23:00:00+00:00,1e-10,2.610953712532934e-06,-,0
2026-08-02 23:01:00+00:00,8.290282348650621e-07,1e-10,-,0
2026-08-02 23:02:00+00:00,1e-10,1e-10,-,0
2026-08-02 23:03:00+00:00,1.4874706897862666e-06,1.3276291269576108e-06,-,0
2026-08-02 23:04:00+00:00,2.4527469253088673e-06,1.3967789210709744e-06,-,0
2026-08-02 23:05:00+00:00,2.0895529940321445e-07,1.2311843268484897e-06,-,0
2026-08-02 23:06:00+00:00,1e-10,1e-10,-,0
2026-08-02 23:07:00+00:00,1.3150756430611087e-06,1e-10,-,0
2026-08-02 23:08:00+00:00,3.3523883940627655e-07,1e-10,-,0
2026-08-02 23:09:00+00:00,1e-10,2.20855068495342e-06,-,0
2026-08-02 23:10:00+00:00,1e-10,1e-10,-,0
2026-08-02 23:11:00+00:00,1e-10,1e-10,-,0
2026-08-02 23:12:00+00:00,2.4228163064442214e-07,1e-10,-,0
2026-08-02 23:13:00+00:00,1.0201458609295203e-06,1.3622928025174447e-07,-,0
2026-08-02 23:14:00+00:00,3.465114161054468e-07,7.489567087976627e-07,-,0
2026-08-02 23:15:00+00:00,5.33111580613752e-07,1e-10,-,0
2026-08-02 23:16:00+00:00,1e-10,1e-10,-,0
2026-08-02 23:17:00+00:00,9.727545333522407e-07,1e-10,-,0
2026-08-02 23:18:00+00:00,1e-10,1e-10,-,0
2026-08-02 23:19:00+00:00,2.0642888751426898e-06,1.5612201077556685e-06,-,0
2026-08-02 23:20:00+00:00,1e-10,1e-10,-,0
2026-08-02 23:21:00+00:00,4.702302696566513e-07,7.129601573503578e-07,-,0
2026-08-02 23:22:00+00:00,2.453612752067985e-06,1e-10,-,0
2026-08-02 23:23:00+00:00,1.185005424401081e-06,1e-10,-,0
2026-08-02 23:24:00+00:00,8.538897116753813e-07,1.8394487034162274e-06,-,0
2026-08-02 23:25:00+00:00,3.591144160723406e-07,6.531484819308415e-07,-,0
2026-08-02 23:26:00+00:00,8.597535719562958e-08,4.379761403096594e-07,-,0
2026-08-02 23:27:00+00:00,1e-10,1e-10,-,0
2026-08-02 23:28:00+00:00,1e-10,1e-10,-,0
2026-08-02 23:29:00+00:00,1e-10,1.728115253678857e-06,-,0
2026-08-02 23:30:00+00:00,7.381844970491536e-07,1.4523388182490502e-06,-,0
2026-08-02 23:31:00+00:00,1e-10,1e-10,-,0
2026-08-02 23:32:00+00:00,7.506616389391731e-07,1.3667250058434948e-06,-,0
2026-08-02 23:33:00+00:00,1e-10,1.7586486953334442e-06,-,0
2026-08-02 23:34:00+00:00,1e-10,1e-10,-,0
2026-08-02 23:35:00+00:00,1.5830094761139928e-06,1.477172911356011e-06,-,0
2026-08-02 23:36:00+00:00,1e-10,1.42682607178463e-06,-,0
2026-08-02 23:37:00+00:00,1e-10,9.417993052744396e-07,-,0
2026-08-02 23:38:00+00:00,1e-10,1.0504282962807388e-06,-,0
2026-08-02 23:39:00+00:00,1.973117100560469e-07,1e-10,-,0
2026-08-02 23:40:00+00:00,1e-10,8.820466601764188e-07,-,0
2026-08-02 23:41:00+00:00,1.6480243058894457e-06,1e-10,-,0
2026-08-02 23:42:00+00:00,1e-10,1e-10,-,0
2026-08-02 23:43:00+00:00,4.554413793278811e-06,1.7033190827622956e-06,-,0
2026-08-02 23:44:00+00:00,1e-10,1e-10,-,0
2026-08-02 23:45:00+00:00,3.30250065175713e-06,2.6682038593088087e-07,-,0
2026-08-02 23:46:00+00:00,1.2429886765493464e-06,1.6262963676316107e-07,-,0
2026-08-02 23:47:00+00:00,1e-10,1e-10,-,0
2026-08-02 23:48:00+00:00,2.819323878581322e-07,1e-10,-,0
2026-08-02 23:49:00+00:00,1e-10,8.688445532672828e-07,-,0
2026-08-02 23:50:00+00:00,4.1648058939421734e-07,2.085423916657357e-08,-,0
2026-08-02 23:51:00+00:00,1e-10,1e-10,-,0
2026-08-02 23:52:00+00:00,8.138332641251623e-07,3.772979725504394e-07,-,0
2026-08-02 23:53:00+00:00,2.3143310331477452e-07,1.204591023024021e-06,-,0
2026-08-02 23:54:00+00:00,1e-10,1e-10,-,0
2026-08-02 23:55:00+00:00,5.029842139409208e-07,1e-10,-,0
2026-08-02 23:56:00+00:00,4.3478801797987397e-07,2.669330136667747e-08,-,0
2026-08-02 23:57:00+00:00,1e-10,1.9807365227930025e-06,-,0
2026-08-02 23:58:00+00:00,1e-10,1.351929814491308e-06,-,0
2026-08-02 23:59:00+00:00,6.003094514649353e-07,1e-10,-,0
2026-08-03 00:00:00+00:00,1.2392219873749071e-06,1.5004689343162413e-06,-,0
2026-08-03 00:01:00+00:00,1e-10,1e-10,-,0
2026-08-03 00:02:00+00:00,1.4140778498672621e-05,1e-10,-,0
2026-08-03 00:03:00+00:00,1.3247724647414692e-06,1e-10,-,0
2026-08-03 00:04:00+00:00,1.4719994470769983e-06,1.5297427166403951e-06,-,0
2026-08-03 00:05:00+00:00,4.901595835150591e-07,5.12509252666664e-07,-,0
2026-08-03 00:06:00+00:00,1e-10,1e-10,-,0
2026-08-03 00:07:00+00:00,1.0178232865453118e-06,1.7728683727778442e-06,-,0
2026-08-03 00:08:00+00:00,1e-10,7.975327319646502e-07,-,0
2026-08-03 00:09:00+00:00,5.925170653373929e-07,1e-10,-,0
2026-08-03 00:10:00+00:00,1e-10,3.397859658625753e-07,-,0
2026-08-03 00:11:00+00:00,1e-10,1e-10,-,0
2026-08-03 00:12:00+00:00,1e-10,2.2371723136726566e-06,-,0
2026-08-03 00:13:00+00:00,1e-10,1e-10,-,0
2026-08-03 00:14:00+00:00,1e-10,1e-10,-,0
2026-08-03 00:15:00+00:00,1e-10,2.226687290449138e-07,-,0
2026-08-03 00:16:00+00:00,6.572493920296819e-07,3.222129482382767e-06,-,0
2026-08-03 00:17:00+00:00,1e-10,1e-10,-,0
2026-08-03 00:18:00+00:00,1e-10,9.148725094959338e-07,-,0
2026-08-03 00:19:00+00:00,3.375193597153439e-08,8.389148983189535e-08,-,0
2026-08-03 00:20:00+00:00,2.035827829864534e-06,4.5127250717433635e-07,-,0
2026-08-03 00:21:00+00:00,1e-10,1.2807135460712235e-06,-,0
2026-08-03 00:22:00+00:00,1e-10,1e-10,-,0
2026-08-03 00:23:00+00:00,1e-10,1e-10,-,0
2026-08-03 00:24:00+00:00,1e-10,1e-10,-,0
2026-08-03 00:25:00+00:00,1e-10,1.569342004805672e-06,-,0
2026-08-03 00:26:00+00:00,2.58050844263173e-06,1.426184746100462e-06,-,0
2026-08-03 00:27:00+00:00,1.1022341409649437e-06,1e-10,-,0
2026-08-03 00:28:00+00:00,1e-10,4.3070793175838384e-07,-,0
2026-08-03 00:29:00+00:00,2.07853261085246e-06,1.1769870879775008e-06,-,0
2026-08-03 00:30:00+00:00,1e-10,1e-10,-,0
2026-08-03 00:31:00+00:00,1e-10,1.5540212333143724e-06,-,0
2026-08-03 00:32:00+00:00,1e-10,1e-10,-,0
2026-08-03 00:33:00+00:00,1.1635845161606312e-06,1e-10,-,0
2026-08-03 00:34:00+00:00,1e-10,1.5656300950974366e-06,-,0
2026-08-03 00:35:00+00:00,1.699539339455733e-06,1.2677254745494993e-06,-,0
2026-08-03 00:36:00+00:00,5.109864957821935e-07,1e-10,-,0
2026-08-03 00:37:00+00:00,1.0358475071499127e-06,8.092280888817008e-07,-,0
2026-08-03 00:38:00+00:00,1e-10,7.650318675813252e-07,-,0
2026-08-03 00:39:00+00:00,1e-10,1e-10,-,0
2026-08-03 00:40:00+00:00,1e-10,6.322109736430039e-07,-,0
2026-08-03 00:41:00+00:00,1e-10,1e-10,-,0
2026-08-03 00:42:00+00:00,1e-10,1.265454965035344e-06,-,0
2026-08-03 00:43:00+00:00,1.4054786443816366e-06,1e-10,-,0
2026-08-03 00:44:00+00:00,1e-10,1.4175883953199838e-07,-,0
2026-08-03 00:45:00+00:00,7.134004816907061e-07,1e-10,-,0
2026-08-03 00:46:00+00:00,1e-10,1e-10,-,0
2026-08-03 00:47:00+00:00,9.408214130120087e-07,1e-10,-,0
2026-08-03 00:48:00+00:00,1e-10,1.1951630225195678e-06,-,0
2026-08-03 00:49:00+00:00,1e-10,1.301444630489964e-06,-,0
2026-08-03 00:50:00+00:00,5.843356111835679e-07,8.505123705843245e-08,-,0
2026-08-03 00:51:00+00:00,6.803140391763191e-07,4.185749452700389e-07,-,0
2026-08-03 00:52:00+00:00,1e-10,1e-10,-,0
2026-08-03 00:53:00+00:00,1e-10,1.206061715633946e-06,-,0
2026-08-03 00:54:00+00:00,1.1458043060446791e-06,2.8035230090031055e-07,-,0
2026-08-03 00:55:00+00:00,1e-10,7.373198008279944e-08,-,0
2026-08-03 00:56:00+00:00,1e-10,1.6476175105120565e-06,-,0
2026-08-03 00:57:00+00:00,2.4872538374473995e-06,1e-10,-,0
2026-08-03 00:58:00+00:00,1.362885593450958e-07,1e-10,-,0
2026-08-03 00:59:00+00:00,1e-10,5.011304363400946e-07,-,0
2026-08-03 01:00:00+00:00,1e-10,1e-10,-,0
2026-08-03 01:01:00+00:00,7.422471912845632e-07,1e-10,-,0
2026-08-03 01:02:00+00:00,1e-10,1.9820938106738685e-07,-,0
2026-08-03 01:03:00+00:00,5.997565285457126e-07,4.108384078583337e-07,-,0
2026-08-03 01:04:00+00:00,1.2479178646091503e-06,9.871954179353444e-07,-,0
2026-08-03 01:05:00+00:00,1e-10,1e-10,-,0
2026-08-03 01:06:00+00:00,1.124206294087778e-06,1e-10,-,0
2026-08-03 01:07:00+00:00,1e-10,3.3871590082099776e-07,-,0
2026-08-03 01:08:00+00:00,1e-10,1.2436049606267299e-06,-,0
2026-08-03 01:09:00+00:00,1e-10,1.021021332455982e-06,-,0
2026-08-03 01:10:00+00:00,3.3284048583703634e-07,1e-10,-,0
2026-08-03 01:11:00+00:00,3.606034602827463e-07,5.84558954347654e-07,-,0
2026-08-03 01:12:00+00:00,1.1161901319025306e-06,1e-10,-,0
2026-08-03 01:13:00+00:00,1.011035652592628e-06,1e-10,-,0
2026-08-03 01:14:00+00:00,2.3182772989902674e-06,1e-10,-,0
2026-08-03 01:15:00+00:00,1e-10,1e-10,-,0
2026-08-03 01:16:00+00:00,4.197537738308609e-07,8.261488639874205e-07,-,0
2026-08-03 01:17:00+00:00,1e-10,1.0443895403167303e-06,-,0
2026-08-03 01:18:00+00:00,1.0581637515809538e-06,1e-10,-,0
2026-08-03 01:19:00+00:00,1e-10,1.992266483310462e-07,-,0
2026-08-03 01:20:00+00:00,1.043861418660396e-06,1e-10,-,0
2026-08-03 01:21:00+00:00,1e-10,1e-10,-,0
2026-08-03 01:22:00+00:00,8.769504883083212e-07,1e-10,-,0
2026-08-03 01:23:00+00:00,1.3650060593138146e-06,1.9571292258212877e-06,-,0
2026-08-03 01:24:00+00:00,1e-10,1e-10,-,0
2026-08-03 01:25:00+00:00,1e-10,7.144796590220719e-07,-,0
2026-08-03 01:26:00+00:00,2.9027313832747026e-07,4.413007246052232e-07,-,0
2026-08-03 01:27:00+00:00,1.7245390851866374e-07,1e-10,-,0
2026-08-03 01:28:00+00:00,1e-10,4.789803868181463e-07,-,0
2026-08-03 01:29:00+00:00,1e-10,3.3475180095114507e-07,-,0
2026-08-03 01:30:00+00:00,1e-10,1e-10,-,0
2026-08-03 01:31:00+00:00,3.965283301137215e-07,1e-10,-,0
2026-08-03 01:32:00+00:00,1e-10,1.9687850042704418e-09,-,0
2026-08-03 01:33:00+00:00,4.350617281055692e-07,5.329104936978761e-07,-,0
2026-08-03 01:34:00+00:00,1e-10,1e-10,-,0
2026-08-03 01:35:00+00:00,1e-10,1.6104221702917188e-06,-,0
2026-08-03 01:36:00+00:00,1.374387505914202e-06,7.719768152696579e-07,-,0
2026-08-03 01:37:00+00:00,1.086588233656462e-06,1e-10,-,0
2026-08-03 01:38:00+00:00,1e-10,1e-10,-,0
2026-08-03 01:39:00+00:00,1e-10,2.3837136106118036e-06,-,0
2026-08-03 01:40:00+00:00,8.935414520553589e-07,4.0452866629303223e-07,-,0
2026-08-03 01:41:00+00:00,1e-10,1e-10,-,0
2026-08-03 01:42:00+00:00,1.635708605360043e-06,7.191806189819201e-07,-,0
2026-08-03 01:43:00+00:00,1.789574851500927e-07,1e-10,-,0
2026-08-03 01:44:00+00:00,1e-10,3.0608700228105267e-07,-,0
2026-08-03 01:45:00+00:00,3.6409821948594374e-08,1e-10,-,0
2026-08-03 01:46:00+00:00,1.540265096888215e-06,5.330638963946466e-08,-,0
2026-08-03 01:47:00+00:00,1e-10,1e-10,-,0
2026-08-03 01:48:00+00:00,1.1678487805566175e-06,1e-10,-,0
2026-08-03 01:49:00+00:00,1.3524855151731372e-06,1e-10,-,0
2026-08-03 01:50:00+00:00,1e-10,1e-10,-,0
2026-08-03 01:51:00+00:00,1e-10,1.4126508144492366e-07,-,0
2026-08-03 01:52:00+00:00,1.833181527753842e-07,1.2484701215439088e-06,-,0
2026-08-03 01:53:00+00:00,8.433861427971893e-07,2.7566210233405624e-06,-,0
2026-08-03 01:54:00+00:00,1e-10,1e-10,-,0
2026-08-03 01:55:00+00:00,1.486342175420626e-08,5.688472295768695e-07,-,0
2026-08-03 01:56:00+00:00,1e-10,1e-10,-,0
2026-08-03 01:57:00+00:00,7.827931415581454e-07,1e-10,-,0
2026-08-03 01:58:00+00:00,2.990981446978345e-06,1.0479232515304286e-07,-,0
2026-08-03 01:59:00+00:00,1e-10,1e-10,-,0
2026-08-03 02:00:00+00:00,1.1929149664844266e-07,2.089789074763913e-06,-,0
2026-08-03 02:01:00+00:00,1e-10,1e-10,-,0
2026-08-03 02:02:00+00:00,1e-10,1e-10,-,0
2026-08-03 02:03:00+00:00,1e-10,2.096576675992127e-07,-,0
2026-08-03 02:04:00+00:00,1e-10,1e-10,-,0
2026-08-03 02:05:00+00:00,1.3383647268024622e-06,1e-10,-,0
2026-08-03 02:06:00+00:00,4.247021196495696e-07,1.1881221929197795e-06,-,0
2026-08-03 02:07:00+00:00,1.3263012599053353e-07,1e-10,-,0
2026-08-03 02:08:00+00:00,1e-10,5.869327540669805e-07,-,0
2026-08-03 02:09:00+00:00,1e-10,1e-10,-,0
2026-08-03 02:10:00+00:00,1e-10,2.968935190103759e-07,-,0
2026-08-03 02:11:00+00:00,1.0796714903932699e-09,1e-10,-,0
2026-08-03 02:12:00+00:00,4.0011096640160136e-07,9.109135207108784e-07,-,0
2026-08-03 02:13:00+00:00,1e-10,1e-10,-,0
2026-08-03 02:14:00+00:00,1e-10,1e-10,-,0
2026-08-03 02:15:00+00:00,1e-10,9.560748408956619e-08,-,0
2026-08-03 02:16:00+00:00,9.334575516420064e-07,9.255614487822261e-07,-,0
2026-08-03 02:17:00+00:00,2.541184143954867e-07,2.412218516120783e-07,-,0
2026-08-03 02:18:00+00:00,1e-10,5.774814090804603e-07,-,0
2026-08-03 02:19:00+00:00,8.306078891978211e-07,1e-10,-,0
2026-08-03 02:20:00+00:00,6.329684555189683e-07,1e-10,-,0
2026-08-03 02:21:00+00:00,2.3927705988677974e-07,2.7117385344102355e-07,-,0
2026-08-03 02:22:00+00:00,1.8538578877624266e-06,6.710828077869572e-08,-,0
2026-08-03 02:23:00+00:00,5.6991628912313775e-08,1e-10,-,0
2026-08-03 02:24:00+00:00,5.105685420377226e-07,1e-10,-,0
2026-08-03 02:25:00+00:00,5.469218054389765e-07,1e-10,-,0
2026-08-03 02:26:00+00:00,1.0005224180920881e-06,8.390483442035694e-07,-,0
2026-08-03 02:27:00+00:00,1e-10,2.3507439307004553e-06,-,0
2026-08-03 02:28:00+00:00,1e-10,1e-10,-,0
2026-08-03 02:29:00+00:00,1.106557760818998e-06,6.127788974685412e-08,-,0
2026-08-03 02:30:00+00:00,1.0501577575971486e-06,1e-10,-,0
2026-08-03 02:31:00+00:00,1.440953112828661e-06,1e-10,-,0
2026-08-03 02:32:00+00:00,4.922327456725443e-07,1e-10,-,0
2026-08-03 02:33:00+00:00,1e-10,4.6111016901880546e-07,-,0
2026-08-03 02:34:00+00:00,2.1292303863870142e-07,1e-10,-,0
2026-08-03 02:35:00+00:00,7.041893677989826e-08,1e-10,-,0
2026-08-03 02:36:00+00:00,1.3896542285391248e-06,1.2706979496178654e-07,-,0
2026-08-03 02:37:00+00:00,1.2030519282094923e-06,2.338435675423469e-07,-,0
2026-08-03 02:38:00+00:00,7.120181251530522e-07,3.718586060793375e-07,-,0
2026-08-03 02:39:00+00:00,1e-10,1.8200034335910318e-07,-,0
2026-08-03 02:40:00+00:00,1e-10,1.408701149841593e-06,-,0
2026-08-03 02:41:00+00:00,1e-10,1.4904534521778383e-06,-,0
2026-08-03 02:42:00+00:00,1e-10,1e-10,-,0
2026-08-03 02:43:00+00:00,2.1500264405145327e-07,1e-10,-,0
2026-08-03 02:44:00+00:00,1.6708707624133542e-06,2.289437799267959e-07,-,0
2026-08-03 02:45:00+00:00,8.961739157663008e-07,9.07997478765755e-07,-,0
2026-08-03 02:46:00+00:00,1e-10,5.1945840250313876e-08,-,0
2026-08-03 02:47:00+00:00,1e-10,1e-10,-,0
2026-08-03 02:48:00+00:00,1e-10,1.0766866159038066e-06,-,0
2026-08-03 02:49:00+00:00,1e-10,4.463323770108434e-07,-,0
2026-08-03 02:50:00+00:00,9.229977042521231e-07,1.969962979495968e-06,-,0
2026-08-03 02:51:00+00:00,1.0982541040804962e-06,1e-10,-,0
2026-08-03 02:52:00+00:00,1e-10,2.7065737329022654e-07,-,0
2026-08-03 02:53:00+00:00,1e-10,4.879923061598778e-07,-,0
2026-08-03 02:54:00+00:00,1.8836451080682634e-06,1e-10,-,0
2026-08-03 02:55:00+00:00,1e-10,1e-10,-,0
2026-08-03 02:56:00+00:00,7.373977719937735e-07,3.1929432118926284e-07,-,0
2026-08-03 02:57:00+00:00,6.114350392968698e-07,1e-10,-,0
2026-08-03 02:58:00+00:00,1e-10,3.689304258515467e-08,-,0
2026-08-03 02:59:00+00:00,1.0876268860360958e-08,5.155174113611545e-08,-,0
2026-08-03 03:00:00+00:00,4.968633340409016e-07,1e-10,-,0
2026-08-03 03:01:00+00:00,1e-10,1e-10,-,0
2026-08-03 03:02:00+00:00,1e-10,1e-10,B,1
2026-08-03 03:03:00+00:00,1e-10,7.932148053229106e-08,B,1
2026-08-03 03:04:00+00:00,2.0933244546461696e-06,5.354015564226749e-07,B,1
2026-08-03 03:05:00+00:00,1e-10,3.633533782215319e-07,B,1
2026-08-03 03:06:00+00:00,2.547254299561683e-07,9.778596191265564e-07,B,1
2026-08-03 03:07:00+00:00,9.041250851393005e-07,1.7985693712590086e-07,B,1
2026-08-03 03:08:00+00:00,1e-10,2.235934150598747e-06,B,1
2026-08-03 03:09:00+00:00,7.033635111147022e-08,4.4023052128873527e-07,B,1
2026-08-03 03:10:00+00:00,5.912624864091689e-07,1e-10,B,1
2026-08-03 03:11:00+00:00,1e-10,1e-10,B,1
2026-08-03 03:12:00+00:00,1e-10,3.572357914445669e-06,B,1
2026-08-03 03:13:00+00:00,1e-10,1e-10,B,1
2026-08-03 03:14:00+00:00,1.9446449614253303e-06,5.402284149244594e-07,B,1
2026-08-03 03:15:00+00:00,1e-10,2.528443499649985e-06,B,1
2026-08-03 03:16:00+00:00,1.7709177291883183e-07,1e-10,B,1
2026-08-03 03:17:00+00:00,1e-10,1.7792278453860873e-06,B,1
2026-08-03 03:18:00+00:00,1.5174013851663097e-06,1.7766356373796284e-06,B,1
2026-08-03 03:19:00+00:00,1e-10,1e-10,B,1
2026-08-03 03:20:00+00:00,1e-10,1e-10,B,1
2026-08-03 03:21:00+00:00,1e-10,7.073468865554557e-07,B,1
2026-08-03 03:22:00+00:00,2.8168189752686303e-06,1e-10,B,1
2026-08-03 03:23:00+00:00,5.206324756543313e-07,1e-10,B,1
2026-08-03 03:24:00+00:00,1e-10,7.795508205569676e-07,B,1
2026-08-03 03:25:00+00:00,1e-10,4.2216547141068736e-08,B,1
2026-08-03 03:26:00+00:00,1.52719235238345e-06,1e-10,B,1
2026-08-03 03:27:00+00:00,1e-10,1e-10,B,1
2026-08-03 03:28:00+00:00,1e-10,4.354888036132765e-07,B,1
2026-08-03 03:29:00+00:00,1e-10,5.806395223383546e-07,B,1
2026-08-03 03:30:00+00:00,1.6549579571272526e-06,1.457202372235749e-06,B,1
2026-08-03 03:31:00+00:00,1e-10,1e-10,B,1
2026-08-03 03:32:00+00:00,1e-10,1.156707744821415e-06,B,1
2026-08-03 03:33:00+00:00,1e-10,1e-10,B,1
2026-08-03 03:34:00+00:00,1e-10,2.366204970282166e-07,B,1
2026-08-03 03:35:00+00:00,4.288713525967453e-07,9.98062285661589e-07,B,1
2026-08-03 03:36:00+00:00,1e-10,1e-10,B,1
2026-08-03 03:37:00+00:00,1e-10,1e-10,B,1
2026-08-03 03:38:00+00:00,1e-10,6.571585804449798e-07,B,1
2026-08-03 03:39:00+00:00,1e-10,1e-10,B,1
2026-08-03 03:40:00+00:00,1e-10,3.9661655435372075e-07,B,1
2026-08-03 03:41:00+00:00,1e-10,1e-10,B,1
2026-08-03 03:42:00+00:00,3.4354279196853006e-07,1.3783402248979024e-06,B,1
2026-08-03 03:43:00+00:00,1e-10,8.674984063460115e-07,B,1
2026-08-03 03:44:00+00:00,1e-10,1e-10,B,1
2026-08-03 03:45:00+00:00,8.591953488736788e-07,1.243087139657533e-06,B,1
2026-08-03 03:46:00+00:00,1e-10,4.955614214231919e-07,B,1
2026-08-03 03:47:00+00:00,9.886627217266879e-08,1e-10,B,1
2026-08-03 03:48:00+00:00,7.670541760025481e-07,7.905762415739283e-07,B,1
2026-08-03 03:49:00+00:00,1e-10,8.193579934032449e-07,B,1
2026-08-03 03:50:00+00:00,1e-10,1e-10,B,1
2026-08-03 03:51:00+00:00,1e-10,1e-10,B,1
2026-08-03 03:52:00+00:00,1e-10,1e-10,B,1
2026-08-03 03:53:00+00:00,1e-10,1e-10,B,1
2026-08-03 03:54:00+00:00,4.518689869955895e-07,7.299408845468302e-07,B,1
2026-08-03 03:55:00+00:00,5.109639671532579e-08,1e-10,B,1
2026-08-03 03:56:00+00:00,1e-10,1e-10,B,1
2026-08-03 03:57:00+00:00,1.1627778701968431e-06,2.045446292105582e-06,B,1
2026-08-03 03:58:00+00:00,1e-10,1.4288915679960925e-06,B,1
2026-08-03 03:59:00+00:00,1.742935714972047e-06,1e-10,B,1
2026-08-03 04:00:00+00:00,1e-10,1.5325417467562981e-06,B,1
2026-08-03 04:01:00+00:00,1e-10,1.7860893595643992e-06,B,1
2026-08-03 04:02:00+00:00,1e-10,1e-10,B,1
2026-08-03 04:03:00+00:00,3.941863361067293e-07,1e-10,B,1
2026-08-03 04:04:00+00:00,1e-10,1e-10,B,1
2026-08-03 04:05:00+00:00,5.007644229954313e-07,1e-10,B,2
2026-08-03 04:06:00+00:00,1e-10,7.344150308914046e-07,B,2
2026-08-03 04:07:00+00:00,5.14241442272516e-09,5.356857886601367e-07,B,2
2026-08-03 04:08:00+00:00,4.716655847080998e-07,5.931357088198652e-07,B,2
2026-08-03 04:09:00+00:00,1.638695185283689e-06,1.1037082853293222e-06,B,2
2026-08-03 04:10:00+00:00,1e-10,2.6067319125299628e-06,B,2
2026-08-03 04:11:00+00:00,7.911035159611361e-07,1e-10,B,2
2026-08-03 04:12:00+00:00,1.0707687345311168e-06,1e-10,B,2
2026-08-03 04:13:00+00:00,1e-10,2.607312365542234e-07,B,2
2026-08-03 04:14:00+00:00,1.0137847015291299e-06,2.0764585459597315e-08,B,2
2026-08-03 04:15:00+00:00,1.3982238790330583e-06,2.179495250353648e-06,B,2
2026-08-03 04:16:00+00:00,1.4888051518718616e-06,1.571697904484993e-08,B,2
2026-08-03 04:17:00+00:00,1e-10,1.202017580108762e-06,B,3
2026-08-03 04:18:00+00:00,1e-10,3.0634804844362096e-06,B,3
2026-08-03 04:19:00+00:00,3.348951394524216e-07,2.1072877576216914e-06,B,3
2026-08-03 04:20:00+00:00,2.275448023360588e-07,1e-10,B,3
2026-08-03 04:21:00+00:00,4.0508555652973235e-07,1e-10,B,3
2026-08-03 04:22:00+00:00,1e-10,1e-10,B,3
2026-08-03 04:23:00+00:00,5.506254286110376e-07,2.1250047081872488e-07,B,3
2026-08-03 04:24:00+00:00,1e-10,1e-10,B,3
2026-08-03 04:25:00+00:00,1.029906258811232e-06,2.573917313275047e-06,B,3
2026-08-03 04:26:00+00:00,1.9493249417123724e-06,1e-10,B,3
2026-08-03 04:27:00+00:00,1e-10,1.0542327376168128e-07,B,3
2026-08-03 04:28:00+00:00,4.626664897964399e-07,3.6378676757565013e-07,B,3
2026-08-03 04:29:00+00:00,2.102937506099715e-06,1e-10,B,3
2026-08-03 04:30:00+00:00,2.717227149446735e-07,1.166705298188643e-06,B,3
2026-08-03 04:31:00+00:00,6.014915630723085e-07,5.78744152311794e-07,B,3
2026-08-03 04:32:00+00:00,2.260244807747672e-06,1e-10,B,3
2026-08-03 04:33:00+00:00,2.481194038533861e-06,4.700861542337353e-07,B,3
2026-08-03 04:34:00+00:00,1e-10,1e-10,B,3
2026-08-03 04:35:00+00:00,1e-10,2.5405556576135916e-08,B,3
2026-08-03 04:36:00+00:00,1.1562089692302984e-06,1e-10,B,3
2026-08-03 04:37:00+00:00,7.24020397761048e-07,1.754701631463095e-07,B,3
2026-08-03 04:38:00+00:00,9.786900415166308e-07,5.093663854242688e-07,B,3
2026-08-03 04:39:00+00:00,1e-10,1e-10,B,3
2026-08-03 04:40:00+00:00,1e-10,3.596403848448185e-07,B,3
2026-08-03 04:41:00+00:00,2.1155868696009214e-06,1e-10,B,3
2026-08-03 04:42:00+00:00,1.0013747489501536e-06,1.4235556582094718e-06,B,3
2026-08-03 04:43:00+00:00,5.400875553971131e-07,1e-10,B,3
2026-08-03 04:44:00+00:00,1e-10,1e-10,B,3
2026-08-03 04:45:00+00:00,1e-10,1e-10,B,3
2026-08-03 04:46:00+00:00,7.505681583116583e-07,2.919126471243668e-07,B,3
2026-08-03 04:47:00+00:00,1e-10,1e-10,B,3
2026-08-03 04:48:00+00:00,1e-10,9.481698373910694e-07,B,3
2026-08-03 04:49:00+00:00,5.335227708696814e-07,1e-10,B,3
2026-08-03 04:50:00+00:00,7.680014856285377e-07,1e-10,B,3
2026-08-03 04:51:00+00:00,1e-10,1e-10,B,3
2026-08-03 04:52:00+00:00,1.1957502621079104e-06,1.961669332962548e-06,B,3
2026-08-03 04:53:00+00:00,1.1467314111248517e-06,1e-10,B,3
2026-08-03 04:54:00+00:00,1e-10,2.8688949128488506e-06,B,3
2026-08-03 04:55:00+00:00,1.8947841471180135e-06,2.2827285492839884e-06,B,3
2026-08-03 04:56:00+00:00,1.3767865831745354e-06,1e-10,B,3
2026-08-03 04:57:00+00:00,3.2744871360353133e-07,1.1059308327932867e-06,B,3
2026-08-03 04:58:00+00:00,1e-10,1e-10,B,3
2026-08-03 04:59:00+00:00,9.584522963671045e-07,2.3831688466528967e-07,B,3
2026-08-03 05:00:00+00:00,6.660872016800744e-07,1e-10,B,3
2026-08-03 05:01:00+00:00,1e-10,1e-10,B,3
2026-08-03 05:02:00+00:00,1.8515982718184333e-06,3.193954027170371e-06,B,3
2026-08-03 05:03:00+00:00,1e-10,1e-10,B,3
2026-08-03 05:04:00+00:00,1e-10,9.375760582595662e-07,B,3
2026-08-03 05:05:00+00:00,5.685344546889231e-07,2.499465610491919e-07,B,3
2026-08-03 05:06:00+00:00,9.523947206166945e-09,1e-10,B,3
2026-08-03 05:07:00+00:00,8.397771826403867e-07,1.4718380900991536e-06,B,3
2026-08-03 05:08:00+00:00,1e-10,1e-10,B,3
2026-08-03 05:09:00+00:00,1e-10,7.371417215093928e-08,B,3
2026-08-03 05:10:00+00:00,1.3267940433506679e-06,3.8215438840498355e-07,B,3
2026-08-03 05:11:00+00:00,1e-10,1.4780488574741677e-06,B,3
2026-08-03 05:12:00+00:00,1e-10,1e-10,B,3
2026-08-03 05:13:00+00:00,1e-10,2.6416312932387017e-06,B,3
2026-08-03 05:14:00+00:00,4.502602518893683e-07,1e-10,B,3
2026-08-03 05:15:00+00:00,4.919091661629829e-07,1e-10,B,3
2026-08-03 05:16:00+00:00,1.5850656188634954e-07,1.4970212248497038e-06,B,3
2026-08-03 05:17:00+00:00,1e-10,1e-10,B,3
2026-08-03 05:18:00+00:00,1.1995943739497368e-07,3.0678664267788386e-07,B,3
2026-08-03 05:19:00+00:00,1e-10,1e-10,B,3
2026-08-03 05:20:00+00:00,1.1157258797733606e-08,1e-10,B,3
2026-08-03 05:21:00+00:00,1.660822642441665e-06,1e-10,B,3
2026-08-03 05:22:00+00:00,1e-10,9.575257816450636e-07,B,3
2026-08-03 05:23:00+00:00,4.240493928445144e-07,1e-10,B,3
2026-08-03 05:24:00+00:00,1e-10,1.2972397046535152e-08,B,3
2026-08-03 05:25:00+00:00,2.2111346303803783e-06,1e-10,B,3
2026-08-03 05:26:00+00:00,1.4497871236153852e-07,8.737859371612347e-07,B,3
2026-08-03 05:27:00+00:00,1e-10,1e-10,B,3
2026-08-03 05:28:00+00:00,1e-10,1e-10,B,3
2026-08-03 05:29:00+00:00,1e-10,1e-10,B,3
2026-08-03 05:30:00+00:00,1e-10,1e-10,B,3
2026-08-03 05:31:00+00:00,7.270708240822639e-07,1.471577629030667e-06,-,0
2026-08-03 05:32:00+00:00,1.549236255891942e-06,1e-10,-,0
2026-08-03 05:33:00+00:00,1.2425194606461667e-06,5.185205033637947e-07,-,0
2026-08-03 05:34:00+00:00,1e-10,6.203922397908246e-07,-,0
2026-08-03 05:35:00+00:00,6.707692840736365e-07,1e-10,-,0
2026-08-03 05:36:00+00:00,9.346095846082054e-07,2.285760940796887e-06,-,0
2026-08-03 05:37:00+00:00,2.530234005921574e-06,5.947802184819557e-07,-,0
2026-08-03 05:38:00+00:00,1e-10,1e-10,-,0
2026-08-03 05:39:00+00:00,1.707514668204253e-06,7.989708412792212e-07,-,0
2026-08-03 05:40:00+00:00,1e-10,1e-10,-,0
2026-08-03 05:41:00+00:00,1.3429020041795392e-06,1e-10,-,0
2026-08-03 05:42:00+00:00,1e-10,1.370983068019987e-06,-,0
2026-08-03 05:43:00+00:00,1e-10,7.188331928670998e-07,-,0
2026-08-03 05:44:00+00:00,1e-10,1.3122042970518555e-06,-,0
2026-08-03 05:45:00+00:00,1e-10,1e-10,-,0
2026-08-03 05:46:00+00:00,5.092493381539909e-07,5.129063132869737e-07,-,0
2026-08-03 05:47:00+00:00,1.3933880083589793e-06,1.814793787445626e-06,-,0
2026-08-03 05:48:00+00:00,1e-10,1e-10,-,0
2026-08-03 05:49:00+00:00,1e-10,3.1338439405207365e-07,-,0
2026-08-03 05:50:00+00:00,1e-10,1e-10,-,0
2026-08-03 05:51:00+00:00,1.037521441824506e-06,9.27566454023226e-07,-,0
2026-08-03 05:52:00+00:00,1.609291176333568e-06,1e-10,-,0
2026-08-03 05:53:00+00:00,1e-10,1.013783320164556e-06,-,0
2026-08-03 05:54:00+00:00,1e-10,1e-10,-,0
2026-08-03 05:55:00+00:00,1e-10,3.163182582984439e-06,-,0
2026-08-03 05:56:00+00:00,2.1945709483983865e-06,5.355639157273233e-07,-,0
2026-08-03 05:57:00+00:00,1.4973227812604412e-06,2.687045007570637e-06,-,0
2026-08-03 05:58:00+00:00,1e-10,8.55334331827195e-07,-,0
2026-08-03 05:59:00+00:00,7.654569271410739e-07,1e-10,-,0
2026-08-03 06:00:00+00:00,1e-10,1.785745526463787e-07,-,0
2026-08-03 06:01:00+00:00,1e-10,5.654872367690905e-07,-,0
2026-08-03 06:02:00+00:00,1e-10,1e-10,-,0
2026-08-03 06:03:00+00:00,1e-10,1.206508220986677e-06,-,0
2026-08-03 06:04:00+00:00,1e-10,3.2049373780868023e-07,-,0
2026-08-03 06:05:00+00:00,2.12826219063857e-06,7.414028999687693e-07,-,0
2026-08-03 06:06:00+00:00,1e-10,8.232318672787955e-07,-,0
2026-08-03 06:07:00+00:00,1.0174346735045827e-06,1e-10,-,0
2026-08-03 06:08:00+00:00,1.1950493398637298e-06,2.29425180229612e-07,-,0
2026-08-03 06:09:00+00:00,8.310267480912204e-07,1.3913845579402038e-07,-,0
2026-08-03 06:10:00+00:00,2.240194338890059e-06,1e-10,-,0
2026-08-03 06:11:00+00:00,1.0913086675056594e-06,1.7513247165139372e-06,-,0
2026-08-03 06:12:00+00:00,2.028774963042361e-06,2.221644201215088e-06,-,0
2026-08-03 06:13:00+00:00,1e-10,1e-10,-,0
2026-08-03 06:14:00+00:00,8.553812369435066e-07,6.975596913512546e-07,-,0
2026-08-03 06:15:00+00:00,1.7070099292914903e-06,5.983096423663971e-08,-,0
2026-08-03 06:16:00+00:00,1e-10,1e-10,-,0
2026-08-03 06:17:00+00:00,1e-10,1e-10,-,0
2026-08-03 06:18:00+00:00,1e-10,1e-10,-,0
2026-08-03 06:19:00+00:00,1e-10,5.243232713480253e-07,-,0
2026-08-03 06:20:00+00:00,6.57199723451885e-07,1e-10,-,0
2026-08-03 06:21:00+00:00,1e-10,7.840074595992334e-07,-,0
2026-08-03 06:22:00+00:00,3.416651073647056e-08,1e-10,-,0
2026-08-03 06:23:00+00:00,1e-10,1e-10,-,0
2026-08-03 06:24:00+00:00,1e-10,1e-10,-,0
2026-08-03 06:25:00+00:00,1e-10,4.940637897914663e-07,-,0
2026-08-03 06:26:00+00:00,1e-10,1e-10,-,0
2026-08-03 06:27:00+00:00,9.439561025089505e-07,1e-10,-,0
2026-08-03 06:28:00+00:00,1.55994804582218e-06,1.8843463589887415e-06,-,0
2026-08-03 06:29:00+00:00,1e-10,1e-10,-,0
2026-08-03 06:30:00+00:00,2.743809895750826e-07,1.5419878293258697e-06,-,0
2026-08-03 06:31:00+00:00,1e-10,1.3436433697055111e-06,-,0
2026-08-03 06:32:00+00:00,1e-10,1.0736361812851677e-06,-,0
2026-08-03 06:33:00+00:00,1.177255585537565e-06,9.382862337959567e-07,-,0
2026-08-03 06:34:00+00:00,2.2531122179551222e-06,1e-10,-,0
2026-08-03 06:35:00+00:00,1e-10,1e-10,-,0
2026-08-03 06:36:00+00:00,2.0616607730399202e-06,2.234039269459945e-06,-,0
2026-08-03 06:37:00+00:00,1e-10,1.2669807416156685e-06,-,0
2026-08-03 06:38:00+00:00,1e-10,6.479992331241722e-07,-,0
2026-08-03 06:39:00+00:00,1.8769090995528718e-06,1e-10,-,0
2026-08-03 06:40:00+00:00,1e-10,1e-10,-,0
2026-08-03 06:41:00+00:00,1.0483769588642583e-06,1e-10,-,0
2026-08-03 06:42:00+00:00,1e-10,1e-10,-,0
2026-08-03 06:43:00+00:00,1e-10,1e-10,-,0
2026-08-03 06:44:00+00:00,1e-10,2.8468970531468214e-07,-,0
2026-08-03 06:45:00+00:00,1e-10,1.442921963258316e-06,-,0
2026-08-03 06:46:00+00:00,1.4319497672089527e-06,2.4866293134056402e-06,-,0
2026-08-03 06:47:00+00:00,2.812435128253931e-07,1.7809769902814885e-06,-,0
2026-08-03 06:48:00+00:00,1e-10,1e-10,-,0
2026-08-03 06:49:00+00:00,1e-10,1e-10,-,0
2026-08-03 06:50:00+00:00,3.7817251603372464e-07,1e-10,-,0
2026-08-03 06:51:00+00:00,1.007390961431695e-06,1.3320070346507174e-06,-,0
2026-08-03 06:52:00+00:00,1e-10,9.923194635956065e-07,-,0
2026-08-03 06:53:00+00:00,1.1018166302987328e-06,1e-10,-,0
2026-08-03 06:54:00+00:00,3.3722512858496664e-07,5.899854482775293e-09,-,0
2026-08-03 06:55:00+00:00,1e-10,3.8200844006460116e-07,-,0
2026-08-03 06:56:00+00:00,1.0413731452213153e-06,7.539322916200337e-07,-,0
2026-08-03 06:57:00+00:00,1e-10,1.5290764550297515e-06,-,0
2026-08-03 06:58:00+00:00,1e-10,3.753257324103181e-07,-,0
2026-08-03 06:59:00+00:00,1e-10,1e-10,-,0
2026-08-03 07:00:00+00:00,7.262006210428713e-08,6.052452188262769e-07,-,0
2026-08-03 07:01:00+00:00,1e-10,1e-10,-,0
2026-08-03 07:02:00+00:00,1.3521449395060495e-06,5.923039926582312e-07,-,0
2026-08-03 07:03:00+00:00,5.852624299623588e-07,1e-10,-,0
2026-08-03 07:04:00+00:00,1e-10,1.4785062369985276e-06,-,0
2026-08-03 07:05:00+00:00,2.6849019836044905e-08,1.5736614256467482e-06,-,0
2026-08-03 07:06:00+00:00,1.223678119979854e-07,1e-10,-,0
2026-08-03 07:07:00+00:00,6.113338948355059e-07,2.466110427530559e-06,-,0
2026-08-03 07:08:00+00:00,8.948676506867741e-08,3.720502302712805e-07,-,0
2026-08-03 07:09:00+00:00,1e-10,6.151947730207516e-07,-,0
2026-08-03 07:10:00+00:00,1e-10,1.7502635864580606e-06,-,0
2026-08-03 07:11:00+00:00,1e-10,2.403513000721562e-06,-,0
2026-08-03 07:12:00+00:00,3.3946144282557457e-07,1.4583500545586588e-06,-,0
2026-08-03 07:13:00+00:00,2.388458485861983e-07,5.107310466221362e-07,-,0
2026-08-03 07:14:00+00:00,1e-10,1e-10,-,0
2026-08-03 07:15:00+00:00,1e-10,4.961689611352289e-07,-,0
2026-08-03 07:16:00+00:00,1e-10,8.12042993028546e-07,-,0
2026-08-03 07:17:00+00:00,1.541268306164658e-06,6.083858056046962e-07,-,0
2026-08-03 07:18:00+00:00,3.123874131969172e-07,1e-10,-,0
2026-08-03 07:19:00+00:00,5.096141497600982e-07,1e-10,-,0
2026-08-03 07:20:00+00:00,1e-10,3.632839220567752e-07,-,0
2026-08-03 07:21:00+00:00,1e-10,1e-10,-,0
2026-08-03 07:22:00+00:00,1e-10,1e-10,-,0
2026-08-03 07:23:00+00:00,5.784793566128199e-07,1e-10,-,0
2026-08-03 07:24:00+00:00,1e-10,1e-10,-,0
2026-08-03 07:25:00+00:00,5.896601810717705e-07,1e-10,-,0
2026-08-03 07:26:00+00:00,1.9577794204216016e-07,3.381343692720852e-07,-,0
2026-08-03 07:27:00+00:00,3.627845431416588e-07,1e-10,-,0
2026-08-03 07:28:00+00:00,4.1461654543036405e-07,1e-10,-,0
2026-08-03 07:29:00+00:00,1e-10,1.4815789213642367e-06,-,0
2026-08-03 07:30:00+00:00,1e-10,1.1145472368056786e-06,-,0
2026-08-03 07:31:00+00:00,1.0366299460725576e-06,4.1230939487947605e-07,-,0
2026-08-03 07:32:00+00:00,2.056134128236876e-06,1.631108828641248e-06,-,0
2026-08-03 07:33:00+00:00,1.053859523979554e-06,1e-10,-,0
2026-08-03 07:34:00+00:00,1e-10,8.849876430564806e-07,-,0
2026-08-03 07:35:00+00:00,1e-10,1e-10,-,0
2026-08-03 07:36:00+00:00,1.6131475141553333e-07,1.7157930131542018e-06,-,0
2026-08-03 07:37:00+00:00,1e-10,3.1118496866609134e-07,-,0
2026-08-03 07:38:00+00:00,1e-10,1e-10,-,0
2026-08-03 07:39:00+00:00,1e-10,1.571959441435507e-06,-,0
2026-08-03 07:40:00+00:00,4.168490828126785e-07,1e-10,-,0
2026-08-03 07:41:00+00:00,7.136884741578139e-07,1e-10,-,0
2026-08-03 07:42:00+00:00,1e-10,1.7472428578440068e-06,-,0
2026-08-03 07:43:00+00:00,1e-10,7.580152746208039e-07,-,0
2026-08-03 07:44:00+00:00,1e-10,1e-10,-,0
2026-08-03 07:45:00+00:00,5.921771087080296e-07,1e-10,-,0
2026-08-03 07:46:00+00:00,5.188561717997784e-07,1e-10,-,0
2026-08-03 07:47:00+00:00,1.0346447568483577e-06,1e-10,-,0
2026-08-03 07:48:00+00:00,1.7619229938187664e-07,1e-10,-,0
2026-08-03 07:49:00+00:00,1e-10,1e-10,-,0
2026-08-03 07:50:00+00:00,1e-10,1.1393197677205812e-06,-,0
2026-08-03 07:51:00+00:00,9.81941010530845e-07,9.733539870181222e-07,-,0
2026-08-03 07:52:00+00:00,1e-10,1e-10,-,0
2026-08-03 07:53:00+00:00,1e-10,9.719409299576179e-07,-,0
2026-08-03 07:54:00+00:00,3.4469396802848243e-07,1.7065903278731887e-06,-,0
2026-08-03 07:55:00+00:00,2.252469725754005e-06,1e-10,-,0
2026-08-03 07:56:00+00:00,1e-10,8.616260801215789e-07,-,0
2026-08-03 07:57:00+00:00,1e-10,5.720570023630865e-08,-,0
2026-08-03 07:58:00+00:00,1.8998808939651416e-06,1e-10,-,0
2026-08-03 07:59:00+00:00,1e-10,5.863235945084831e-08,-,0
2026-08-03 08:00:00+00:00,1.2207992042265306e-06,9.477043976464666e-07,-,0
2026-08-03 08:01:00+00:00,4.6684462013423714e-07,1e-10,-,0
2026-08-03 08:02:00+00:00,1e-10,4.2137455305006365e-08,-,0
2026-08-03 08:03:00+00:00,5.309331120297158e-07,1e-10,-,0
2026-08-03 08:04:00+00:00,1e-10,6.505168148187281e-08,-,0
2026-08-03 08:05:00+00:00,2.5312875155680054e-06,1e-10,-,0
2026-08-03 08:06:00+00:00,1e-10,1e-10,-,0
2026-08-03 08:07:00+00:00,1e-10,2.1458084890462997e-06,-,0
2026-08-03 08:08:00+00:00,1e-10,1e-10,-,0
2026-08-03 08:09:00+00:00,1e-10,6.777087569612401e-07,-,0
2026-08-03 08:10:00+00:00,1.2271520718906121e-06,6.871808090238175e-07,-,0
2026-08-03 08:11:00+00:00,1e-10,1.2864778317774066e-07,-,0
2026-08-03 08:12:00+00:00,5.763040179652218e-07,3.504702312377433e-07,-,0
2026-08-03 08:13:00+00:00,2.8535946504560047e-07,7.509883256172215e-07,-,0
2026-08-03 08:14:00+00:00,9.549678477717676e-07,1e-10,-,0
2026-08-03 08:15:00+00:00,1e-10,1e-10,-,0
2026-08-03 08:16:00+00:00,3.875516258859768e-07,1e-10,-,0
2026-08-03 08:17:00+00:00,1e-10,5.757666517553998e-07,-,0
2026-08-03 08:18:00+00:00,1e-10,6.16101856453796e-07,-,0
2026-08-03 08:19:00+00:00,1.8041153028285005e-06,1e-10,-,0
2026-08-03 08:20:00+00:00,1e-10,1e-10,-,0
2026-08-03 08:21:00+00:00,1e-10,1e-10,-,0
2026-08-03 08:22:00+00:00,1e-10,1e-10,-,0
2026-08-03 08:23:00+00:00,4.7399368025071776e-07,1e-10,-,0
2026-08-03 08:24:00+00:00,1e-10,1e-10,-,0
2026-08-03 08:25:00+00:00,1.7108616177936195e-06,1e-10,-,0
2026-08-03 08:26:00+00:00,6.211545615703699e-07,1.4713167046278954e-07,-,0
2026-08-03 08:27:00+00:00,1e-10,1.1044781821870029e-06,-,0
2026-08-03 08:28:00+00:00,1e-10,1e-10,-,0
2026-08-03 08:29:00+00:00,1e-10,1.0833154785822033e-06,-,0
2026-08-03 08:30:00+00:00,6.103822200123003e-07,9.140760395279388e-07,-,0
2026-08-03 08:31:00+00:00,1e-10,1e-10,-,0
2026-08-03 08:32:00+00:00,1e-10,1e-10,-,0
2026-08-03 08:33:00+00:00,1e-10,1e-10,-,0
2026-08-03 08:34:00+00:00,2.512325961792669e-06,3.144281808844561e-07,-,0
2026-08-03 08:35:00+00:00,1e-10,6.199922222593302e-07,-,0
2026-08-03 08:36:00+00:00,1e-10,4.27092528378503e-08,-,0
2026-08-03 08:37:00+00:00,1e-10,1e-10,-,0
2026-08-03 08:38:00+00:00,1e-10,1e-10,-,0
2026-08-03 08:39:00+00:00,2.183374734441403e-06,8.168890676634212e-07,-,0
2026-08-03 08:40:00+00:00,1e-10,7.026202381138307e-07,-,0
2026-08-03 08:41:00+00:00,1e-10,6.152642016140135e-07,-,0
2026-08-03 08:42:00+00:00,9.65978490185969e-07,3.91209743785365e-07,-,0
2026-08-03 08:43:00+00:00,1.047440779414054e-06,1.3178206709567207e-06,-,0
2026-08-03 08:44:00+00:00,7.607413652981343e-07,1e-10,-,0
2026-08-03 08:45:00+00:00,2.52377132595005e-07,1e-10,-,0
2026-08-03 08:46:00+00:00,1e-10,1e-10,-,0
2026-08-03 08:47:00+00:00,1e-10,1e-10,-,0
2026-08-03 08:48:00+00:00,1e-10,1.6696802235465324e-06,-,0
2026-08-03 08:49:00+00:00,1e-10,1e-10,-,0
2026-08-03 08:50:00+00:00,1e-10,1e-10,-,0
2026-08-03 08:51:00+00:00,1e-10,1e-10,-,0
2026-08-03 08:52:00+00:00,3.395776733157324e-07,7.39692161871642e-07,-,0
2026-08-03 08:53:00+00:00,1e-10,1e-10,-,0
2026-08-03 08:54:00+00:00,1e-10,1.5754296788371962e-06,-,0
2026-08-03 08:55:00+00:00,1e-10,1.5821365606922118e-06,-,0
2026-08-03 08:56:00+00:00,1e-10,1e-10,-,0
2026-08-03 08:57:00+00:00,4.346900257106331e-07,1e-10,-,0
2026-08-03 08:58:00+00:00,1e-10,1.4324173537570448e-06,-,0
2026-08-03 08:59:00+00:00,5.358127720241742e-07,1e-10,-,0
2026-08-03 09:00:00+00:00,3.2384478262701344e-07,1.1125892282603176e-06,-,0
2026-08-03 09:01:00+00:00,4.895058368841594e-07,1e-10,-,0
2026-08-03 09:02:00+00:00,1.7717234756609857e-07,1e-10,-,0
2026-08-03 09:03:00+00:00,4.316102626377847e-07,1e-10,-,0
2026-08-03 09:04:00+00:00,1e-10,1.2002594701516542e-06,-,0
2026-08-03 09:05:00+00:00,5.207302896139702e-07,1e-10,-,0
2026-08-03 09:06:00+00:00,1.2929191694096642e-06,9.281782646949663e-07,-,0
2026-08-03 09:07:00+00:00,1e-10,5.976414677902651e-07,-,0
2026-08-03 09:08:00+00:00,1e-10,1e-10,-,0
2026-08-03 09:09:00+00:00,7.248210505970685e-07,1.0061849721140368e-06,-,0
2026-08-03 09:10:00+00:00,1e-10,6.218125257051553e-07,-,0
2026-08-03 09:11:00+00:00,1e-10,1e-10,-,0
2026-08-03 09:12:00+00:00,4.976797115223278e-07,5.982160488674508e-07,-,0
2026-08-03 09:13:00+00:00,1e-10,1e-10,-,0
2026-08-03 09:14:00+00:00,1.3822367127637364e-06,5.336372262099705e-07,-,0
2026-08-03 09:15:00+00:00,1e-10,2.979183372415542e-07,-,0
2026-08-03 09:16:00+00:00,1e-10,1.144041932399567e-06,-,0
2026-08-03 09:17:00+00:00,2.6963912582847213e-08,1.0730088254305747e-06,-,0
2026-08-03 09:18:00+00:00,5.088645822209671e-07,1e-10,-,0
2026-08-03 09:19:00+00:00,3.8603518016434167e-07,1e-10,-,0
2026-08-03 09:20:00+00:00,6.286401453808903e-07,1e-10,-,0
2026-08-03 09:21:00+00:00,1e-10,1.2062377404395462e-06,-,0
2026-08-03 09:22:00+00:00,1.2874379156233434e-06,1e-10,-,0
2026-08-03 09:23:00+00:00,1e-10,3.7324302506777903e-07,-,0
2026-08-03 09:24:00+00:00,1e-10,1.023353487301241e-06,-,0
2026-08-03 09:25:00+00:00,7.295020370585455e-08,6.594837289683506e-08,-,0
2026-08-03 09:26:00+00:00,1e-10,1.9460879064580287e-06,-,0
2026-08-03 09:27:00+00:00,1e-10,1e-10,-,0
2026-08-03 09:28:00+00:00,1e-10,6.123806383129332e-07,-,0
2026-08-03 09:29:00+00:00,1e-10,4.515696482283399e-07,-,0
2026-08-03 09:30:00+00:00,5.417344830816132e-07,1.5207230067528965e-07,-,0
2026-08-03 09:31:00+00:00,1e-10,1e-10,-,0
2026-08-03 09:32:00+00:00,1e-10,1e-10,-,0
2026-08-03 09:33:00+00:00,1e-10,1e-10,-,0
2026-08-03 09:34:00+00:00,1.2519355708741517e-06,1e-10,-,0
2026-08-03 09:35:00+00:00,1.2450162786982799e-06,1e-10,-,0
2026-08-03 09:36:00+00:00,1e-10,2.5785421982742883e-06,-,0
2026-08-03 09:37:00+00:00,5.92676138040871e-07,8.493563883021626e-07,-,0
2026-08-03 09:38:00+00:00,1.0749212791247335e-08,1e-10,-,0
2026-08-03 09:39:00+00:00,1.453165447746453e-06,2.2961611523977401e-07,-,0
2026-08-03 09:40:00+00:00,2.4220879339965917e-07,4.7659382293203085e-07,-,0
2026-08-03 09:41:00+00:00,1e-10,1.1740375312173183e-07,-,0
2026-08-03 09:42:00+00:00,1.802924099223239e-06,2.612687921793e-08,-,0
2026-08-03 09:43:00+00:00,1e-10,1e-10,-,0
2026-08-03 09:44:00+00:00,3.8300087266191063e-07,4.084861452685397e-07,-,0
2026-08-03 09:45:00+00:00,1.543179456659737e-06,2.965595403262697e-07,-,0
2026-08-03 09:46:00+00:00,7.694273661789442e-07,7.640423983586619e-07,-,0
2026-08-03 09:47:00+00:00,1e-10,9.425189109106461e-07,-,0
2026-08-03 09:48:00+00:00,1e-10,9.058865300924162e-07,-,0
2026-08-03 09:49:00+00:00,1e-10,1.2362033789036583e-07,-,0
2026-08-03 09:50:00+00:00,1.6716593572298982e-06,1e-10,-,0
2026-08-03 09:51:00+00:00,1e-10,8.332976724018713e-07,-,0
2026-08-03 09:52:00+00:00,8.209576963739207e-07,1e-10,-,0
2026-08-03 09:53:00+00:00,1e-10,1e-10,-,0
2026-08-03 09:54:00+00:00,2.8619882362982373e-06,1e-10,-,0
2026-08-03 09:55:00+00:00,1e-10,1e-10,-,0
2026-08-03 09:56:00+00:00,7.968023748263945e-08,6.329015931539786e-07,-,0
2026-08-03 09:57:00+00:00,1.3729113387393347e-06,1.5243354831151267e-07,-,0
2026-08-03 09:58:00+00:00,1e-10,8.836783043191601e-07,-,0
2026-08-03 09:59:00+00:00,6.551365080931289e-07,5.833788681035577e-07,-,0
2026-08-03 10:00:00+00:00,1e-10,1.1635458994648586e-06,-,0
2026-08-03 10:01:00+00:00,4.599166201181725e-07,1.2669448619814172e-06,-,0
2026-08-03 10:02:00+00:00,1.2280921882533488e-06,1.0611154369560835e-06,-,0
2026-08-03 10:03:00+00:00,1e-10,1.0835078733731125e-06,-,0
2026-08-03 10:04:00+00:00,1.6870216575113879e-06,1.8337955917736715e-06,-,0
2026-08-03 10:05:00+00:00,4.1982233165645344e-07,2.3305252265275827e-06,-,0
2026-08-03 10:06:00+00:00,2.1882365220341077e-06,8.860843974691184e-08,-,0
2026-08-03 10:07:00+00:00,1e-10,1.7202322273910808e-06,-,0
2026-08-03 10:08:00+00:00,1e-10,1e-10,-,0
2026-08-03 10:09:00+00:00,1e-10,1e-10,-,0
2026-08-03 10:10:00+00:00,1e-10,1.8562837520320937e-06,-,0
2026-08-03 10:11:00+00:00,1.0564973455239117e-06,1.1816206299219438e-07,-,0
2026-08-03 10:12:00+00:00,1e-10,1e-10,-,0
2026-08-03 10:13:00+00:00,1e-10,1e-10,-,0
2026-08-03 10:14:00+00:00,1e-10,1e-10,-,0
2026-08-03 10:15:00+00:00,1e-10,1e-10,-,0
2026-08-03 10:16:00+00:00,1.0502115961763265e-06,6.039684210521531e-07,-,0
2026-08-03 10:17:00+00:00,5.385189248719929e-07,1e-10,-,0
2026-08-03 10:18:00+00:00,1e-10,1e-10,-,0
2026-08-03 10:19:00+00:00,1e-10,1e-10,-,0
2026-08-03 10:20:00+00:00,1e-10,1e-10,-,0
2026-08-03 10:21:00+00:00,2.004716401109728e-06,1e-10,-,0
2026-08-03 10:22:00+00:00,1e-10,1.0244972710600333e-06,-,0
2026-08-03 10:23:00+00:00,9.807410720325446e-07,3.7006955195141e-07,-,0
2026-08-03 10:24:00+00:00,1e-10,1e-10,-,0
2026-08-03 10:25:00+00:00,1.8903325128055155e-06,1e-10,-,0
2026-08-03 10:26:00+00:00,1e-10,1.0020963351348032e-06,-,0
2026-08-03 10:27:00+00:00,9.238189712395309e-07,6.359971301524577e-07,-,0
2026-08-03 10:28:00+00:00,1e-10,2.3795308845295447e-06,-,0
2026-08-03 10:29:00+00:00,2.481281619225864e-06,1e-10,-,0
2026-08-03 10:30:00+00:00,8.028664291033679e-07,4.243247697590461e-07,-,0
2026-08-03 10:31:00+00:00,1e-10,1e-10,-,0
2026-08-03 10:32:00+00:00,1e-10,1e-10,-,0
2026-08-03 10:33:00+00:00,7.899982504888759e-07,4.1138043349841796e-07,-,0
2026-08-03 10:34:00+00:00,7.594148934121463e-07,1e-10,-,0
2026-08-03 10:35:00+00:00,6.754451197957122e-07,2.982627906075584e-06,-,0
2026-08-03 10:36:00+00:00,2.0698871281929274e-07,1e-10,-,0
2026-08-03 10:37:00+00:00,1e-10,1e-10,-,0
2026-08-03 10:38:00+00:00,1.2327100080491467e-06,9.576994814527383e-08,-,0
2026-08-03 10:39:00+00:00,1e-10,1.0566165671021387e-06,-,0
2026-08-03 10:40:00+00:00,8.979289459887482e-08,9.610382537750347e-07,-,0
2026-08-03 10:41:00+00:00,1e-10,1e-10,-,0
2026-08-03 10:42:00+00:00,1e-10,1.4649076786771017e-06,-,0
2026-08-03 10:43:00+00:00,1e-10,1e-10,-,0
2026-08-03 10:44:00+00:00,1e-10,1e-10,-,0
2026-08-03 10:45:00+00:00,6.397426262708113e-07,8.731182081208694e-09,-,0
2026-08-03 10:46:00+00:00,1e-10,1e-10,-,0
2026-08-03 10:47:00+00:00,5.07740604746536e-07,1.3253851683190644e-06,-,0
2026-08-03 10:48:00+00:00,1e-10,3.905083922798222e-07,-,0
2026-08-03 10:49:00+00:00,6.849236944917825e-08,1.2067710583218614e-06,-,0
2026-08-03 10:50:00+00:00,1e-10,1.3385285648385557e-06,-,0
2026-08-03 10:51:00+00:00,1e-10,1e-10,-,0
2026-08-03 10:52:00+00:00,1.3768094053965656e-06,2.849668659431995e-07,-,0
2026-08-03 10:53:00+00:00,1e-10,1.2739766645998933e-06,-,0
2026-08-03 10:54:00+00:00,8.124381188957209e-07,2.5312192784259056e-07,-,0
2026-08-03 10:55:00+00:00,8.223674691073586e-07,1e-10,-,0
2026-08-03 10:56:00+00:00,1e-10,1.6186775198230942e-06,-,0
2026-08-03 10:57:00+00:00,1e-10,3.392773347144727e-08,-,0
2026-08-03 10:58:00+00:00,1e-10,1e-10,-,0
2026-08-03 10:59:00+00:00,1.4491145696724383e-06,2.144651929501561e-06,-,0
2026-08-03 11:00:00+00:00,5.771087232006665e-07,1e-10,-,0
2026-08-03 11:01:00+00:00,1.8615982480172425e-07,1e-10,-,0
2026-08-03 11:02:00+00:00,1e-10,1e-10,-,0
2026-08-03 11:03:00+00:00,1.9504921202233414e-06,9.854871600415033e-07,-,0
2026-08-03 11:04:00+00:00,1e-10,1e-10,-,0
2026-08-03 11:05:00+00:00,1.8911644228808652e-07,1e-10,-,0
2026-08-03 11:06:00+00:00,5.84953712488362e-07,1.1699375886577111e-06,-,0
2026-08-03 11:07:00+00:00,1e-10,8.785147144162735e-07,-,0
2026-08-03 11:08:00+00:00,1e-10,1e-10,-,0
2026-08-03 11:09:00+00:00,1e-10,2.647071792423466e-07,-,0
2026-08-03 11:10:00+00:00,9.88056239995462e-07,1e-10,-,0
2026-08-03 11:11:00+00:00,1e-10,1e-10,-,0
2026-08-03 11:12:00+00:00,1e-10,1e-10,-,0
2026-08-03 11:13:00+00:00,1e-10,1e-10,-,0
2026-08-03 11:14:00+00:00,1e-10,1e-10,-,0
2026-08-03 11:15:00+00:00,1e-10,1e-10,-,0
2026-08-03 11:16:00+00:00,8.831152827630251e-07,1.1836096204912032e-06,-,0
2026-08-03 11:17:00+00:00,9.254144157320314e-07,6.538352692213769e-07,-,0
2026-08-03 11:18:00+00:00,4.1180499091036645e-08,1e-10,-,0
2026-08-03 11:19:00+00:00,1e-10,2.9020593824367704e-06,-,0
2026-08-03 11:20:00+00:00,8.529488147892316e-07,1e-10,-,0
2026-08-03 11:21:00+00:00,8.087980264944785e-07,6.187959459072979e-07,-,0
2026-08-03 11:22:00+00:00,1e-10,1e-10,-,0
2026-08-03 11:23:00+00:00,1e-10,1.3603719262417203e-06,-,0
2026-08-03 11:24:00+00:00,8.168777688319498e-07,1e-10,-,0
2026-08-03 11:25:00+00:00,3.315087843921695e-07,1e-10,-,0
2026-08-03 11:26:00+00:00,7.035805299334504e-07,1.0811622303130724e-06,-,0
2026-08-03 11:27:00+00:00,1e-10,1e-10,-,0
2026-08-03 11:28:00+00:00,1e-10,8.298675017238937e-07,-,0
2026-08-03 11:29:00+00:00,5.429632068536031e-07,1e-10,-,0
2026-08-03 11:30:00+00:00,1e-10,1e-10,-,0
2026-08-03 11:31:00+00:00,1e-10,2.4122238737688993e-06,-,0
2026-08-03 11:32:00+00:00,1e-10,5.848595346558792e-07,-,0
2026-08-03 11:33:00+00:00,1e-10,1e-10,-,0
2026-08-03 11:34:00+00:00,1.91490523511265e-06,1.5289231513848421e-06,-,0
2026-08-03 11:35:00+00:00,1e-10,1e-10,-,0
2026-08-03 11:36:00+00:00,1e-10,1e-10,-,0
2026-08-03 11:37:00+00:00,2.295630548922153e-06,1e-10,-,0
2026-08-03 11:38:00+00:00,1e-10,1e-10,-,0
2026-08-03 11:39:00+00:00,7.624735759328754e-07,1e-10,-,0
2026-08-03 11:40:00+00:00,1e-10,1e-10,-,0
2026-08-03 11:41:00+00:00,4.79119371948323e-07,1e-10,-,0
2026-08-03 11:42:00+00:00,2.616508416535734e-06,1e-10,-,0
2026-08-03 11:43:00+00:00,9.082168202423004e-07,5.143872679933221e-07,-,0
2026-08-03 11:44:00+00:00,1.9921522433358925e-07,1.5310300291246579e-06,-,0
2026-08-03 11:45:00+00:00,1e-10,5.516033868790312e-08,-,0
2026-08-03 11:46:00+00:00,1e-10,1e-10,-,0
2026-08-03 11:47:00+00:00,1e-10,7.089848227495718e-07,-,0
2026-08-03 11:48:00+00:00,1e-10,1.3201751738508447e-06,-,0
2026-08-03 11:49:00+00:00,1e-10,1.2589862632065415e-06,-,0
2026-08-03 11:50:00+00:00,1e-10,5.760689430822034e-07,-,0
2026-08-03 11:51:00+00:00,1e-10,1e-10,-,0
2026-08-03 11:52:00+00:00,1.2742256468424106e-06,1e-10,-,0
2026-08-03 11:53:00+00:00,1e-10,2.7610457219651737e-07,-,0
2026-08-03 11:54:00+00:00,2.4354222301918894e-07,1e-10,-,0
2026-08-03 11:55:00+00:00,1e-10,3.5659808591210926e-08,-,0
2026-08-03 11:56:00+00:00,1e-10,1.9305646428483108e-06,-,0
2026-08-03 11:57:00+00:00,1e-10,1e-10,-,0
2026-08-03 11:58:00+00:00,2.504788837412112e-06,1e-10,-,0
2026-08-03 11:59:00+00:00,2.5061901249158316e-07,1e-10,-,0
2026-08-03 12:00:00+00:00,2.2178850679217876e-07,1e-10,-,0
2026-08-03 12:01:00+00:00,6.247205660059906e-07,1.2353439505639455e-06,-,0
2026-08-03 12:02:00+00:00,2.8382333415903133e-06,2.9458296963278864e-06,-,0
2026-08-03 12:03:00+00:00,1e-10,1.7925617203259474e-07,-,0
2026-08-03 12:04:00+00:00,1e-10,1e-10,-,0
2026-08-03 12:05:00+00:00,2.2463740850618805e-06,1e-10,-,0
2026-08-03 12:06:00+00:00,1e-10,1.1561353879524576e-06,-,0
2026-08-03 12:07:00+00:00,1.4662829803707221e-06,8.12920905649111e-07,-,0
2026-08-03 12:08:00+00:00,1e-10,1.312622354143882e-06,-,0
2026-08-03 12:09:00+00:00,5.15182451999593e-07,1e-10,-,0
2026-08-03 12:10:00+00:00,1e-10,1.8272699552978594e-06,-,0
2026-08-03 12:11:00+00:00,2.9063848813016245e-06,1.995307248128952e-07,-,0
2026-08-03 12:12:00+00:00,1e-10,1e-10,-,0
2026-08-03 12:13:00+00:00,1e-10,1e-10,-,0
2026-08-03 12:14:00+00:00,6.391610486802891e-07,1e-10,-,0
2026-08-03 12:15:00+00:00,1e-10,1e-10,-,0
2026-08-03 12:16:00+00:00,5.031551175477468e-07,1e-10,-,0
2026-08-03 12:17:00+00:00,1e-10,5.049377428176214e-07,-,0
2026-08-03 12:18:00+00:00,1.963691658030407e-07,1e-10,-,0
2026-08-03 12:19:00+00:00,1e-10,1e-10,-,0
2026-08-03 12:20:00+00:00,1e-10,1e-10,-,0
2026-08-03 12:21:00+00:00,1e-10,1e-10,-,0
2026-08-03 12:22:00+00:00,1.012779768589607e-06,1e-10,-,0
2026-08-03 12:23:00+00:00,1e-10,1e-10,-,0
2026-08-03 12:24:00+00:00,1e-10,1e-10,-,0
2026-08-03 12:25:00+00:00,5.035598524537552e-07,4.3207079760563264e-07,-,0
2026-08-03 12:26:00+00:00,1.2982741467828733e-06,1.715933675252034e-06,-,0
2026-08-03 12:27:00+00:00,1e-10,1.1332995696002542e-06,-,0
2026-08-03 12:28:00+00:00,2.7874791654104853e-07,1e-10,-,0
2026-08-03 12:29:00+00:00,1e-10,1.001972564246942e-06,-,0
2026-08-03 12:30:00+00:00,1e-10,1.214304125617102e-06,-,0
2026-08-03 12:31:00+00:00,1.208149293346573e-06,8.511876411287923e-07,-,0
2026-08-03 12:32:00+00:00,1e-10,1e-10,-,0
2026-08-03 12:33:00+00:00,1e-10,1.6402409712612576e-06,-,0
2026-08-03 12:34:00+00:00,1e-10,1e-10,-,0
2026-08-03 12:35:00+00:00,4.544339166802096e-07,1.1964921019378803e-06,-,0
2026-08-03 12:36:00+00:00,1.3848429476839112e-06,1.1619276901395092e-06,-,0
2026-08-03 12:37:00+00:00,1e-10,5.625102418530987e-07,-,0
2026-08-03 12:38:00+00:00,1.6020254420237434e-06,1e-10,-,0
2026-08-03 12:39:00+00:00,6.094426967714864e-07,2.2969576006346092e-07,-,0
2026-08-03 12:40:00+00:00,1e-10,9.346628654618348e-07,-,0
2026-08-03 12:41:00+00:00,1e-10,5.967741632652843e-08,-,0
2026-08-03 12:42:00+00:00,1e-10,1e-10,-,0
2026-08-03 12:43:00+00:00,1.168966323778387e-06,1e-10,-,0
2026-08-03 12:44:00+00:00,5.9471447562929134e-08,1e-10,-,0
2026-08-03 12:45:00+00:00,1e-10,1e-10,-,0
2026-08-03 12:46:00+00:00,1e-10,1.3433252287833153e-06,-,0
2026-08-03 12:47:00+00:00,8.485575434242666e-07,1e-10,-,0
2026-08-03 12:48:00+00:00,1e-10,4.441519815663162e-07,-,0
2026-08-03 12:49:00+00:00,1e-10,1e-10,-,0
2026-08-03 12:50:00+00:00,1e-10,1e-10,-,0
2026-08-03 12:51:00+00:00,1e-10,8.020641328453502e-07,-,0
2026-08-03 12:52:00+00:00,1e-10,1.127977525777453e-06,-,0
2026-08-03 12:53:00+00:00,1e-10,1e-10,-,0
2026-08-03 12:54:00+00:00,1e-10,3.2049443485004195e-07,-,0
2026-08-03 12:55:00+00:00,1e-10,8.748214664677169e-07,-,0
2026-08-03 12:56:00+00:00,5.70141650310226e-07,1e-10,-,0
2026-08-03 12:57:00+00:00,1e-10,1e-10,-,0
2026-08-03 12:58:00+00:00,1e-10,1e-10,-,0
2026-08-03 12:59:00+00:00,1e-10,1e-10,-,0
2026-08-03 13:00:00+00:00,1e-10,7.891221457548152e-07,-,0
2026-08-03 13:01:00+00:00,1e-10,1.0972406933039514e-07,-,0
2026-08-03 13:02:00+00:00,2.7822140681972993e-07,1e-10,-,0
2026-08-03 13:03:00+00:00,2.1255057814518293e-06,1e-10,-,0
2026-08-03 13:04:00+00:00,1.0423046010389184e-06,1.222844532593718e-06,-,0
2026-08-03 13:05:00+00:00,1.4431704795578463e-06,1e-10,-,0
2026-08-03 13:06:00+00:00,1e-10,3.480059077214188e-07,-,0
2026-08-03 13:07:00+00:00,1e-10,1e-10,-,0
2026-08-03 13:08:00+00:00,1e-10,1e-10,-,0
2026-08-03 13:09:00+00:00,1.6173123866502363e-06,1.122030304161236e-06,-,0
2026-08-03 13:10:00+00:00,1.0507836939329138e-06,8.271906025184277e-08,-,0
2026-08-03 13:11:00+00:00,1e-10,1.801479442344224e-07,-,0
2026-08-03 13:12:00+00:00,1e-10,3.527313066356512e-07,-,0
2026-08-03 13:13:00+00:00,1e-10,1.0934384521474857e-06,-,0
2026-08-03 13:14:00+00:00,7.363502833625423e-07,1.2909117612838954e-06,-,0
2026-08-03 13:15:00+00:00,1e-10,1e-10,-,0
2026-08-03 13:16:00+00:00,1e-10,1e-10,-,0
2026-08-03 13:17:00+00:00,7.107773109473855e-07,1e-10,-,0
2026-08-03 13:18:00+00:00,1.2853491170359303e-06,1.8907482444358908e-07,-,0
2026-08-03 13:19:00+00:00,1e-10,1e-10,-,0
2026-08-03 13:20:00+00:00,6.877310978432183e-07,1e-10,-,0
2026-08-03 13:21:00+00:00,1.8148539724170444e-06,1e-10,-,0
2026-08-03 13:22:00+00:00,1.6145972622030052e-06,1e-10,-,0
2026-08-03 13:23:00+00:00,1e-10,2.8086471243412784e-06,-,0
2026-08-03 13:24:00+00:00,3.594061699886167e-07,1e-10,-,0
2026-08-03 13:25:00+00:00,8.642322883985568e-07,1e-10,-,0
2026-08-03 13:26:00+00:00,5.52714196473506e-08,1e-10,-,0
2026-08-03 13:27:00+00:00,1e-10,1.756572344170995e-07,-,0
2026-08-03 13:28:00+00:00,1e-10,1e-10,-,0
2026-08-03 13:29:00+00:00,1e-10,1e-10,-,0
2026-08-03 13:30:00+00:00,1e-10,1e-10,-,0
2026-08-03 13:31:00+00:00,1e-10,1.1955951565911532e-06,-,0
2026-08-03 13:32:00+00:00,1.545535254235403e-07,1e-10,-,0
2026-08-03 13:33:00+00:00,9.925058548519452e-07,1e-10,-,0
2026-08-03 13:34:00+00:00,1e-10,1e-10,-,0
2026-08-03 13:35:00+00:00,1e-10,4.1035765807626447e-07,-,0
2026-08-03 13:36:00+00:00,1e-10,2.225578893702562e-07,-,0
2026-08-03 13:37:00+00:00,3.330344461704005e-07,1e-10,-,0
2026-08-03 13:38:00+00:00,2.605622741799401e-07,7.015821366472277e-07,-,0
2026-08-03 13:39:00+00:00,1e-10,1e-10,-,0
2026-08-03 13:40:00+00:00,1e-10,1e-10,-,0
2026-08-03 13:41:00+00:00,1.0161531870288485e-06,1e-10,-,0
2026-08-03 13:42:00+00:00,4.1986606667857317e-07,1.8499645313105077e-07,-,0
2026-08-03 13:43:00+00:00,1e-10,5.9128671359897024e-08,-,0
2026-08-03 13:44:00+00:00,1e-10,2.674959204899317e-07,-,0
2026-08-03 13:45:00+00:00,2.7812543629277136e-07,4.871515823994762e-07,-,0
2026-08-03 13:46:00+00:00,1e-10,2.1613697155742736e-06,-,0
2026-08-03 13:47:00+00:00,4.557130515188007e-07,7.865531093166424e-07,-,0
2026-08-03 13:48:00+00:00,2.0556549099056067e-07,1e-10,-,0
2026-08-03 13:49:00+00:00,2.331113024187499e-06,9.248742439347391e-07,-,0
2026-08-03 13:50:00+00:00,1e-10,1e-10,-,0
2026-08-03 13:51:00+00:00,2.2483483899088454e-06,1e-10,-,0
2026-08-03 13:52:00+00:00,1.1722961479546589e-07,1e-10,-,0
2026-08-03 13:53:00+00:00,1e-10,1e-10,-,0
2026-08-03 13:54:00+00:00,1e-10,2.1083612560264954e-07,-,0
2026-08-03 13:55:00+00:00,1e-10,8.268682943528043e-07,-,0
2026-08-03 13:56:00+00:00,5.118540991133246e-07,1e-10,-,0
2026-08-03 13:57:00+00:00,1.7741483500784245e-07,1e-10,-,0
2026-08-03 13:58:00+00:00,1e-10,1e-10,-,0
2026-08-03 13:59:00+00:00,1.1662857001773869e-06,1e-10,-,0
2026-08-03 14:00:00+00:00,1.6653405440812754e-06,1e-10,-,0
2026-08-03 14:01:00+00:00,1e-10,1e-10,-,0
2026-08-03 14:02:00+00:00,1.1567559322091713e-06,1e-10,-,0
2026-08-03 14:03:00+00:00,1.8972701001529756e-06,6.919042990313363e-07,-,0
2026-08-03 14:04:00+00:00,1e-10,1e-10,-,0
2026-08-03 14:05:00+00:00,1e-10,1e-10,-,0
2026-08-03 14:06:00+00:00,1e-10,1e-10,-,0
2026-08-03 14:07:00+00:00,1.1093564857510797e-06,1e-10,-,0
2026-08-03 14:08:00+00:00,1e-10,8.209805565659709e-07,-,0
2026-08-03 14:09:00+00:00,1e-10,1.6632121339488839e-06,-,0
2026-08-03 14:10:00+00:00,5.035030805629985e-07,9.552595414775564e-08,-,0
2026-08-03 14:11:00+00:00,1.7598246863919391e-06,7.425328457244294e-07,-,0
2026-08-03 14:12:00+00:00,1e-10,1e-10,-,0
2026-08-03 14:13:00+00:00,1e-10,2.4712058203771647e-07,-,0
2026-08-03 14:14:00+00:00,1e-10,1e-10,-,0
2026-08-03 14:15:00+00:00,7.57225156754954e-07,1.0662706954759122e-06,-,0
2026-08-03 14:16:00+00:00,1e-10,1e-10,-,0
2026-08-03 14:17:00+00:00,1.4742206749816339e-08,1e-10,-,0
2026-08-03 14:18:00+00:00,1e-10,1e-10,-,0
2026-08-03 14:19:00+00:00,1e-10,6.624799489152012e-07,-,0
2026-08-03 14:20:00+00:00,1e-10,1e-10,-,0
2026-08-03 14:21:00+00:00,1e-10,1e-10,-,0
2026-08-03 14:22:00+00:00,1.2297758634323867e-06,1e-10,-,0
2026-08-03 14:23:00+00:00,1e-10,1e-10,-,0
2026-08-03 14:24:00+00:00,6.343728949720323e-07,7.352474744923237e-07,-,0
2026-08-03 14:25:00+00:00,1e-10,3.3338870684391223e-07,-,0
2026-08-03 14:26:00+00:00,1e-10,1.3622049403070263e-06,-,0
2026-08-03 14:27:00+00:00,4.105293037644979e-07,1e-10,-,0
2026-08-03 14:28:00+00:00,1.486105783815416e-06,1e-10,-,0
2026-08-03 14:29:00+00:00,1.6905934163931883e-06,1.2202115026837758e-06,-,0
2026-08-03 14:30:00+00:00,3.4615983861677955e-07,1e-10,-,0
2026-08-03 14:31:00+00:00,1e-10,1.2795897345908587e-06,-,0
2026-08-03 14:32:00+00:00,4.6374478285184465e-07,1.6457601640192252e-06,-,0
2026-08-03 14:33:00+00:00,2.7749519754641076e-06,1e-10,-,0
2026-08-03 14:34:00+00:00,1e-10,2.6664211894009813e-06,-,0
2026-08-03 14:35:00+00:00,1.287977505106517e-06,1e-10,-,0
2026-08-03 14:36:00+00:00,1e-10,1e-10,-,0
2026-08-03 14:37:00+00:00,1e-10,1e-10,-,0
2026-08-03 14:38:00+00:00,1.988132217637449e-06,1e-10,-,0
2026-08-03 14:39:00+00:00,3.840494898808414e-08,1e-10,-,0
2026-08-03 14:40:00+00:00,2.817379518857843e-07,1e-10,-,0
2026-08-03 14:41:00+00:00,6.399869509327061e-07,1e-10,-,0
2026-08-03 14:42:00+00:00,1e-10,1e-10,-,0
2026-08-03 14:43:00+00:00,1e-10,1.7918376653697325e-06,-,0
2026-08-03 14:44:00+00:00,1e-10,3.440779634441044e-07,-,0
2026-08-03 14:45:00+00:00,4.0267338451466515e-07,1.067793477823966e-06,-,0
2026-08-03 14:46:00+00:00,4.4245410962474543e-07,1e-10,-,0
2026-08-03 14:47:00+00:00,1e-10,1e-10,-,0
2026-08-03 14:48:00+00:00,2.276640261347663e-06,1e-10,-,0
2026-08-03 14:49:00+00:00,6.069330824881248e-09,1e-10,-,0
2026-08-03 14:50:00+00:00,1.4556707556667714e-07,1.1415709008271991e-06,-,0
2026-08-03 14:51:00+00:00,1.5209430597785342e-06,1e-10,-,0
2026-08-03 14:52:00+00:00,1e-10,1e-10,-,0
2026-08-03 14:53:00+00:00,1e-10,1e-10,-,0
2026-08-03 14:54:00+00:00,3.472549083415143e-07,8.174972383735048e-07,-,0
2026-08-03 14:55:00+00:00,1e-10,1e-10,-,0
2026-08-03 14:56:00+00:00,1e-10,1.3753271688748085e-06,-,0
2026-08-03 14:57:00+00:00,2.3047601142375486e-06,1e-10,-,0
2026-08-03 14:58:00+00:00,2.058120783966372e-06,2.710791022739589e-06,-,0
2026-08-03 14:59:00+00:00,1.0279043683647003e-06,1.3433205756037665e-06,-,0
2026-08-03 15:00:00+00:00,1.340664823351048e-06,1e-10,-,0
2026-08-03 15:01:00+00:00,5.786042187299689e-07,8.086688311032022e-08,-,0
2026-08-03 15:02:00+00:00,1e-10,1.536228202798695e-06,-,0
2026-08-03 15:03:00+00:00,1.8540734632080888e-06,3.6932363242915747e-07,-,0
2026-08-03 15:04:00+00:00,1e-10,6.745423941053325e-07,-,0
2026-08-03 15:05:00+00:00,1.1056431313476356e-06,2.3663238199718752e-06,-,0
2026-08-03 15:06:00+00:00,1e-10,2.3510400751939908e-07,-,0
2026-08-03 15:07:00+00:00,1e-10,1e-10,-,0
2026-08-03 15:08:00+00:00,6.329534784599365e-07,1.9737072800045713e-07,-,0
2026-08-03 15:09:00+00:00,2.2795077613108086e-06,1.3144918398656321e-06,-,0
2026-08-03 15:10:00+00:00,1.6132221594185807e-06,3.566733028848125e-07,-,0
2026-08-03 15:11:00+00:00,4.085245905701734e-07,1e-10,-,0
2026-08-03 15:12:00+00:00,1.0254897306206039e-07,1e-10,-,0
2026-08-03 15:13:00+00:00,8.999962726342688e-07,1.6623319192736569e-06,-,0
2026-08-03 15:14:00+00:00,1.5443986043655746e-06,1e-10,-,0
2026-08-03 15:15:00+00:00,1e-10,1e-10,-,0
2026-08-03 15:16:00+00:00,1e-10,1e-10,-,0
2026-08-03 15:17:00+00:00,1e-10,1.2857823828446111e-06,-,0
2026-08-03 15:18:00+00:00,1e-10,1e-10,-,0
2026-08-03 15:19:00+00:00,1e-10,1.397479293457529e-07,-,0
2026-08-03 15:20:00+00:00,1e-10,5.594068973679281e-07,-,0
2026-08-03 15:21:00+00:00,1e-10,7.647562461847574e-09,-,0
2026-08-03 15:22:00+00:00,1e-10,1e-10,-,0
2026-08-03 15:23:00+00:00,6.80107888549794e-07,1.4994130653051212e-07,-,0
2026-08-03 15:24:00+00:00,1e-10,1e-10,-,0
2026-08-03 15:25:00+00:00,1e-10,1.6761868858466591e-07,-,0
2026-08-03 15:26:00+00:00,4.692233129366714e-07,1e-10,-,0
2026-08-03 15:27:00+00:00,3.51422934341135e-07,3.7504076824704556e-07,-,0
2026-08-03 15:28:00+00:00,1.9197173218878096e-06,1e-10,-,0
2026-08-03 15:29:00+00:00,1.0650881028048664e-06,1e-10,-,0
2026-08-03 15:30:00+00:00,1e-10,6.218923188531987e-07,-,0
2026-08-03 15:31:00+00:00,1e-10,1e-10,-,0
2026-08-03 15:32:00+00:00,8.59351832694647e-07,3.6046215242310207e-07,-,0
2026-08-03 15:33:00+00:00,1e-10,2.2491200388542546e-07,-,0
2026-08-03 15:34:00+00:00,1e-10,1.1236369448049501e-06,-,0
2026-08-03 15:35:00+00:00,1e-10,6.471918604143174e-07,-,0
2026-08-03 15:36:00+00:00,1e-10,4.571310134172175e-07,-,0
2026-08-03 15:37:00+00:00,1.4269299113823835e-06,1e-10,-,0
2026-08-03 15:38:00+00:00,2.1869887956693485e-07,1e-10,-,0
2026-08-03 15:39:00+00:00,1e-10,1e-10,-,0
2026-08-03 15:40:00+00:00,1e-10,1e-10,-,0
2026-08-03 15:41:00+00:00,1.930445897727775e-06,1.1706667521013945e-06,-,0
2026-08-03 15:42:00+00:00,1e-10,1e-10,-,0
2026-08-03 15:43:00+00:00,5.555171210692788e-07,1.1451718799802829e-06,-,0
2026-08-03 15:44:00+00:00,9.96825325512157e-07,1e-10,-,0
2026-08-03 15:45:00+00:00,1.6344359047452448e-06,1e-10,-,0
2026-08-03 15:46:00+00:00,1e-10,3.0498682768447935e-08,-,0
2026-08-03 15:47:00+00:00,1e-10,1.592402013132132e-06,-,0
2026-08-03 15:48:00+00:00,1e-10,9.85354187851851e-07,-,0
2026-08-03 15:49:00+00:00,8.412065527874258e-07,1e-10,-,0
2026-08-03 15:50:00+00:00,2.240464314486044e-06,1e-10,-,0
2026-08-03 15:51:00+00:00,8.820735808358034e-07,8.392412684738428e-08,-,0
2026-08-03 15:52:00+00:00,1e-10,2.5410403458458022e-06,-,0
2026-08-03 15:53:00+00:00,1.3476305897237174e-06,1e-10,-,0
2026-08-03 15:54:00+00:00,1e-10,1e-10,-,0
2026-08-03 15:55:00+00:00,1e-10,1e-10,-,0
2026-08-03 15:56:00+00:00,1e-10,1e-10,-,0
2026-08-03 15:57:00+00:00,1e-10,2.478113374212013e-07,-,0
2026-08-03 15:58:00+00:00,1e-10,1e-10,-,0
2026-08-03 15:59:00+00:00,1.3839708892325484e-06,9.533310732371837e-07,-,0
2026-08-03 16:00:00+00:00,1e-10,1e-10,-,0
2026-08-03 16:01:00+00:00,1e-10,1.3449438315207312e-06,-,0
2026-08-03 16:02:00+00:00,6.827381694952727e-07,1.8465424188932092e-07,-,0
2026-08-03 16:03:00+00:00,1e-10,1e-10,-,0
2026-08-03 16:04:00+00:00,1e-10,1e-10,-,0
2026-08-03 16:05:00+00:00,8.098243444233946e-07,1e-10,-,0
2026-08-03 16:06:00+00:00,1e-10,1e-10,-,0
2026-08-03 16:07:00+00:00,1e-10,1e-10,-,0
2026-08-03 16:08:00+00:00,8.066902508556173e-08,5.742422021454604e-07,-,0
2026-08-03 16:09:00+00:00,1e-10,1e-10,-,0
2026-08-03 16:10:00+00:00,1e-10,5.896191521081166e-07,-,0
2026-08-03 16:11:00+00:00,1e-10,1e-10,-,0
2026-08-03 16:12:00+00:00,1e-10,1.0435569648393082e-06,-,0
2026-08-03 16:13:00+00:00,1.8173973299096076e-06,1.0590092069342488e-06,-,0
2026-08-03 16:14:00+00:00,7.284922258930928e-07,2.984557686672487e-07,-,0
2026-08-03 16:15:00+00:00,1e-10,7.923612142824932e-07,-,0
2026-08-03 16:16:00+00:00,5.525733740834505e-07,1e-10,-,0
2026-08-03 16:17:00+00:00,7.282041996421687e-07,1e-10,-,0
2026-08-03 16:18:00+00:00,1e-10,1e-10,-,0
2026-08-03 16:19:00+00:00,1.4275918501697661e-06,1.3949903735363492e-06,-,0
2026-08-03 16:20:00+00:00,2.1625541041172843e-07,1.6724317255458765e-07,-,0
2026-08-03 16:21:00+00:00,1e-10,1e-10,-,0
2026-08-03 16:22:00+00:00,1.7926215390046717e-06,1e-10,-,0
2026-08-03 16:23:00+00:00,1e-10,1e-10,-,0
2026-08-03 16:24:00+00:00,1e-10,1.4436577372746324e-07,-,0
2026-08-03 16:25:00+00:00,7.437578477618357e-07,1e-10,-,0
2026-08-03 16:26:00+00:00,7.783917367146528e-07,1e-10,-,0
2026-08-03 16:27:00+00:00,1.8549668160339117e-06,1e-10,-,0
2026-08-03 16:28:00+00:00,1e-10,1e-10,-,0
2026-08-03 16:29:00+00:00,9.834531955032684e-07,1.486369363120409e-06,-,0
2026-08-03 16:30:00+00:00,1e-10,1e-10,-,0
2026-08-03 16:31:00+00:00,4.96591868428914e-07,3.9359773030536766e-07,-,0
2026-08-03 16:32:00+00:00,1e-10,1.7444460919084435e-06,-,0
2026-08-03 16:33:00+00:00,9.71947463156686e-07,1.0834185133194813e-06,-,0
2026-08-03 16:34:00+00:00,1e-10,1e-10,-,0
2026-08-03 16:35:00+00:00,1.1506062144460852e-06,1e-10,-,0
2026-08-03 16:36:00+00:00,1e-10,7.201961970688595e-07,-,0
2026-08-03 16:37:00+00:00,1e-10,1.6886483484813827e-06,-,0
2026-08-03 16:38:00+00:00,2.449916090443671e-07,8.0702617465803e-07,-,0
2026-08-03 16:39:00+00:00,1.8921457154064748e-06,2.1338764604541046e-07,-,0
2026-08-03 16:40:00+00:00,9.5565939979941e-07,1.3563529249785521e-06,-,0
2026-08-03 16:41:00+00:00,2.570499850332516e-07,2.0447489387883813e-07,-,0
2026-08-03 16:42:00+00:00,7.429914524175198e-07,1.0778284110992355e-07,-,0
2026-08-03 16:43:00+00:00,1.233553821879355e-06,7.149260493290522e-07,-,0
2026-08-03 16:44:00+00:00,4.5093690572523007e-07,1e-10,-,0
2026-08-03 16:45:00+00:00,1e-10,3.3444073903077504e-06,-,0
2026-08-03 16:46:00+00:00,7.291061803829745e-07,1.8113639956104843e-07,-,0
2026-08-03 16:47:00+00:00,1.0847917218208534e-09,1e-10,-,0
2026-08-03 16:48:00+00:00,1e-10,9.479240914898306e-07,-,0
2026-08-03 16:49:00+00:00,1e-10,1.2291307715292748e-06,-,0
2026-08-03 16:50:00+00:00,6.717943339450256e-07,1e-10,-,0
2026-08-03 16:51:00+00:00,5.996011380735695e-07,1e-10,-,0
2026-08-03 16:52:00+00:00,1e-10,1e-10,-,0
2026-08-03 16:53:00+00:00,1e-10,3.231083336526442e-07,-,0
2026-08-03 16:54:00+00:00,2.129035489757294e-06,1e-10,-,0
2026-08-03 16:55:00+00:00,9.857299017602814e-07,1e-10,-,0
2026-08-03 16:56:00+00:00,1.2688246424500433e-07,1e-10,-,0
2026-08-03 16:57:00+00:00,7.021266994603516e-07,1e-10,-,0
2026-08-03 16:58:00+00:00,1e-10,7.435608811074132e-07,-,0
2026-08-03 16:59:00+00:00,1e-10,1.008048636633723e-06,-,0
2026-08-03 17:00:00+00:00,5.781152919006632e-08,2.249843558831999e-07,-,0
2026-08-03 17:01:00+00:00,1.0989825253315749e-06,4.383232320289273e-07,-,0
2026-08-03 17:02:00+00:00,1e-10,1e-10,-,0
2026-08-03 17:03:00+00:00,1e-10,1e-10,-,0
2026-08-03 17:04:00+00:00,1e-10,7.561839989179798e-07,-,0
2026-08-03 17:05:00+00:00,9.765137127685397e-07,1e-10,-,0
2026-08-03 17:06:00+00:00,1e-10,1e-10,-,0
2026-08-03 17:07:00+00:00,1e-10,1e-10,-,0
2026-08-03 17:08:00+00:00,1e-10,1.8852325031980598e-06,-,0
2026-08-03 17:09:00+00:00,1e-10,1e-10,-,0
2026-08-03 17:10:00+00:00,1e-10,1.6097990942470697e-06,-,0
2026-08-03 17:11:00+00:00,1.4301875745412197e-06,1e-10,-,0
2026-08-03 17:12:00+00:00,1e-10,2.0078176734637765e-06,-,0
2026-08-03 17:13:00+00:00,1.4558643995851975e-06,1.3811898387360064e-06,-,0
2026-08-03 17:14:00+00:00,1e-10,1e-10,-,0
2026-08-03 17:15:00+00:00,5.879561800646515e-07,1.3183471513871767e-07,-,0
2026-08-03 17:16:00+00:00,1e-10,1e-10,-,0
2026-08-03 17:17:00+00:00,2.7360427832234443e-06,7.44657468253675e-07,-,0
2026-08-03 17:18:00+00:00,1e-10,1.2084323113700377e-06,-,0
2026-08-03 17:19:00+00:00,2.018799840127485e-06,2.1028558345925316e-06,-,0
2026-08-03 17:20:00+00:00,8.361759095918085e-09,1.5429846749352122e-06,-,0
2026-08-03 17:21:00+00:00,1e-10,4.882528278149385e-07,-,0
2026-08-03 17:22:00+00:00,6.853338227279561e-07,3.9943859493796174e-07,-,0
2026-08-03 17:23:00+00:00,1e-10,1e-10,-,0
2026-08-03 17:24:00+00:00,8.991617535116007e-07,2.041744132130651e-06,-,0
2026-08-03 17:25:00+00:00,9.807444107864535e-07,1e-10,-,0
2026-08-03 17:26:00+00:00,4.6401535519294064e-08,1e-10,-,0
2026-08-03 17:27:00+00:00,3.080528532511563e-07,1e-10,-,0
2026-08-03 17:28:00+00:00,2.168014955388634e-06,1.2052135095367837e-06,-,0
2026-08-03 17:29:00+00:00,7.549818395911179e-07,1.0804092905600701e-06,-,0
2026-08-03 17:30:00+00:00,1e-10,5.013959160064021e-07,-,0
2026-08-03 17:31:00+00:00,8.632413349018437e-07,3.546914721128201e-07,-,0
2026-08-03 17:32:00+00:00,1e-10,1e-10,-,0
2026-08-03 17:33:00+00:00,1e-10,3.090403337361346e-07,C,1
2026-08-03 17:34:00+00:00,5.995403019234745e-07,1.3824634188619231e-06,C,1
2026-08-03 17:35:00+00:00,1e-10,1e-10,C,1
2026-08-03 17:36:00+00:00,8.448879413390493e-08,1e-10,C,1
2026-08-03 17:37:00+00:00,7.766530064403845e-07,3.5353681840276493e-07,C,1
2026-08-03 17:38:00+00:00,2.1461123093070174e-06,8.603033199778659e-07,C,1
2026-08-03 17:39:00+00:00,7.395852143016212e-07,9.161980668922984e-07,C,1
2026-08-03 17:40:00+00:00,1e-10,1.3564776743169256e-06,C,1
2026-08-03 17:41:00+00:00,1e-10,1.841074427357406e-07,C,1
2026-08-03 17:42:00+00:00,1.9462546280459906e-06,1e-10,C,1
2026-08-03 17:43:00+00:00,1e-10,5.810625938896167e-07,C,1
2026-08-03 17:44:00+00:00,1e-10,1.3316819417556154e-06,C,1
2026-08-03 17:45:00+00:00,1e-10,1e-10,C,1
2026-08-03 17:46:00+00:00,9.189013044690285e-07,1e-10,C,1
2026-08-03 17:47:00+00:00,1.7228898697118547e-07,1e-10,C,1
2026-08-03 17:48:00+00:00,7.808611602936594e-07,1e-10,C,1
2026-08-03 17:49:00+00:00,3.925729334223971e-08,1.7896147000060823e-06,C,1
2026-08-03 17:50:00+00:00,1e-10,1e-10,C,1
2026-08-03 17:51:00+00:00,1e-10,1e-10,C,1
2026-08-03 17:52:00+00:00,1e-10,2.1941839688613825e-06,C,1
2026-08-03 17:53:00+00:00,3.487869042181046e-07,6.919699703215582e-07,C,1
2026-08-03 17:54:00+00:00,1e-10,5.370253947170111e-07,C,1
2026-08-03 17:55:00+00:00,1.5651940330583366e-06,1.797388923889949e-07,C,1
2026-08-03 17:56:00+00:00,1e-10,1e-10,C,1
2026-08-03 17:57:00+00:00,1e-10,1e-10,C,1
2026-08-03 17:58:00+00:00,9.943238657958135e-07,1.8603623504792013e-06,C,1
2026-08-03 17:59:00+00:00,2.1579305839411953e-06,1e-10,C,1
2026-08-03 18:00:00+00:00,3.382494980721547e-06,1.532887711122478e-06,C,1
2026-08-03 18:01:00+00:00,4.7077835925098916e-07,4.1918492917878326e-07,C,1
2026-08-03 18:02:00+00:00,4.337768846104626e-06,5.243200827452787e-07,C,1
2026-08-03 18:03:00+00:00,3.140953687126015e-06,1e-10,C,1
2026-08-03 18:04:00+00:00,2.952124323248589e-06,1.9395201937977468e-06,C,1
2026-08-03 18:05:00+00:00,4.481346979782357e-06,3.4814410886324945e-06,C,1
2026-08-03 18:06:00+00:00,6.072570827320883e-06,4.318567945291374e-06,C,2
2026-08-03 18:07:00+00:00,3.4185005112850497e-06,1.0457483276812366e-05,C,2
2026-08-03 18:08:00+00:00,4.860413058253733e-06,1.0674434760724217e-05,C,2
2026-08-03 18:09:00+00:00,5.4798971253828965e-06,9.396556750059274e-06,C,2
2026-08-03 18:10:00+00:00,6.796846313150977e-06,7.752609581095063e-06,C,2
2026-08-03 18:11:00+00:00,7.572659165161948e-06,5.401867936912739e-06,C,2
2026-08-03 18:12:00+00:00,5.647551961538542e-06,6.111567622575355e-06,C,2
2026-08-03 18:13:00+00:00,4.941209339968795e-06,5.124739968667393e-06,C,2
2026-08-03 18:14:00+00:00,5.270061518677694e-06,3.5997507111642395e-06,C,2
2026-08-03 18:15:00+00:00,4.387510691107583e-06,3.284120024762605e-06,C,2
2026-08-03 18:16:00+00:00,2.737404473556061e-06,3.1155613264493366e-06,C,2
2026-08-03 18:17:00+00:00,5.664238926778607e-06,3.5085497693971796e-06,C,2
2026-08-03 18:18:00+00:00,5.292806578548795e-06,2.8355289808212974e-06,C,3
2026-08-03 18:19:00+00:00,5.531090801026972e-06,1.923223617767438e-06,C,3
2026-08-03 18:20:00+00:00,2.4897602519698123e-06,2.0773615619350172e-07,C,3
2026-08-03 18:21:00+00:00,4.444208838319332e-06,9.170437996548993e-07,C,3
2026-08-03 18:22:00+00:00,5.6138515771285785e-06,5.884557733074748e-07,C,3
2026-08-03 18:23:00+00:00,6.398423635693026e-06,2.2120522452344188e-06,C,3
2026-08-03 18:24:00+00:00,3.6928013428551073e-06,1.8217545895466011e-06,C,3
2026-08-03 18:25:00+00:00,4.883676174629993e-06,1.189778800190663e-06,C,3
2026-08-03 18:26:00+00:00,2.2023576540461593e-06,4.1474078204351033e-07,C,3
2026-08-03 18:27:00+00:00,1.7324199886596646e-06,2.179658968763697e-06,C,3
2026-08-03 18:28:00+00:00,4.1849319467255566e-06,1.3087242681289445e-06,C,3
2026-08-03 18:29:00+00:00,6.854523039209865e-07,1e-10,C,3
2026-08-03 18:30:00+00:00,3.0873468138009623e-06,2.2231326626909947e-06,C,3
2026-08-03 18:31:00+00:00,4.265158246433532e-06,2.0860734315656134e-07,C,3
2026-08-03 18:32:00+00:00,3.473637770912407e-06,1.4710912862400654e-06,C,3
2026-08-03 18:33:00+00:00,3.4620513400285123e-06,8.190306120072766e-07,C,3
2026-08-03 18:34:00+00:00,2.1943341275461073e-06,1e-10,C,3
2026-08-03 18:35:00+00:00,1.7996533245127844e-06,1e-10,C,3
2026-08-03 18:36:00+00:00,4.763242729473916e-06,1e-10,C,3
2026-08-03 18:37:00+00:00,3.473125459922954e-06,1e-10,C,3
2026-08-03 18:38:00+00:00,3.024963270827794e-06,3.349315109888446e-07,C,3
2026-08-03 18:39:00+00:00,1.9940760516664143e-06,2.0039730623017648e-07,C,3
2026-08-03 18:40:00+00:00,1.250945409069264e-06,1e-10,C,3
2026-08-03 18:41:00+00:00,3.0129059042066953e-06,1e-10,C,3
2026-08-03 18:42:00+00:00,1.3276424997298386e-06,2.0290739975632546e-07,C,3
2026-08-03 18:43:00+00:00,1.8718875219890386e-06,8.252382353276332e-07,C,3
2026-08-03 18:44:00+00:00,2.4608857836848984e-06,1e-10,C,3
2026-08-03 18:45:00+00:00,1.8255412499621495e-06,1e-10,C,3
2026-08-03 18:46:00+00:00,3.3553951181697805e-06,1e-10,C,3
2026-08-03 18:47:00+00:00,1e-10,1e-10,C,3
2026-08-03 18:48:00+00:00,1.4655909258870855e-06,1.306399145193281e-06,C,3
2026-08-03 18:49:00+00:00,3.78664806743073e-06,1.7477958288361928e-06,C,3
2026-08-03 18:50:00+00:00,2.3617750061825633e-06,2.6036146528221105e-07,C,3
2026-08-03 18:51:00+00:00,1.0584727284814902e-06,1e-10,C,3
2026-08-03 18:52:00+00:00,2.1726610088764377e-06,1e-10,C,3
2026-08-03 18:53:00+00:00,1.0477180660157563e-06,1.3904928158835703e-06,C,3
2026-08-03 18:54:00+00:00,2.7512865601299325e-06,1e-10,C,3
2026-08-03 18:55:00+00:00,2.0799498746162957e-06,2.558354372430807e-06,C,3
2026-08-03 18:56:00+00:00,1.6851180967352028e-07,1.0664003081047356e-07,C,3
2026-08-03 18:57:00+00:00,1.3427045548479127e-06,1e-10,C,3
2026-08-03 18:58:00+00:00,1.5137649839024485e-06,2.761578483157695e-06,C,3
2026-08-03 18:59:00+00:00,1.450472619539187e-06,1e-10,C,3
2026-08-03 19:00:00+00:00,1.1776661944100225e-06,1e-10,C,3
2026-08-03 19:01:00+00:00,1.4968143901811127e-06,1e-10,C,3
2026-08-03 19:02:00+00:00,1.349481235516167e-06,1e-10,C,3
2026-08-03 19:03:00+00:00,6.294812283872454e-08,1.3493652663536769e-06,C,3
2026-08-03 19:04:00+00:00,2.616763643397163e-07,1e-10,C,3
2026-08-03 19:05:00+00:00,4.3754982339016915e-07,1e-10,C,3
2026-08-03 19:06:00+00:00,8.030202745228036e-07,1e-10,C,3
2026-08-03 19:07:00+00:00,4.081791513523979e-07,1e-10,C,3
2026-08-03 19:08:00+00:00,1.8266532319326918e-06,1.614203213003425e-06,C,3
2026-08-03 19:09:00+00:00,1e-10,1.1864035169576345e-06,C,3
2026-08-03 19:10:00+00:00,1e-10,1e-10,C,3
2026-08-03 19:11:00+00:00,2.7861382245603615e-06,1e-10,C,3
2026-08-03 19:12:00+00:00,1e-10,1e-10,C,3
2026-08-03 19:13:00+00:00,1.7640272359021072e-06,7.118610546645588e-07,C,3
2026-08-03 19:14:00+00:00,1.2039030879598585e-06,1e-10,C,3
2026-08-03 19:15:00+00:00,1e-10,4.387327060635184e-07,C,3
2026-08-03 19:16:00+00:00,3.8529969432573165e-07,7.121320314078865e-07,C,3
2026-08-03 19:17:00+00:00,1.8062315308451672e-07,1.7434275366612884e-06,C,3
2026-08-03 19:18:00+00:00,9.601866448256201e-07,1e-10,C,3
2026-08-03 19:19:00+00:00,1e-10,6.589472367555864e-08,C,3
2026-08-03 19:20:00+00:00,2.586685642799828e-07,1.7547623126824991e-06,C,3
2026-08-03 19:21:00+00:00,3.777563971987966e-07,1e-10,C,3
2026-08-03 19:22:00+00:00,1.6235384997694375e-06,1e-10,C,3
2026-08-03 19:23:00+00:00,1e-10,2.952593644202568e-06,C,3
2026-08-03 19:24:00+00:00,1e-10,1e-10,C,3
2026-08-03 19:25:00+00:00,1e-10,1.943155155363913e-06,C,3
2026-08-03 19:26:00+00:00,7.419091028553893e-07,1e-10,C,3
2026-08-03 19:27:00+00:00,1e-10,1e-10,C,3
2026-08-03 19:28:00+00:00,1.6484621485004968e-06,1e-10,C,3
2026-08-03 19:29:00+00:00,3.1452163750493206e-07,6.87887139605503e-07,C,3
2026-08-03 19:30:00+00:00,7.92762118637714e-07,8.073638911731077e-07,C,3
2026-08-03 19:31:00+00:00,5.092328414318205e-07,1.057923511707486e-07,C,3
2026-08-03 19:32:00+00:00,1e-10,5.173779339854818e-07,C,3
2026-08-03 19:33:00+00:00,1e-10,9.82632681495024e-07,C,3
2026-08-03 19:34:00+00:00,1e-10,1e-10,C,3
2026-08-03 19:35:00+00:00,1e-10,8.370129597887244e-08,C,3
2026-08-03 19:36:00+00:00,6.619894672628919e-07,1.8576034718175723e-06,C,3
2026-08-03 19:37:00+00:00,6.984845023687527e-08,1e-10,C,3
2026-08-03 19:38:00+00:00,1e-10,1e-10,C,3
2026-08-03 19:39:00+00:00,1e-10,1.2129403845809585e-06,C,3
2026-08-03 19:40:00+00:00,9.641340634713266e-07,1.7092607305441623e-07,C,3
2026-08-03 19:41:00+00:00,1.6462402072975805e-06,1e-10,C,3
2026-08-03 19:42:00+00:00,1e-10,1e-10,C,3
2026-08-03 19:43:00+00:00,2.6103377388268855e-06,1.0328778393617477e-06,C,3
2026-08-03 19:44:00+00:00,1e-10,1e-10,C,3
2026-08-03 19:45:00+00:00,1e-10,1.6200614231624032e-06,C,3
2026-08-03 19:46:00+00:00,2.1262824798259464e-06,9.973980490977696e-08,C,3
2026-08-03 19:47:00+00:00,1e-10,1.13717872366135e-06,C,3
2026-08-03 19:48:00+00:00,1.8645295532081794e-06,1.0060941724949699e-06,C,3
2026-08-03 19:49:00+00:00,1e-10,1e-10,C,3
2026-08-03 19:50:00+00:00,1e-10,5.3847559745088e-07,C,3
2026-08-03 19:51:00+00:00,1e-10,1e-10,C,3
2026-08-03 19:52:00+00:00,1.573316322119661e-06,7.381573329959753e-07,C,3
2026-08-03 19:53:00+00:00,1.4218664955353437e-06,1e-10,C,3
2026-08-03 19:54:00+00:00,1e-10,1e-10,C,3
2026-08-03 19:55:00+00:00,4.261741360782446e-08,8.888492788895056e-07,-,0
2026-08-03 19:56:00+00:00,8.58348945865086e-07,1e-10,-,0
2026-08-03 19:57:00+00:00,1e-10,1.6407623771590368e-07,-,0
2026-08-03 19:58:00+00:00,1.6470098904443867e-06,2.1215331674446653e-06,-,0
2026-08-03 19:59:00+00:00,8.502691681768505e-10,1.569435578105653e-06,-,0
2026-08-03 20:00:00+00:00,1e-10,4.5445089017347044e-07,-,0
2026-08-03 20:01:00+00:00,1e-10,1e-10,-,0
2026-08-03 20:02:00+00:00,1e-10,1e-10,-,0
2026-08-03 20:03:00+00:00,7.549490487728991e-07,1.178975278779926e-06,-,0
2026-08-03 20:04:00+00:00,3.6610158028261063e-07,1e-10,-,0
2026-08-03 20:05:00+00:00,9.998255851064027e-07,4.717766231526146e-07,-,0
2026-08-03 20:06:00+00:00,1e-10,1e-10,-,0
2026-08-03 20:07:00+00:00,1e-10,1e-10,-,0
2026-08-03 20:08:00+00:00,1e-10,1e-10,-,0
2026-08-03 20:09:00+00:00,2.3402757596206707e-06,4.6754440645904126e-07,-,0
2026-08-03 20:10:00+00:00,1e-10,6.169336024912193e-07,-,0
2026-08-03 20:11:00+00:00,4.606381282225311e-08,2.409164400376364e-06,-,0
2026-08-03 20:12:00+00:00,1e-10,1e-10,-,0
2026-08-03 20:13:00+00:00,1e-10,3.652519002053015e-07,-,0
2026-08-03 20:14:00+00:00,1e-10,1.3175442244053898e-06,-,0
2026-08-03 20:15:00+00:00,4.45836166121521e-07,1e-10,-,0
2026-08-03 20:16:00+00:00,1e-10,1.137680608099886e-07,-,0
2026-08-03 20:17:00+00:00,1e-10,6.853405552695552e-07,-,0
2026-08-03 20:18:00+00:00,1e-10,1e-10,-,0
2026-08-03 20:19:00+00:00,1e-10,2.3004144409192074e-07,-,0
2026-08-03 20:20:00+00:00,1e-10,1e-10,-,0
2026-08-03 20:21:00+00:00,1e-10,1e-10,-,0
2026-08-03 20:22:00+00:00,1.183264024631368e-06,2.403291935837646e-06,-,0
2026-08-03 20:23:00+00:00,1e-10,1e-10,-,0
2026-08-03 20:24:00+00:00,5.536998576078883e-07,2.526298381437095e-07,-,0
2026-08-03 20:25:00+00:00,1e-10,1e-10,-,0
2026-08-03 20:26:00+00:00,1e-10,4.974837618241289e-07,-,0
2026-08-03 20:27:00+00:00,1e-10,2.2111240380559813e-06,-,0
2026-08-03 20:28:00+00:00,3.788890767107111e-07,1e-10,-,0
2026-08-03 20:29:00+00:00,1.980697236122097e-06,1.2149399649134324e-06,-,0
2026-08-03 20:30:00+00:00,1e-10,1e-10,-,0
2026-08-03 20:31:00+00:00,1e-10,1e-10,-,0
2026-08-03 20:32:00+00:00,1.0575745484547257e-06,1e-10,-,0
2026-08-03 20:33:00+00:00,1.4474538858526842e-06,1e-10,-,0
2026-08-03 20:34:00+00:00,1e-10,1.3442744115361567e-07,-,0
2026-08-03 20:35:00+00:00,1e-10,1e-10,-,0
2026-08-03 20:36:00+00:00,1.2845944099447038e-06,1e-10,-,0
2026-08-03 20:37:00+00:00,6.212903768438672e-07,6.001705227206367e-07,-,0
2026-08-03 20:38:00+00:00,1.1954284100592622e-06,1.315919037974289e-06,-,0
2026-08-03 20:39:00+00:00,1.3506159361596757e-06,7.303469494642731e-07,-,0
2026-08-03 20:40:00+00:00,6.641750850315134e-07,2.0464368489804366e-07,-,0
2026-08-03 20:41:00+00:00,2.0549004807635275e-07,1e-10,-,0
2026-08-03 20:42:00+00:00,1e-10,6.587656488765928e-07,-,0
2026-08-03 20:43:00+00:00,1e-10,1e-10,-,0
2026-08-03 20:44:00+00:00,1e-10,9.448318629117295e-07,-,0
2026-08-03 20:45:00+00:00,1.3764591501139216e-06,1e-10,-,0
2026-08-03 20:46:00+00:00,2.4414631809010965e-07,1e-10,-,0
2026-08-03 20:47:00+00:00,2.3777715638808594e-07,6.901799511987714e-07,-,0
2026-08-03 20:48:00+00:00,1e-10,1e-10,-,0
2026-08-03 20:49:00+00:00,1.3646377444018504e-06,1e-10,-,0
2026-08-03 20:50:00+00:00,1e-10,1e-10,-,0
2026-08-03 20:51:00+00:00,1e-10,6.717125395441015e-07,-,0
2026-08-03 20:52:00+00:00,1.4812044183691817e-06,1e-10,-,0
2026-08-03 20:53:00+00:00,1.0094897359010922e-06,1.557770854124952e-06,-,0
2026-08-03 20:54:00+00:00,1e-10,8.624190910688877e-07,-,0
2026-08-03 20:55:00+00:00,1e-10,3.0107086146472646e-07,-,0
2026-08-03 20:56:00+00:00,1e-10,1.790326968035062e-06,-,0
2026-08-03 20:57:00+00:00,1e-10,1e-10,-,0
2026-08-03 20:58:00+00:00,1e-10,1.504825008120832e-07,-,0
2026-08-03 20:59:00+00:00,1e-10,1e-10,-,0
2026-08-03 21:00:00+00:00,1e-10,1e-10,-,0
2026-08-03 21:01:00+00:00,1.0293745181957135e-06,1e-10,-,0
2026-08-03 21:02:00+00:00,9.619086870255166e-07,1.0216159842415042e-06,-,0
2026-08-03 21:03:00+00:00,1.593252378929908e-06,1.4128468552654911e-06,-,0
2026-08-03 21:04:00+00:00,4.233793836859942e-07,1e-10,-,0
2026-08-03 21:05:00+00:00,1e-10,2.55756204853761e-06,-,0
2026-08-03 21:06:00+00:00,1.164852170507793e-06,1e-10,-,0
2026-08-03 21:07:00+00:00,1e-10,1e-10,-,0
2026-08-03 21:08:00+00:00,1e-10,1e-10,-,0
2026-08-03 21:09:00+00:00,1e-10,4.320438544512325e-07,-,0
2026-08-03 21:10:00+00:00,4.866635943652148e-07,1.062046434733306e-06,-,0
2026-08-03 21:11:00+00:00,1e-10,8.902133775084886e-07,-,0
2026-08-03 21:12:00+00:00,1e-10,1e-10,-,0
2026-08-03 21:13:00+00:00,1e-10,1.2588679610843425e-06,-,0
2026-08-03 21:14:00+00:00,4.874601701347117e-07,1e-10,-,0
2026-08-03 21:15:00+00:00,1e-10,3.253443661499315e-06,-,0
2026-08-03 21:16:00+00:00,2.954951600646998e-06,1.2053744413296293e-06,-,0
2026-08-03 21:17:00+00:00,1e-10,1e-10,-,0
2026-08-03 21:18:00+00:00,8.626172202992083e-07,1e-10,-,0
2026-08-03 21:19:00+00:00,1e-10,1e-10,-,0
2026-08-03 21:20:00+00:00,6.791419694332626e-07,2.3714770220294144e-06,-,0
2026-08-03 21:21:00+00:00,1e-10,1e-10,-,0
2026-08-03 21:22:00+00:00,2.011631507262703e-08,1e-10,-,0
2026-08-03 21:23:00+00:00,1.8994195050948634e-06,1.1411102989263733e-06,-,0
2026-08-03 21:24:00+00:00,1e-10,1e-10,-,0
2026-08-03 21:25:00+00:00,1e-10,1e-10,-,0
2026-08-03 21:26:00+00:00,1e-10,9.144356993553677e-07,-,0
2026-08-03 21:27:00+00:00,2.2544622303376438e-07,1e-10,-,0
2026-08-03 21:28:00+00:00,1.619729741544045e-07,1.607833523061602e-06,-,0
2026-08-03 21:29:00+00:00,1.2020718547928806e-07,4.584053064948326e-07,-,0
2026-08-03 21:30:00+00:00,1e-10,1e-10,-,0
2026-08-03 21:31:00+00:00,2.2741521937246946e-06,2.629290072160722e-07,-,0
2026-08-03 21:32:00+00:00,1.6519978762871238e-06,1.9696155281320844e-06,-,0
2026-08-03 21:33:00+00:00,1.7856461390501326e-07,2.940799608945497e-07,-,0
2026-08-03 21:34:00+00:00,1e-10,6.09393938494435e-07,-,0
2026-08-03 21:35:00+00:00,1.7846339960756126e-06,5.401618398321454e-07,-,0
2026-08-03 21:36:00+00:00,1.2925140223942629e-06,1e-10,-,0
2026-08-03 21:37:00+00:00,1.468780469510501e-07,1e-10,-,0
2026-08-03 21:38:00+00:00,1.3603044451384315e-06,4.527601728310888e-07,-,0
2026-08-03 21:39:00+00:00,1e-10,1.6452028091776148e-06,-,0
2026-08-03 21:40:00+00:00,1e-10,6.880713150586119e-07,-,0
2026-08-03 21:41:00+00:00,2.032522661544704e-07,1e-10,-,0
2026-08-03 21:42:00+00:00,1e-10,4.959495119495128e-07,-,0
2026-08-03 21:43:00+00:00,1e-10,1.0767124131821913e-06,-,0
2026-08-03 21:44:00+00:00,6.331993317546198e-07,1.3572513990443275e-06,-,0
2026-08-03 21:45:00+00:00,2.946463057919001e-07,7.169434744746114e-07,-,0
2026-08-03 21:46:00+00:00,1e-10,3.1349032982141995e-07,-,0
2026-08-03 21:47:00+00:00,1e-10,1e-10,-,0
2026-08-03 21:48:00+00:00,1e-10,1e-10,-,0
2026-08-03 21:49:00+00:00,1e-10,1.1426598691036274e-06,-,0
2026-08-03 21:50:00+00:00,1e-10,1e-10,-,0
2026-08-03 21:51:00+00:00,1.1302839539503622e-06,1e-10,-,0
2026-08-03 21:52:00+00:00,1e-10,8.265796952752376e-07,-,0
2026-08-03 21:53:00+00:00,1e-10,4.4843523372233803e-07,-,0
2026-08-03 21:54:00+00:00,1e-10,1.660711244926385e-06,-,0
2026-08-03 21:55:00+00:00,1e-10,1.041258441016671e-06,-,0
2026-08-03 21:56:00+00:00,1e-10,1e-10,-,0
2026-08-03 21:57:00+00:00,5.668987280977519e-07,1.7551344605646669e-06,-,0
2026-08-03 21:58:00+00:00,2.873971360877456e-07,3.6738641439497996e-07,-,0
2026-08-03 21:59:00+00:00,7.973064669593683e-07,8.158615216898394e-07,-,0
2026-08-03 22:00:00+00:00,8.500938268707049e-07,1e-10,-,0
2026-08-03 22:01:00+00:00,2.4669641362311136e-06,6.021753359731455e-07,-,0
2026-08-03 22:02:00+00:00,1e-10,1e-10,-,0
2026-08-03 22:03:00+00:00,2.896903013177234e-07,1e-10,-,0
2026-08-03 22:04:00+00:00,4.125938518889966e-07,2.063014309185441e-06,-,0
2026-08-03 22:05:00+00:00,1e-10,1e-10,-,0
2026-08-03 22:06:00+00:00,1e-10,1e-10,-,0
2026-08-03 22:07:00+00:00,5.851591011123241e-07,1e-10,-,0
2026-08-03 22:08:00+00:00,4.792626864007105e-07,2.070738125999293e-06,-,0
2026-08-03 22:09:00+00:00,1e-10,5.830812689755357e-07,-,0
2026-08-03 22:10:00+00:00,1e-10,7.498657167529589e-07,-,0
2026-08-03 22:11:00+00:00,1e-10,1.122624805219487e-06,-,0
2026-08-03 22:12:00+00:00,1e-10,8.881759581783001e-07,-,0
2026-08-03 22:13:00+00:00,6.979915828086713e-07,2.9130728985979095e-07,-,0
2026-08-03 22:14:00+00:00,1e-10,2.544717065979657e-07,-,0
2026-08-03 22:15:00+00:00,1e-10,1.7174523650160652e-06,-,0
2026-08-03 22:16:00+00:00,1e-10,1e-10,-,0
2026-08-03 22:17:00+00:00,1e-10,1e-10,-,0
2026-08-03 22:18:00+00:00,1e-10,7.687145276776109e-07,-,0
2026-08-03 22:19:00+00:00,1e-10,4.12202277420681e-07,-,0
2026-08-03 22:20:00+00:00,1e-10,1e-10,-,0
2026-08-03 22:21:00+00:00,1.8729154833003885e-07,2.6969427450117775e-06,-,0
2026-08-03 22:22:00+00:00,1e-10,1e-10,-,0
2026-08-03 22:23:00+00:00,1e-10,9.404764261840731e-08,-,0
2026-08-03 22:24:00+00:00,1e-10,3.5328944880825156e-07,-,0
2026-08-03 22:25:00+00:00,1e-10,1e-10,-,0
2026-08-03 22:26:00+00:00,2.8284946958027723e-07,1e-10,-,0
2026-08-03 22:27:00+00:00,1e-10,1e-10,-,0
2026-08-03 22:28:00+00:00,1e-10,1.8092170396000456e-06,-,0
2026-08-03 22:29:00+00:00,9.048207597976855e-07,1e-10,-,0
2026-08-03 22:30:00+00:00,1e-10,4.694672485146537e-07,-,0
2026-08-03 22:31:00+00:00,7.734229221592764e-07,1e-10,-,0
2026-08-03 22:32:00+00:00,1e-10,8.257235643692451e-07,-,0
2026-08-03 22:33:00+00:00,1e-10,1.2329997503540162e-06,-,0
2026-08-03 22:34:00+00:00,1.5895329810678383e-06,1e-10,-,0
2026-08-03 22:35:00+00:00,1e-10,7.955260360087962e-07,-,0
2026-08-03 22:36:00+00:00,1.8218298070796343e-06,1e-10,-,0
2026-08-03 22:37:00+00:00,1e-10,5.781639550282549e-08,-,0
2026-08-03 22:38:00+00:00,1e-10,5.13437229686819e-07,-,0
2026-08-03 22:39:00+00:00,9.636712695159155e-07,3.599308397467447e-07,-,0
2026-08-03 22:40:00+00:00,6.38151663504276e-07,2.718125804826803e-07,-,0
2026-08-03 22:41:00+00:00,2.0278620565164103e-07,1e-10,-,0
2026-08-03 22:42:00+00:00,1e-10,1e-10,-,0
2026-08-03 22:43:00+00:00,1e-10,1e-10,-,0
2026-08-03 22:44:00+00:00,1e-10,1e-10,-,0
2026-08-03 22:45:00+00:00,1.4872424219004468e-06,5.18827522074217e-07,-,0
2026-08-03 22:46:00+00:00,1.9176852250355787e-06,1e-10,-,0
2026-08-03 22:47:00+00:00,1.7503834427627828e-07,1e-10,-,0
2026-08-03 22:48:00+00:00,1e-10,2.0179037237470808e-06,-,0
2026-08-03 22:49:00+00:00,1e-10,1.3478534876886621e-06,-,0
2026-08-03 22:50:00+00:00,1e-10,1e-10,-,0
2026-08-03 22:51:00+00:00,1e-10,1e-10,-,0
2026-08-03 22:52:00+00:00,1e-10,1e-10,-,0
2026-08-03 22:53:00+00:00,6.105766783081689e-07,7.441048854793473e-08,-,0
2026-08-03 22:54:00+00:00,3.0952171842268317e-07,1e-10,-,0
2026-08-03 22:55:00+00:00,1.7798210769391436e-06,1e-10,-,0
2026-08-03 22:56:00+00:00,1e-10,4.7107142607776073e-07,-,0
2026-08-03 22:57:00+00:00,2.5692953092041083e-07,1e-10,-,0
2026-08-03 22:58:00+00:00,8.51813317066636e-07,1e-10,-,0
2026-08-03 22:59:00+00:00,1.1627476710227015e-06,1.189617326109889e-07,-,0
2026-08-03 23:00:00+00:00,1e-10,1.495829182749439e-07,-,0
2026-08-03 23:01:00+00:00,4.832142155868218e-07,2.445495865666055e-07,-,0
2026-08-03 23:02:00+00:00,1.9665107307589913e-07,1e-10,-,0
2026-08-03 23:03:00+00:00,3.6440090638050013e-07,1.0999223330737519e-06,-,0
2026-08-03 23:04:00+00:00,9.605191413671477e-08,1e-10,-,0
2026-08-03 23:05:00+00:00,1.930900455302214e-06,1e-10,-,0
2026-08-03 23:06:00+00:00,1e-10,8.326795253714132e-08,-,0
2026-08-03 23:07:00+00:00,1e-10,7.449686140759517e-07,-,0
2026-08-03 23:08:00+00:00,1e-10,6.7105089835489e-07,-,0
2026-08-03 23:09:00+00:00,1e-10,1.441738538707646e-06,-,0
2026-08-03 23:10:00+00:00,3.6009674559831665e-07,1e-10,-,0
2026-08-03 23:11:00+00:00,1e-10,1e-10,-,0
2026-08-03 23:12:00+00:00,1.1450825068436166e-06,1e-10,-,0
2026-08-03 23:13:00+00:00,2.8064449982388676e-08,1e-10,-,0
2026-08-03 23:14:00+00:00,1e-10,1e-10,-,0
2026-08-03 23:15:00+00:00,1e-10,1e-10,-,0
2026-08-03 23:16:00+00:00,2.048976103858474e-06,1e-10,-,0
2026-08-03 23:17:00+00:00,1e-10,5.740024989967997e-07,-,0
2026-08-03 23:18:00+00:00,1.8469852484989688e-06,1e-10,-,0
2026-08-03 23:19:00+00:00,1e-10,5.04696395764138e-07,-,0
2026-08-03 23:20:00+00:00,9.49236657329723e-07,3.1868820556513414e-07,-,0
2026-08-03 23:21:00+00:00,1e-10,1e-10,-,0
2026-08-03 23:22:00+00:00,2.048457217088473e-06,6.768012253178126e-07,-,0
2026-08-03 23:23:00+00:00,1.2732897687022486e-06,1e-10,-,0
2026-08-03 23:24:00+00:00,9.71897455406806e-07,2.445670723404942e-07,-,0
2026-08-03 23:25:00+00:00,1e-10,5.201571335372788e-07,-,0
2026-08-03 23:26:00+00:00,2.1439363817812673e-06,1e-10,-,0
2026-08-03 23:27:00+00:00,2.28635928193735e-06,1e-10,-,0
2026-08-03 23:28:00+00:00,1e-10,4.264091993580718e-08,-,0
2026-08-03 23:29:00+00:00,2.120727747582829e-07,1e-10,-,0
2026-08-03 23:30:00+00:00,1.0574489954522688e-06,1.926110184391269e-06,-,0
2026-08-03 23:31:00+00:00,1e-10,1.674138179410599e-08,-,0
2026-08-03 23:32:00+00:00,1.2997124918293521e-06,1e-10,-,0
2026-08-03 23:33:00+00:00,1.163678212948993e-06,2.33334590724608e-06,-,0
2026-08-03 23:34:00+00:00,1e-10,3.97203105799792e-07,-,0
2026-08-03 23:35:00+00:00,1e-10,1e-10,-,0
2026-08-03 23:36:00+00:00,4.01521551411968e-07,1.6998895270378974e-06,-,0
2026-08-03 23:37:00+00:00,1e-10,3.495648227808904e-07,-,0
2026-08-03 23:38:00+00:00,1e-10,1e-10,-,0
2026-08-03 23:39:00+00:00,4.454162127619945e-07,1e-10,-,0
2026-08-03 23:40:00+00:00,1.4911390564073288e-06,1e-10,-,0
2026-08-03 23:41:00+00:00,1e-10,1.3684482899721137e-06,-,0
2026-08-03 23:42:00+00:00,1.3428946642979434e-06,3.390512895143677e-07,-,0
2026-08-03 23:43:00+00:00,7.682101917237741e-07,1e-10,-,0
2026-08-03 23:44:00+00:00,1e-10,1e-10,-,0
2026-08-03 23:45:00+00:00,1e-10,3.4719161871215033e-07,-,0
2026-08-03 23:46:00+00:00,1.226826681359967e-06,7.149194842577362e-07,-,0
2026-08-03 23:47:00+00:00,1e-10,1e-10,-,0
2026-08-03 23:48:00+00:00,9.395465229868627e-07,2.2053968067876564e-07,-,0
2026-08-03 23:49:00+00:00,1e-10,5.933462222037327e-07,-,0
2026-08-03 23:50:00+00:00,8.293331186849643e-07,1e-10,-,0
2026-08-03 23:51:00+00:00,5.102424819968464e-07,1e-10,-,0
2026-08-03 23:52:00+00:00,1e-10,1e-10,-,0
2026-08-03 23:53:00+00:00,8.00672256519671e-07,1e-10,-,0
2026-08-03 23:54:00+00:00,1e-10,1.329604668349059e-06,-,0
2026-08-03 23:55:00+00:00,1e-10,1e-10,-,0
2026-08-03 23:56:00+00:00,1e-10,1e-10,-,0
2026-08-03 23:57:00+00:00,1.330622765163917e-06,1e-10,-,0
2026-08-03 23:58:00+00:00,1e-10,9.372465557751549e-07,-,0
2026-08-03 23:59:00+00:00,1e-10,9.860918533289253e-07,-,0
2026-08-04 00:00:00+00:00,3.8418606498285544e-07,1e-10,-,0
2026-08-04 00:01:00+00:00,3.057987727195796e-07,1e-10,-,0
2026-08-04 00:02:00+00:00,1e-10,1e-10,-,0
2026-08-04 00:03:00+00:00,1e-10,1.557961703887104e-06,-,0
2026-08-04 00:04:00+00:00,1e-10,1e-10,-,0
2026-08-04 00:05:00+00:00,1.1108054118757741e-06,1e-10,-,0
2026-08-04 00:06:00+00:00,1e-10,2.719914036026458e-06,-,0
2026-08-04 00:07:00+00:00,1e-10,1.3204579173284733e-06,-,0
2026-08-04 00:08:00+00:00,5.465647985373734e-07,1e-10,-,0
2026-08-04 00:09:00+00:00,1.6888358392829208e-06,3.507693688678038e-06,-,0
2026-08-04 00:10:00+00:00,1e-10,7.172857553541675e-07,-,0
2026-08-04 00:11:00+00:00,1.537083160938727e-06,1.3124082050646804e-07,-,0
2026-08-04 00:12:00+00:00,6.121240064378317e-07,1.6548706710058363e-06,-,0
2026-08-04 00:13:00+00:00,1e-10,1e-10,-,0
2026-08-04 00:14:00+00:00,1e-10,1e-10,-,0
2026-08-04 00:15:00+00:00,1e-10,9.017845823606857e-08,-,0
2026-08-04 00:16:00+00:00,2.1692466305376916e-07,5.695385694320629e-07,-,0
2026-08-04 00:17:00+00:00,1e-10,3.8163146004328954e-07,-,0
2026-08-04 00:18:00+00:00,1.259005276993707e-06,2.3458239298807208e-07,-,0
2026-08-04 00:19:00+00:00,9.73460501447113e-07,1e-10,-,0
2026-08-04 00:20:00+00:00,1e-10,3.9931459698462825e-07,-,0
2026-08-04 00:21:00+00:00,1e-10,3.0531025794139195e-07,-,0
2026-08-04 00:22:00+00:00,7.13634910423008e-07,1e-10,-,0
2026-08-04 00:23:00+00:00,1e-10,1e-10,-,0
2026-08-04 00:24:00+00:00,1e-10,1e-10,-,0
2026-08-04 00:25:00+00:00,6.341536227407878e-07,1e-10,-,0
2026-08-04 00:26:00+00:00,9.813906069959912e-07,1.5954822562433509e-06,-,0
2026-08-04 00:27:00+00:00,1e-10,8.427617674274928e-07,-,0
2026-08-04 00:28:00+00:00,1e-10,1.1301523130357652e-06,-,0
2026-08-04 00:29:00+00:00,1e-10,1e-10,-,0
2026-08-04 00:30:00+00:00,1e-10,1e-10,-,0
2026-08-04 00:31:00+00:00,1.0174872942961439e-07,1e-10,-,0
2026-08-04 00:32:00+00:00,1e-10,4.0529653913703903e-07,-,0
2026-08-04 00:33:00+00:00,1e-10,1e-10,-,0
2026-08-04 00:34:00+00:00,2.340496810285574e-06,1.9419949820566716e-06,-,0
2026-08-04 00:35:00+00:00,4.864601690654243e-08,9.880457055229344e-07,-,0
2026-08-04 00:36:00+00:00,1e-10,2.074151986995557e-07,-,0
2026-08-04 00:37:00+00:00,1.4670918670431836e-07,3.4488896461373997e-07,-,0
2026-08-04 00:38:00+00:00,6.187555993066522e-07,1e-10,-,0
2026-08-04 00:39:00+00:00,1e-10,1e-10,-,0
2026-08-04 00:40:00+00:00,2.6000180266849973e-06,1e-10,-,0
2026-08-04 00:41:00+00:00,1e-10,9.837826663776482e-07,-,0
2026-08-04 00:42:00+00:00,1e-10,7.02395549479224e-08,-,0
2026-08-04 00:43:00+00:00,1e-10,1.326608349532489e-06,-,0
2026-08-04 00:44:00+00:00,3.620757791100784e-08,6.540035507925329e-07,-,0
2026-08-04 00:45:00+00:00,5.547980132182951e-07,1e-10,-,0
2026-08-04 00:46:00+00:00,1e-10,1.0684472250299437e-07,-,0
2026-08-04 00:47:00+00:00,5.53965615795109e-07,1e-10,-,0
2026-08-04 00:48:00+00:00,5.380446053515676e-07,1e-10,-,0
2026-08-04 00:49:00+00:00,1e-10,1e-10,-,0
2026-08-04 00:50:00+00:00,5.02166435928881e-07,1e-10,-,0
2026-08-04 00:51:00+00:00,1e-10,1e-10,-,0
2026-08-04 00:52:00+00:00,1e-10,8.799700203796935e-07,-,0
2026-08-04 00:53:00+00:00,1e-10,7.699644457715034e-07,-,0
2026-08-04 00:54:00+00:00,2.9015969561708833e-07,1e-10,-,0
2026-08-04 00:55:00+00:00,1.3829503669778297e-06,9.664106131815474e-07,-,0
2026-08-04 00:56:00+00:00,1e-10,1.6324528936078224e-07,-,0
2026-08-04 00:57:00+00:00,1e-10,7.878161859821852e-07,-,0
2026-08-04 00:58:00+00:00,2.0952706889989606e-07,5.790028524900207e-07,-,0
2026-08-04 00:59:00+00:00,1.9752719973784453e-06,1e-10,-,0
2026-08-04 01:00:00+00:00,5.116271821942485e-07,2.260206084595687e-07,-,0
2026-08-04 01:01:00+00:00,1e-10,1.6476091051837494e-06,-,0
2026-08-04 01:02:00+00:00,1e-10,1e-10,-,0
2026-08-04 01:03:00+00:00,1.1230208591826642e-06,1e-10,-,0
2026-08-04 01:04:00+00:00,1e-10,1e-10,-,0
2026-08-04 01:05:00+00:00,1e-10,1e-10,-,0
2026-08-04 01:06:00+00:00,1.150652897023359e-06,1e-10,-,0
2026-08-04 01:07:00+00:00,3.714031962354723e-07,1e-10,-,0
2026-08-04 01:08:00+00:00,1e-10,2.8004241495337786e-07,-,0
2026-08-04 01:09:00+00:00,1e-10,9.159729982391736e-07,-,0
2026-08-04 01:10:00+00:00,1e-10,1e-10,-,0
2026-08-04 01:11:00+00:00,1e-10,1e-10,-,0
2026-08-04 01:12:00+00:00,3.691729558005822e-07,1e-10,-,0
2026-08-04 01:13:00+00:00,1.0948688037218723e-06,1e-10,-,0
2026-08-04 01:14:00+00:00,4.989657698883636e-07,8.975078878208139e-07,-,0
2026-08-04 01:15:00+00:00,1e-10,9.00186834133121e-07,-,0
2026-08-04 01:16:00+00:00,1e-10,9.945741693819316e-07,-,0
2026-08-04 01:17:00+00:00,1.6133512044209676e-06,2.763869857127931e-07,-,0
2026-08-04 01:18:00+00:00,1e-10,1e-10,-,0
2026-08-04 01:19:00+00:00,8.818612497501986e-07,1e-10,-,0
2026-08-04 01:20:00+00:00,7.460533256076906e-07,6.79079315670919e-07,-,0
2026-08-04 01:21:00+00:00,8.741779836119672e-07,1e-10,-,0
2026-08-04 01:22:00+00:00,5.098191587793413e-07,1e-10,-,0
2026-08-04 01:23:00+00:00,8.678983668903033e-07,5.616155814733806e-07,-,0
2026-08-04 01:24:00+00:00,1e-10,8.398736235324915e-07,-,0
2026-08-04 01:25:00+00:00,1.7106277789238135e-06,7.501513334189597e-09,-,0
2026-08-04 01:26:00+00:00,1e-10,7.136151196474378e-07,-,0
2026-08-04 01:27:00+00:00,3.76438697904326e-07,1e-10,-,0
2026-08-04 01:28:00+00:00,1e-10,1e-10,-,0
2026-08-04 01:29:00+00:00,1e-10,4.1450998810318315e-07,-,0
2026-08-04 01:30:00+00:00,1e-10,1e-10,-,0
2026-08-04 01:31:00+00:00,6.401964334362527e-07,8.065554551003538e-07,-,0
2026-08-04 01:32:00+00:00,9.185900159863049e-07,1e-10,-,0
2026-08-04 01:33:00+00:00,1e-10,1e-10,-,0
2026-08-04 01:34:00+00:00,1e-10,1.0436305285538278e-07,-,0
2026-08-04 01:35:00+00:00,1.4519814009901621e-06,9.332198618452187e-07,-,0
2026-08-04 01:36:00+00:00,1e-10,1e-10,-,0
2026-08-04 01:37:00+00:00,1e-10,1e-10,-,0
2026-08-04 01:38:00+00:00,1e-10,1.1518651620555183e-06,-,0
2026-08-04 01:39:00+00:00,2.767227738346747e-06,5.506210715757843e-07,-,0
2026-08-04 01:40:00+00:00,1e-10,1e-10,-,0
2026-08-04 01:41:00+00:00,9.539367572826554e-07,8.18703427980489e-08,-,0
2026-08-04 01:42:00+00:00,1e-10,6.723441100023915e-07,-,0
2026-08-04 01:43:00+00:00,1e-10,1.7391095103219805e-06,-,0
2026-08-04 01:44:00+00:00,1e-10,1e-10,-,0
2026-08-04 01:45:00+00:00,1e-10,1.475702277553197e-06,-,0
2026-08-04 01:46:00+00:00,1e-10,6.387338582953101e-07,-,0
2026-08-04 01:47:00+00:00,1e-10,1e-10,-,0
2026-08-04 01:48:00+00:00,1e-10,1e-10,-,0
2026-08-04 01:49:00+00:00,1.4545886630502279e-06,1.355361322174671e-06,-,0
2026-08-04 01:50:00+00:00,1e-10,1.5849664230775098e-06,-,0
2026-08-04 01:51:00+00:00,8.52959164153373e-07,1e-10,-,0
2026-08-04 01:52:00+00:00,7.793261053736161e-07,1.2332924546424794e-06,-,0
2026-08-04 01:53:00+00:00,1e-10,4.010724245147324e-07,-,0
2026-08-04 01:54:00+00:00,1e-10,1e-10,-,0
2026-08-04 01:55:00+00:00,2.8203784797501504e-08,2.1698966332308146e-07,-,0
2026-08-04 01:56:00+00:00,1.888869588097889e-06,1e-10,-,0
2026-08-04 01:57:00+00:00,1e-10,1e-10,-,0
2026-08-04 01:58:00+00:00,4.040658655129362e-06,1e-10,-,0
2026-08-04 01:59:00+00:00,8.845167644890025e-07,1.1246788849112809e-06,-,0
2026-08-04 02:00:00+00:00,4.121036052349475e-07,2.8367356179409773e-07,-,0
2026-08-04 02:01:00+00:00,1.0113656608236878e-06,1e-10,-,0
2026-08-04 02:02:00+00:00,1e-10,1.24848421701422e-06,-,0
2026-08-04 02:03:00+00:00,1.3282688715935104e-06,1e-10,-,0
2026-08-04 02:04:00+00:00,1e-10,1e-10,-,0
2026-08-04 02:05:00+00:00,9.944018130128294e-07,1.417301215126406e-06,-,0
2026-08-04 02:06:00+00:00,1e-10,7.221534409760991e-07,-,0
2026-08-04 02:07:00+00:00,1e-10,1e-10,-,0
2026-08-04 02:08:00+00:00,1.9954675985850196e-06,2.4834291032148154e-07,-,0
2026-08-04 02:09:00+00:00,1e-10,1e-10,-,0
2026-08-04 02:10:00+00:00,1e-10,1e-10,-,0
2026-08-04 02:11:00+00:00,1.1099925774888285e-06,5.154652648299092e-07,-,0
2026-08-04 02:12:00+00:00,1e-10,1e-10,-,0
2026-08-04 02:13:00+00:00,1.538872054560079e-06,1e-10,-,0
2026-08-04 02:14:00+00:00,1.399615854553239e-08,1e-10,-,0
2026-08-04 02:15:00+00:00,1e-10,1.2938105118958203e-06,-,0
2026-08-04 02:16:00+00:00,9.424058452119788e-07,5.593694450096196e-07,-,0
2026-08-04 02:17:00+00:00,6.047116513147704e-07,1e-10,-,0
2026-08-04 02:18:00+00:00,1e-10,1.4090657945960523e-07,-,0
2026-08-04 02:19:00+00:00,1e-10,1e-10,-,0
2026-08-04 02:20:00+00:00,3.625379977828337e-07,1e-10,-,0
2026-08-04 02:21:00+00:00,2.9852462069896e-07,1.64821168642153e-07,-,0
2026-08-04 02:22:00+00:00,1e-10,1.8721529471100354e-06,-,0
2026-08-04 02:23:00+00:00,8.535276139335438e-07,1e-10,-,0
2026-08-04 02:24:00+00:00,6.61950547520895e-07,6.334173959464787e-07,-,0
2026-08-04 02:25:00+00:00,6.609389905007541e-08,9.591914948148041e-07,-,0
2026-08-04 02:26:00+00:00,1e-10,5.497878890914035e-07,-,0
2026-08-04 02:27:00+00:00,1.947669328212988e-07,1.0241532098536195e-06,-,0
2026-08-04 02:28:00+00:00,1e-10,1e-10,-,0
2026-08-04 02:29:00+00:00,1e-10,5.539568504292818e-07,-,0
2026-08-04 02:30:00+00:00,1e-10,1.4151837783438002e-07,-,0
2026-08-04 02:31:00+00:00,1e-10,1e-10,-,0
2026-08-04 02:32:00+00:00,1e-10,1e-10,-,0
2026-08-04 02:33:00+00:00,1e-10,1.1832721255051115e-06,-,0
2026-08-04 02:34:00+00:00,1.501808736767321e-06,1e-10,-,0
2026-08-04 02:35:00+00:00,1e-10,1e-10,-,0
2026-08-04 02:36:00+00:00,1.8486834760085005e-07,8.594872637703535e-07,-,0
2026-08-04 02:37:00+00:00,1e-10,1e-10,-,0
2026-08-04 02:38:00+00:00,1.4789409578663639e-06,7.984821675922467e-07,-,0
2026-08-04 02:39:00+00:00,1.8670751548863304e-06,1e-10,-,0
2026-08-04 02:40:00+00:00,1e-10,1e-10,-,0
2026-08-04 02:41:00+00:00,8.368673384318132e-07,1.1403738856614893e-06,-,0
2026-08-04 02:42:00+00:00,2.3448402161549488e-06,1e-10,-,0
2026-08-04 02:43:00+00:00,1e-10,1.4140315719091874e-06,-,0
2026-08-04 02:44:00+00:00,1.1197331988122396e-06,6.444742647251677e-07,-,0
2026-08-04 02:45:00+00:00,1e-10,1e-10,-,0
2026-08-04 02:46:00+00:00,6.36217889185473e-08,6.688072218435258e-07,-,0
2026-08-04 02:47:00+00:00,1e-10,1e-10,-,0
2026-08-04 02:48:00+00:00,1e-10,1e-10,-,0
2026-08-04 02:49:00+00:00,1.2396851605796557e-06,2.4103738143294694e-07,-,0
2026-08-04 02:50:00+00:00,1.9535907762625477e-07,8.738922769577644e-07,-,0
2026-08-04 02:51:00+00:00,1e-10,3.146319871277033e-07,-,0
2026-08-04 02:52:00+00:00,3.962503504325651e-07,1e-10,-,0
2026-08-04 02:53:00+00:00,1.0309255238254195e-06,1e-10,-,0
2026-08-04 02:54:00+00:00,1e-10,1e-10,-,0
2026-08-04 02:55:00+00:00,1e-10,1e-10,-,0
2026-08-04 02:56:00+00:00,1e-10,1e-10,-,0
2026-08-04 02:57:00+00:00,1e-10,1e-10,-,0
2026-08-04 02:58:00+00:00,1.5081800028592767e-06,8.002490498033606e-07,-,0
2026-08-04 02:59:00+00:00,1e-10,7.266664412444461e-07,-,0
2026-08-04 03:00:00+00:00,3.7377109202291466e-07,1.1029595400525885e-06,-,0
2026-08-04 03:01:00+00:00,1e-10,1e-10,-,0
2026-08-04 03:02:00+00:00,1e-10,1e-10,-,0
2026-08-04 03:03:00+00:00,6.51924432587289e-08,4.957665293262628e-07,-,0
2026-08-04 03:04:00+00:00,1e-10,4.776208593585881e-07,-,0
2026-08-04 03:05:00+00:00,1e-10,4.283082589890497e-07,-,0
2026-08-04 03:06:00+00:00,1e-10,2.137648782715752e-06,-,0
2026-08-04 03:07:00+00:00,1e-10,7.476221690323545e-07,-,0
2026-08-04 03:08:00+00:00,1e-10,1.3271371261865842e-06,-,0
2026-08-04 03:09:00+00:00,1e-10,1e-10,-,0
2026-08-04 03:10:00+00:00,3.4555988195255787e-07,1e-10,-,0
2026-08-04 03:11:00+00:00,1e-10,1e-10,-,0
2026-08-04 03:12:00+00:00,1e-10,2.169649382073093e-08,-,0
2026-08-04 03:13:00+00:00,1e-10,1e-10,-,0
2026-08-04 03:14:00+00:00,2.560745481535736e-07,2.9966443016387213e-07,-,0
2026-08-04 03:15:00+00:00,3.0949521730375726e-07,1.8512163199329515e-06,-,0
2026-08-04 03:16:00+00:00,2.0479799333648435e-07,1e-10,-,0
2026-08-04 03:17:00+00:00,1e-10,5.454348212356036e-07,-,0
2026-08-04 03:18:00+00:00,5.82011129759023e-08,9.090401401826239e-08,-,0
2026-08-04 03:19:00+00:00,1e-10,1.2137072250565259e-06,-,0
2026-08-04 03:20:00+00:00,1.484620837064286e-06,7.160388077392037e-07,-,0
2026-08-04 03:21:00+00:00,1.5334966986335998e-07,1e-10,-,0
2026-08-04 03:22:00+00:00,1.1919923784223009e-07,1.0784189025688058e-06,-,0
2026-08-04 03:23:00+00:00,1e-10,6.871331335757239e-07,-,0
2026-08-04 03:24:00+00:00,1e-10,9.702141326216386e-07,-,0
2026-08-04 03:25:00+00:00,3.218716524711012e-07,5.437950702201031e-08,-,0
2026-08-04 03:26:00+00:00,1e-10,7.471890611207556e-07,-,0
2026-08-04 03:27:00+00:00,1e-10,1e-10,-,0
2026-08-04 03:28:00+00:00,1e-10,1e-10,-,0
2026-08-04 03:29:00+00:00,1e-10,1e-10,-,0
2026-08-04 03:30:00+00:00,1e-10,6.888320562967378e-07,-,0
2026-08-04 03:31:00+00:00,1.367690731763001e-06,6.016434887675838e-07,-,0
2026-08-04 03:32:00+00:00,1e-10,1e-10,-,0
2026-08-04 03:33:00+00:00,1e-10,1.5423790106122428e-06,-,0
2026-08-04 03:34:00+00:00,1e-10,1e-10,-,0
2026-08-04 03:35:00+00:00,3.896007125428979e-07,1.8903645875513066e-07,-,0
2026-08-04 03:36:00+00:00,1.3489228058681913e-06,1e-10,-,0
2026-08-04 03:37:00+00:00,4.287907552052796e-07,2.2285224973451237e-07,-,0
2026-08-04 03:38:00+00:00,6.697604577777545e-07,1e-10,-,0
2026-08-04 03:39:00+00:00,1e-10,1e-10,-,0
2026-08-04 03:40:00+00:00,4.40181576715191e-07,1e-10,-,0
2026-08-04 03:41:00+00:00,1e-10,7.639609519076308e-07,-,0
2026-08-04 03:42:00+00:00,9.905036480808881e-08,2.1505135503732191e-07,-,0
2026-08-04 03:43:00+00:00,5.920547093707927e-07,1e-10,-,0
2026-08-04 03:44:00+00:00,1e-10,1.0857302022763484e-06,-,0
2026-08-04 03:45:00+00:00,9.341197253462085e-07,2.5163168438202753e-07,-,0
2026-08-04 03:46:00+00:00,1e-10,8.468350851379908e-07,-,0
2026-08-04 03:47:00+00:00,3.3308569695770784e-07,1e-10,-,0
2026-08-04 03:48:00+00:00,2.128043697923502e-06,1e-10,-,0
2026-08-04 03:49:00+00:00,5.818242742833751e-07,1.6655084992485277e-06,-,0
2026-08-04 03:50:00+00:00,1e-10,1e-10,-,0
2026-08-04 03:51:00+00:00,1e-10,1.108551082213319e-06,-,0
2026-08-04 03:52:00+00:00,9.98846960942733e-07,1e-10,-,0
2026-08-04 03:53:00+00:00,1.1849671261965037e-06,1.095780846167525e-07,-,0
2026-08-04 03:54:00+00:00,1e-10,1e-10,-,0
2026-08-04 03:55:00+00:00,1e-10,1e-10,-,0
2026-08-04 03:56:00+00:00,1e-10,1.6604925002378974e-06,-,0
2026-08-04 03:57:00+00:00,2.2897240955225677e-07,9.802011284770572e-07,-,0
2026-08-04 03:58:00+00:00,6.707730221610407e-07,1.3280112857572758e-06,-,0
2026-08-04 03:59:00+00:00,1.1453592914834573e-06,5.476848760467404e-07,-,0
2026-08-04 04:00:00+00:00,1e-10,2.853479619630579e-07,-,0
2026-08-04 04:01:00+00:00,9.957170315487936e-07,1.0708109406265937e-06,-,0
2026-08-04 04:02:00+00:00,1.6093470150494538e-06,1.0270030950363252e-06,-,0
2026-08-04 04:03:00+00:00,1e-10,3.4206508336682376e-07,-,0
2026-08-04 04:04:00+00:00,2.680735281047686e-08,1.120238082947266e-07,-,0
2026-08-04 04:05:00+00:00,8.703693926588638e-07,1.074579682916808e-06,-,0
2026-08-04 04:06:00+00:00,1e-10,1e-10,-,0
2026-08-04 04:07:00+00:00,1e-10,1e-10,-,0
2026-08-04 04:08:00+00:00,6.537073596691731e-07,1e-10,-,0
2026-08-04 04:09:00+00:00,1e-10,1e-10,-,0
2026-08-04 04:10:00+00:00,1e-10,2.3974183412983896e-07,-,0
2026-08-04 04:11:00+00:00,2.740300606089889e-07,8.706267839752474e-07,-,0
2026-08-04 04:12:00+00:00,1e-10,2.0435696439895216e-06,-,0
2026-08-04 04:13:00+00:00,1e-10,1e-10,-,0
2026-08-04 04:14:00+00:00,5.486622407291405e-07,1e-10,-,0
2026-08-04 04:15:00+00:00,1.086084618061136e-06,1e-10,-,0
2026-08-04 04:16:00+00:00,4.7320393779976614e-07,2.7571493758838984e-07,-,0
2026-08-04 04:17:00+00:00,1.5372457771731947e-06,2.018123580739312e-06,-,0
2026-08-04 04:18:00+00:00,4.959873716043086e-07,1.4382275259415961e-08,-,0
2026-08-04 04:19:00+00:00,2.0745528975398053e-06,1e-10,-,0
2026-08-04 04:20:00+00:00,1.020280373137564e-07,4.3635923330808525e-07,-,0
2026-08-04 04:21:00+00:00,3.103394566842896e-07,9.874506350823179e-08,-,0
2026-08-04 04:22:00+00:00,4.771019023676406e-07,1e-10,-,0
2026-08-04 04:23:00+00:00,1e-10,1e-10,-,0
2026-08-04 04:24:00+00:00,1e-10,2.3183145210632153e-06,-,0
2026-08-04 04:25:00+00:00,1e-10,1e-10,-,0
2026-08-04 04:26:00+00:00,1e-10,1e-10,-,0
2026-08-04 04:27:00+00:00,2.321930929212015e-06,1e-10,-,0
2026-08-04 04:28:00+00:00,2.0456617497999496e-06,1e-10,-,0
2026-08-04 04:29:00+00:00,1e-10,1e-10,-,0
2026-08-04 04:30:00+00:00,1e-10,1e-10,-,0
2026-08-04 04:31:00+00:00,1e-10,1.8058617844785753e-06,-,0
2026-08-04 04:32:00+00:00,1e-10,1e-10,-,0
2026-08-04 04:33:00+00:00,1e-10,1e-10,-,0
2026-08-04 04:34:00+00:00,1e-10,8.367784533219424e-07,-,0
2026-08-04 04:35:00+00:00,1e-10,1e-10,-,0
2026-08-04 04:36:00+00:00,2.674919528071664e-07,1e-10,-,0
2026-08-04 04:37:00+00:00,8.904920640186229e-07,1.211076993165436e-06,-,0
2026-08-04 04:38:00+00:00,1e-10,1e-10,-,0
2026-08-04 04:39:00+00:00,1.6231305144800505e-06,1e-10,-,0
2026-08-04 04:40:00+00:00,4.167666486856471e-07,8.996018002310551e-07,-,0
2026-08-04 04:41:00+00:00,1.0157268824209038e-06,1e-10,-,0
2026-08-04 04:42:00+00:00,1e-10,1e-10,-,0
2026-08-04 04:43:00+00:00,6.397633481914284e-07,1e-10,-,0
2026-08-04 04:44:00+00:00,5.34743948119344e-07,1e-10,-,0
2026-08-04 04:45:00+00:00,1.657846638615621e-06,1e-10,-,0
2026-08-04 04:46:00+00:00,7.519466717161318e-07,1e-10,-,0
2026-08-04 04:47:00+00:00,9.8448905027941e-07,1.0720796143258924e-06,-,0
2026-08-04 04:48:00+00:00,1e-10,1e-10,-,0
2026-08-04 04:49:00+00:00,1.3550125698024292e-06,1e-10,-,0
2026-08-04 04:50:00+00:00,1e-10,1.0936631977208096e-06,-,0
2026-08-04 04:51:00+00:00,1e-10,1e-10,-,0
2026-08-04 04:52:00+00:00,3.424576352233696e-07,4.3603639270605757e-07,-,0
2026-08-04 04:53:00+00:00,1e-10,6.1244643006680094e-09,-,0
2026-08-04 04:54:00+00:00,1e-10,9.420723882934743e-07,-,0
2026-08-04 04:55:00+00:00,1e-10,4.941880464011531e-07,-,0
2026-08-04 04:56:00+00:00,4.523355979707472e-07,7.050924182232117e-07,-,0
2026-08-04 04:57:00+00:00,1e-10,1e-10,-,0
2026-08-04 04:58:00+00:00,1.0994717222072532e-06,1e-10,-,0
2026-08-04 04:59:00+00:00,2.1153471585010535e-06,1e-10,-,0
2026-08-04 05:00:00+00:00,3.35185193282125e-07,6.981405316438363e-07,-,0
2026-08-04 05:01:00+00:00,1e-10,4.3138114103300104e-07,-,0
2026-08-04 05:02:00+00:00,4.3959529498747474e-07,8.763146539170056e-07,-,0
2026-08-04 05:03:00+00:00,1e-10,1e-10,-,0
2026-08-04 05:04:00+00:00,1e-10,1e-10,-,0
2026-08-04 05:05:00+00:00,2.7631923356471458e-06,1e-10,-,0
2026-08-04 05:06:00+00:00,1e-10,1e-10,-,0
2026-08-04 05:07:00+00:00,3.625085001275724e-07,1e-10,-,0
2026-08-04 05:08:00+00:00,1e-10,1e-10,-,0
2026-08-04 05:09:00+00:00,1e-10,1e-10,-,0
2026-08-04 05:10:00+00:00,5.640350420742814e-07,1e-10,-,0
2026-08-04 05:11:00+00:00,1e-10,1e-10,-,0
2026-08-04 05:12:00+00:00,1e-10,1e-10,-,0
2026-08-04 05:13:00+00:00,1e-10,1e-10,-,0
2026-08-04 05:14:00+00:00,1.7423138006659954e-06,1e-10,-,0
2026-08-04 05:15:00+00:00,1.1243162113331838e-06,5.806749832980406e-07,-,0
2026-08-04 05:16:00+00:00,1e-10,1e-10,-,0
2026-08-04 05:17:00+00:00,1e-10,1.2945953159909456e-07,-,0
2026-08-04 05:18:00+00:00,5.754175852317878e-07,1e-10,-,0
2026-08-04 05:19:00+00:00,1e-10,7.154712266513597e-07,-,0
2026-08-04 05:20:00+00:00,2.516909085001042e-06,5.647371494479256e-07,-,0
2026-08-04 05:21:00+00:00,1.7542552861365003e-06,5.987529958347004e-07,X,1
2026-08-04 05:22:00+00:00,9.833076459353347e-07,1e-10,X,1
2026-08-04 05:23:00+00:00,1e-10,1e-10,X,1
2026-08-04 05:24:00+00:00,1.4424619613383116e-07,1e-10,X,1
2026-08-04 05:25:00+00:00,8.062328460631711e-07,1e-10,X,1
2026-08-04 05:26:00+00:00,1.0780276988552394e-06,8.263084957680126e-07,X,1
2026-08-04 05:27:00+00:00,9.980264075219832e-08,1e-10,X,1
2026-08-04 05:28:00+00:00,1e-10,1e-10,X,1
2026-08-04 05:29:00+00:00,3.5980549674905813e-06,6.71616800617581e-07,X,1
2026-08-04 05:30:00+00:00,1.8655345512124747e-06,2.6700817380988843e-07,X,1
2026-08-04 05:31:00+00:00,2.5326397393638358e-06,9.568271658253896e-09,X,1
2026-08-04 05:32:00+00:00,1.5210475986359845e-06,1e-10,X,1
2026-08-04 05:33:00+00:00,4.4689832285252964e-06,9.060053253366269e-07,X,1
2026-08-04 05:34:00+00:00,4.9149977587146706e-06,1e-10,X,1
2026-08-04 05:35:00+00:00,4.9571445544937965e-06,3.555619050082274e-07,X,1
2026-08-04 05:36:00+00:00,5.551373818347288e-06,1e-10,X,1
2026-08-04 05:37:00+00:00,6.940077569898521e-06,5.992911455926868e-07,X,1
2026-08-04 05:38:00+00:00,8.860857685742613e-06,6.962578054152184e-07,X,1
2026-08-04 05:39:00+00:00,1.0397963102403285e-05,1.2200636983137404e-07,X,1
2026-08-04 05:40:00+00:00,1.2862596963610538e-05,1.1715708369535315e-06,X,1
2026-08-04 05:41:00+00:00,1.3602502083859985e-05,7.711068396789693e-07,X,1
2026-08-04 05:42:00+00:00,1.6210825373225918e-05,1e-10,X,1
2026-08-04 05:43:00+00:00,1.9353196588830636e-05,2.3980622079594836e-07,X,1
2026-08-04 05:44:00+00:00,2.1999971493095477e-05,2.861338420730844e-07,X,1
2026-08-04 05:45:00+00:00,3.0323895093730568e-05,1.058915374357449e-06,X,1
2026-08-04 05:46:00+00:00,3.269748769022184e-05,1e-10,X,1
2026-08-04 05:47:00+00:00,3.884135065615721e-05,1.1952061879473914e-06,X,1
2026-08-04 05:48:00+00:00,4.267466217722364e-05,1e-10,X,1
2026-08-04 05:49:00+00:00,5.212416803240663e-05,4.935256117234112e-07,X,1
2026-08-04 05:50:00+00:00,5.909900690780994e-05,4.863268032838304e-07,X,1
2026-08-04 05:51:00+00:00,6.712719215076265e-05,1e-10,X,1
2026-08-04 05:52:00+00:00,7.291548877247295e-05,6.528780552599595e-07,X,1
2026-08-04 05:53:00+00:00,8.538051221518385e-05,1e-10,X,1
2026-08-04 05:54:00+00:00,9.820492271914303e-05,1e-10,X,1
2026-08-04 05:55:00+00:00,0.00011648863925358418,1e-10,X,1
2026-08-04 05:56:00+00:00,0.00012014479455533209,1e-10,X,1
2026-08-04 05:57:00+00:00,0.0001229548418054008,1.2661386042512227e-06,X,1
2026-08-04 05:58:00+00:00,0.00014720524520770155,1.6895998837908249e-06,X,1
2026-08-04 05:59:00+00:00,0.00015720334009530423,4.313251785061267e-07,X,1
2026-08-04 06:00:00+00:00,0.00015415219654808698,1.3065960913960921e-06,X,1
2026-08-04 06:01:00+00:00,0.00016643466402356126,4.51881716009244e-06,X,1
2026-08-04 06:02:00+00:00,0.0002055477778069977,3.5795850067123602e-06,X,1
2026-08-04 06:03:00+00:00,0.0002240219164772719,8.647040737598975e-06,X,1
2026-08-04 06:04:00+00:00,0.00023923910233574703,1.4851992216597527e-05,X,1
2026-08-04 06:05:00+00:00,0.0002715788396779654,2.3404887614225757e-05,X,1
2026-08-04 06:06:00+00:00,0.00025966984832093707,4.4932648808971666e-05,X,1
2026-08-04 06:07:00+00:00,0.0002668495862323837,7.031724775318265e-05,X,1
2026-08-04 06:08:00+00:00,0.0002953548035935254,0.00010688015756111165,X,1
2026-08-04 06:09:00+00:00,0.00031214714783465796,0.00013236176154475808,X,1
2026-08-04 06:10:00+00:00,0.0003415201129628838,0.00023133565272909549,X,1
2026-08-04 06:11:00+00:00,0.0003373233828694782,0.0002615446650283669,X,1
2026-08-04 06:12:00+00:00,0.0003224597042743045,0.00031381480215509814,X,1
2026-08-04 06:13:00+00:00,0.00032246556193061995,0.0004806430243406439,X,2
2026-08-04 06:14:00+00:00,0.0003947635969783047,0.0005465633446561024,X,2
2026-08-04 06:15:00+00:00,0.00037606978403906374,0.00062406067589862,X,2
2026-08-04 06:16:00+00:00,0.00036242212673172423,0.0007474684715599086,X,2
2026-08-04 06:17:00+00:00,0.00043217543887021337,0.0007267211693981345,X,2
2026-08-04 06:18:00+00:00,0.0004604527139926227,0.0006442063525415715,X,2
2026-08-04 06:19:00+00:00,0.0004213676582109462,0.0006926123379649911,X,2
2026-08-04 06:20:00+00:00,0.00043226858718137246,0.0006882975172454409,X,2
2026-08-04 06:21:00+00:00,0.00042246662486062085,0.0006355174522377318,X,2
2026-08-04 06:22:00+00:00,0.00034882493128669345,0.0005762342260691566,X,2
2026-08-04 06:23:00+00:00,0.0004196933461732046,0.0006677204293877956,X,2
2026-08-04 06:24:00+00:00,0.00042143946899266677,0.0005886706148535304,X,2
2026-08-04 06:25:00+00:00,0.0004259291591672978,0.0004280333571916241,X,2
2026-08-04 06:26:00+00:00,0.00036706602790522423,0.00039432909053123904,X,2
2026-08-04 06:27:00+00:00,0.0003438893757104569,0.00047356589284994384,X,2
2026-08-04 06:28:00+00:00,0.0003910640088517795,0.00043099444962984955,X,2
2026-08-04 06:29:00+00:00,0.00036505168443836294,0.00041473814430733995,X,2
2026-08-04 06:30:00+00:00,0.0003674468547518248,0.0003308807243506077,X,2
2026-08-04 06:31:00+00:00,0.0003282279986277264,0.00031737959219979117,X,2
2026-08-04 06:32:00+00:00,0.000341641359022151,0.00025332893097481686,X,2
2026-08-04 06:33:00+00:00,0.000307230773999897,0.00028506268597711587,X,2
2026-08-04 06:34:00+00:00,0.00031913055917920987,0.00024921100826561746,X,2
2026-08-04 06:35:00+00:00,0.00030725341152741984,0.0002287935491228171,X,3
2026-08-04 06:36:00+00:00,0.0003522887159132221,0.00024999893452843275,X,3
2026-08-04 06:37:00+00:00,0.00031286422791571033,0.00021283097089919173,X,3
2026-08-04 06:38:00+00:00,0.00025769106972467904,0.00021681556680168342,X,3
2026-08-04 06:39:00+00:00,0.000289861024900987,0.00018651584887801988,X,3
2026-08-04 06:40:00+00:00,0.0002906347996134388,0.00018650058620407124,X,3
2026-08-04 06:41:00+00:00,0.00027126430209493594,0.000147186466142292,X,3
2026-08-04 06:42:00+00:00,0.0002556646769302208,0.00014294104900048276,X,3
2026-08-04 06:43:00+00:00,0.0002778379425689087,0.00015058622311334103,X,3
2026-08-04 06:44:00+00:00,0.0002481975131213465,0.0001560736480239118,X,3
2026-08-04 06:45:00+00:00,0.00026705895081715865,0.00013213348000094051,X,3
2026-08-04 06:46:00+00:00,0.00023680164172027994,0.00011762646713586835,X,3
2026-08-04 06:47:00+00:00,0.00023907897119483128,0.00012666999134489004,X,3
2026-08-04 06:48:00+00:00,0.0002575526480162731,0.0001012435271511989,X,3
2026-08-04 06:49:00+00:00,0.00024651967767023075,9.060973713112505e-05,X,3
2026-08-04 06:50:00+00:00,0.0002332972316385135,8.941551553658611e-05,X,3
2026-08-04 06:51:00+00:00,0.00022762722193184093,8.827940397163311e-05,X,3
2026-08-04 06:52:00+00:00,0.00022593893933320051,7.172812167829246e-05,X,3
2026-08-04 06:53:00+00:00,0.0002080327149627343,7.435827098567438e-05,X,3
2026-08-04 06:54:00+00:00,0.00019439840447378162,5.818016508288463e-05,X,3
2026-08-04 06:55:00+00:00,0.0002176424416266608,6.268939823224468e-05,X,3
2026-08-04 06:56:00+00:00,0.00022631305759650568,5.940200104165509e-05,X,3
2026-08-04 06:57:00+00:00,0.00020925202637454696,5.82031309787554e-05,X,3
2026-08-04 06:58:00+00:00,0.00020186723063272312,4.397353122524031e-05,X,3
2026-08-04 06:59:00+00:00,0.00017856010529147692,4.916420962964009e-05,X,3
2026-08-04 07:00:00+00:00,0.0002017977118017062,4.933189591459663e-05,X,3
2026-08-04 07:01:00+00:00,0.00019428063897391001,4.6815611384972845e-05,X,3
2026-08-04 07:02:00+00:00,0.00019093406875184116,4.52469678471388e-05,X,3
2026-08-04 07:03:00+00:00,0.00019158832020557605,3.6837501445832096e-05,X,3
2026-08-04 07:04:00+00:00,0.0001929256830983802,4.229554299537653e-05,X,3
2026-08-04 07:05:00+00:00,0.00016143528905501669,3.064350816201911e-05,X,3
2026-08-04 07:06:00+00:00,0.0001560801266848083,2.7989991577855933e-05,X,3
2026-08-04 07:07:00+00:00,0.00016724354235587844,2.9098929673902055e-05,X,3
2026-08-04 07:08:00+00:00,0.00015288018080770706,2.978169440912472e-05,X,3
2026-08-04 07:09:00+00:00,0.00014788923986632104,2.7394490518739307e-05,X,3
2026-08-04 07:10:00+00:00,0.00016910035383128815,1.907952288534321e-05,X,3
2026-08-04 07:11:00+00:00,0.0001421923591419004,1.7618642710399475e-05,X,3
2026-08-04 07:12:00+00:00,0.00015017858446150737,2.183082757879969e-05,X,3
2026-08-04 07:13:00+00:00,0.00013283162056111947,1.9429494464558274e-05,X,3
2026-08-04 07:14:00+00:00,0.00014490125226438455,2.0477773749961276e-05,X,3
2026-08-04 07:15:00+00:00,0.00015232970399720397,1.858112184354092e-05,X,3
2026-08-04 07:16:00+00:00,0.00014843417173337887,1.67834094524649e-05,X,3
2026-08-04 07:17:00+00:00,0.00014524923931467942,1.5218628322061849e-05,X,3
2026-08-04 07:18:00+00:00,0.0001348784486356563,1.7021470309197364e-05,X,3
2026-08-04 07:19:00+00:00,0.00013921346739028713,1.3691856699215815e-05,X,3
2026-08-04 07:20:00+00:00,0.00012913651737142878,1.0638823401191035e-05,X,3
2026-08-04 07:21:00+00:00,0.00012208135094292385,1.336947463034293e-05,X,3
2026-08-04 07:22:00+00:00,0.00012561210681944038,8.343714195053403e-06,X,3
2026-08-04 07:23:00+00:00,0.00012747937665103274,1.037956564806631e-05,X,3
2026-08-04 07:24:00+00:00,0.00010660983693730549,8.844905919251494e-06,X,3
2026-08-04 07:25:00+00:00,0.00010888126165785472,9.600074679550253e-06,X,3
2026-08-04 07:26:00+00:00,0.00011215612672942174,9.940306678854468e-06,X,3
2026-08-04 07:27:00+00:00,0.00010407870802967779,7.661945366201606e-06,X,3
2026-08-04 07:28:00+00:00,0.00010047976154162234,1.0719890842280159e-05,X,3
2026-08-04 07:29:00+00:00,0.00010524888699242458,6.336519499074065e-06,X,3
2026-08-04 07:30:00+00:00,0.00010943927988941951,7.912234921368252e-06,X,3
2026-08-04 07:31:00+00:00,0.00010881552891581794,3.931987886739835e-06,X,3
2026-08-04 07:32:00+00:00,0.00010162416324278371,5.089219105790048e-06,X,3
2026-08-04 07:33:00+00:00,9.929240285995596e-05,4.0953306605888e-06,X,3
2026-08-04 07:34:00+00:00,0.0001119459592073836,5.473672701337982e-06,X,3
2026-08-04 07:35:00+00:00,9.07710309992128e-05,4.259850012531476e-06,X,3
2026-08-04 07:36:00+00:00,9.39475673313729e-05,3.7673137020243626e-06,X,3
2026-08-04 07:37:00+00:00,8.668514528410587e-05,3.9164179820572684e-06,X,3
2026-08-04 07:38:00+00:00,8.212543443064847e-05,4.784586577926016e-06,X,3
2026-08-04 07:39:00+00:00,9.366129347379167e-05,3.826963190598007e-06,X,3
2026-08-04 07:40:00+00:00,8.347998113088122e-05,3.867112471379884e-06,X,3
2026-08-04 07:41:00+00:00,8.942003801861637e-05,2.382212221625287e-06,X,3
2026-08-04 07:42:00+00:00,8.256052596980429e-05,3.8925656051202705e-06,X,3
2026-08-04 07:43:00+00:00,8.586757686097322e-05,2.973970058870743e-06,X,3
2026-08-04 07:44:00+00:00,7.542770384733309e-05,1.6321270886091937e-06,X,3
2026-08-04 07:45:00+00:00,8.259177957018358e-05,3.5563523291878657e-06,X,3
2026-08-04 07:46:00+00:00,7.88844808981592e-05,1.9201019815805656e-06,X,3
2026-08-04 07:47:00+00:00,6.58187531128447e-05,2.1894953462563814e-06,X,3
2026-08-04 07:48:00+00:00,6.951473699059466e-05,2.7953786972470914e-06,X,3
2026-08-04 07:49:00+00:00,7.716130188036118e-05,5.610948693296645e-07,X,3
2026-08-04 07:50:00+00:00,7.624297586334217e-05,6.82885454017541e-07,X,3
2026-08-04 07:51:00+00:00,7.329905366562573e-05,9.886544187146595e-08,X,3
2026-08-04 07:52:00+00:00,6.609928220759105e-05,1.0428320988682327e-06,X,3
2026-08-04 07:53:00+00:00,6.191978019927333e-05,2.3180568419122853e-06,X,3
2026-08-04 07:54:00+00:00,6.655399639250976e-05,1.299415749696621e-06,X,3
2026-08-04 07:55:00+00:00,6.393268040321417e-05,2.7699001185964795e-06,X,3
2026-08-04 07:56:00+00:00,6.093575442277767e-05,1.551742373682342e-06,X,3
2026-08-04 07:57:00+00:00,5.974491179308103e-05,3.7146182651982314e-07,X,3
2026-08-04 07:58:00+00:00,6.403023389768153e-05,6.620560625092134e-08,X,3
2026-08-04 07:59:00+00:00,6.574348633703387e-05,2.6028264624903634e-06,X,3
2026-08-04 08:00:00+00:00,6.002041034744976e-05,1.65918741031192e-06,X,3
2026-08-04 08:01:00+00:00,5.646630152181938e-05,5.26866816015576e-07,X,3
2026-08-04 08:02:00+00:00,5.032492525444436e-05,8.642397219344488e-07,X,3
2026-08-04 08:03:00+00:00,5.635158089556413e-05,2.524541692379302e-07,X,3
2026-08-04 08:04:00+00:00,5.880220616436201e-05,1e-10,X,3
2026-08-04 08:05:00+00:00,5.572445173962699e-05,7.619795939093611e-07,X,3
2026-08-04 08:06:00+00:00,5.059128092179901e-05,1e-10,X,3
2026-08-04 08:07:00+00:00,4.7764662354687135e-05,1.1748210426894691e-07,X,3
2026-08-04 08:08:00+00:00,5.035024791800106e-05,1e-10,X,3
2026-08-04 08:09:00+00:00,5.280520312107448e-05,2.523554879861164e-07,X,3
2026-08-04 08:10:00+00:00,4.78967915414335e-05,1e-10,X,3
2026-08-04 08:11:00+00:00,4.530041338168886e-05,4.867950810020505e-07,X,3
2026-08-04 08:12:00+00:00,4.4497266941487074e-05,1.1582196973094308e-06,X,3
2026-08-04 08:13:00+00:00,5.143479190632498e-05,6.351323492900554e-07,X,3
2026-08-04 08:14:00+00:00,4.138773875170921e-05,1e-10,X,3
2026-08-04 08:15:00+00:00,4.102121496284411e-05,1e-10,X,3
2026-08-04 08:16:00+00:00,4.211598510152156e-05,1e-10,X,3
2026-08-04 08:17:00+00:00,3.945371035044327e-05,1.441483413181986e-06,X,3
2026-08-04 08:18:00+00:00,4.24681301949946e-05,2.6866350837822342e-06,X,3
2026-08-04 08:19:00+00:00,4.3106580486496596e-05,1e-10,X,3
2026-08-04 08:20:00+00:00,3.788171085376385e-05,1e-10,X,3
2026-08-04 08:21:00+00:00,3.477042064949777e-05,1.7568976914745376e-06,X,3
2026-08-04 08:22:00+00:00,3.695099521701451e-05,1e-10,X,3
2026-08-04 08:23:00+00:00,3.765758556328451e-05,1.118219702041944e-07,X,3
2026-08-04 08:24:00+00:00,3.657188268168762e-05,3.595752236717321e-07,X,3
2026-08-04 08:25:00+00:00,3.6031737479424684e-05,1e-10,X,3
2026-08-04 08:26:00+00:00,3.422830942702373e-05,1e-10,X,3
2026-08-04 08:27:00+00:00,3.098836867814148e-05,6.7079639138128e-08,X,3
2026-08-04 08:28:00+00:00,3.07189314309016e-05,1e-10,X,3
2026-08-04 08:29:00+00:00,2.977198574199727e-05,1e-10,X,3
2026-08-04 08:30:00+00:00,3.222826786348581e-05,1e-10,X,3
2026-08-04 08:31:00+00:00,3.0484537109410216e-05,1e-10,X,3
2026-08-04 08:32:00+00:00,3.018080567049244e-05,1e-10,X,3
2026-08-04 08:33:00+00:00,2.9692953682389024e-05,6.688966434183043e-07,X,3
2026-08-04 08:34:00+00:00,3.15814815640204e-05,1e-10,X,3
2026-08-04 08:35:00+00:00,2.6862704374027978e-05,2.1199119811292216e-06,X,3
2026-08-04 08:36:00+00:00,2.8863758389437148e-05,1.5945369840320807e-07,X,3
2026-08-04 08:37:00+00:00,2.743803123219009e-05,1.624810712768972e-07,X,3
2026-08-04 08:38:00+00:00,2.7561214871809733e-05,1e-10,X,3
2026-08-04 08:39:00+00:00,2.6911488490626456e-05,1e-10,X,3
2026-08-04 08:40:00+00:00,2.3602160503825287e-05,1e-10,X,3
2026-08-04 08:41:00+00:00,2.365212186869984e-05,6.136130052263324e-08,X,3
2026-08-04 08:42:00+00:00,2.6921536025230904e-05,2.2584961298293243e-06,X,3
2026-08-04 08:43:00+00:00,2.4041268597877307e-05,1.0588149364694408e-06,X,3
2026-08-04 08:44:00+00:00,2.6265564774958575e-05,1e-10,X,3
2026-08-04 08:45:00+00:00,2.2761314522603187e-05,3.767206768558314e-07,X,3
2026-08-04 08:46:00+00:00,2.2423609820118517e-05,5.437605230541552e-07,X,3
2026-08-04 08:47:00+00:00,2.0841761924916377e-05,1.735838469109455e-06,X,3
2026-08-04 08:48:00+00:00,2.5742762093636663e-05,1e-10,X,3
2026-08-04 08:49:00+00:00,1.9771212394817033e-05,2.5861568208339043e-06,X,3
2026-08-04 08:50:00+00:00,1.8904249300285816e-05,1.5806610081564138e-07,X,3
2026-08-04 08:51:00+00:00,1.9193243771110073e-05,1e-10,X,3
2026-08-04 08:52:00+00:00,2.0938614473851405e-05,1e-10,X,3
2026-08-04 08:53:00+00:00,1.8802104826309475e-05,1e-10,X,3
2026-08-04 08:54:00+00:00,1.693277092154509e-05,2.5735998689823304e-07,X,3
2026-08-04 08:55:00+00:00,1.738188388073582e-05,1e-10,X,3
2026-08-04 08:56:00+00:00,1.7721837797171118e-05,7.23324307023804e-07,X,3
2026-08-04 08:57:00+00:00,1.799038400693691e-05,6.128072445553893e-07,X,3
2026-08-04 08:58:00+00:00,1.769474549478219e-05,3.389455125027838e-08,X,3
2026-08-04 08:59:00+00:00,0.00022992668143013645,1e-10,X,3
2026-08-04 09:00:00+00:00,1.4455204803595242e-05,4.235454772080464e-08,X,3
2026-08-04 09:01:00+00:00,1.6180873350089175e-05,2.073157278598539e-06,X,3
2026-08-04 09:02:00+00:00,1.7417412577255186e-05,1e-10,X,3
2026-08-04 09:03:00+00:00,1.6499588743189924e-05,1e-10,X,3
2026-08-04 09:04:00+00:00,1.348996249430404e-05,1e-10,X,3
2026-08-04 09:05:00+00:00,1.6823584217155414e-05,1e-10,X,3
2026-08-04 09:06:00+00:00,1.287244339832909e-05,1e-10,X,3
2026-08-04 09:07:00+00:00,1.3770042489970754e-05,4.6956700690325755e-07,X,3
2026-08-04 09:08:00+00:00,1.4184198535416999e-05,1e-10,X,3
2026-08-04 09:09:00+00:00,1.688740806579973e-05,1e-10,X,3
2026-08-04 09:10:00+00:00,1.339413890857301e-05,9.277029746138211e-07,X,3
2026-08-04 09:11:00+00:00,1.3812776516474318e-05,1.5747022109320396e-06,X,3
2026-08-04 09:12:00+00:00,1.4669817106086966e-05,2.8999247585545705e-06,X,3
2026-08-04 09:13:00+00:00,1.3047037131671973e-05,1e-10,X,3
2026-08-04 09:14:00+00:00,1.6409873378941358e-05,4.5175432734447573e-07,X,3
2026-08-04 09:15:00+00:00,9.148145450234183e-06,1e-10,X,3
2026-08-04 09:16:00+00:00,1.4601849702581695e-05,9.064904214135603e-08,X,3
2026-08-04 09:17:00+00:00,1.1362435791059357e-05,1e-10,X,3
2026-08-04 09:18:00+00:00,1.2467165826063765e-05,1e-10,X,3
2026-08-04 09:19:00+00:00,1.3678540268487322e-05,6.003620838080285e-07,X,3
2026-08-04 09:20:00+00:00,1.1158681820165062e-05,7.094870263371947e-09,X,3
2026-08-04 09:21:00+00:00,1.1794986603828836e-05,6.837526794847833e-07,X,3
2026-08-04 09:22:00+00:00,1.2451692751024335e-05,1e-10,X,3
2026-08-04 09:23:00+00:00,8.764707740483138e-06,2.3686519495239957e-06,X,3
2026-08-04 09:24:00+00:00,9.575108943061699e-06,3.039226781962744e-07,X,3
2026-08-04 09:25:00+00:00,9.747328419424478e-06,3.803739838248998e-07,X,3
2026-08-04 09:26:00+00:00,1.0171117011413584e-05,1.5495813126982462e-06,X,3
2026-08-04 09:27:00+00:00,1.0597320371720311e-05,1e-10,X,3
2026-08-04 09:28:00+00:00,1.1168582847998969e-05,1e-10,X,3
2026-08-04 09:29:00+00:00,1.0435697175890299e-05,1.2254138585946678e-06,X,3
2026-08-04 09:30:00+00:00,7.704964071718816e-06,1e-10,X,3
2026-08-04 09:31:00+00:00,1.0060489203539377e-05,1.0862532182127923e-06,X,3
2026-08-04 09:32:00+00:00,7.945498398480978e-06,1e-10,X,3
2026-08-04 09:33:00+00:00,7.1971926709588305e-06,2.4305378991105753e-06,X,3
2026-08-04 09:34:00+00:00,7.574937366982569e-06,1e-10,X,3
2026-08-04 09:35:00+00:00,7.575591797667917e-06,1e-10,X,3
2026-08-04 09:36:00+00:00,7.804248000581587e-06,3.6858645761563335e-07,X,3
2026-08-04 09:37:00+00:00,8.453698730902868e-06,1e-10,X,3
2026-08-04 09:38:00+00:00,7.808334102009303e-06,1e-10,X,3
2026-08-04 09:39:00+00:00,9.979746537313471e-06,1.4921648234162985e-06,X,3
2026-08-04 09:40:00+00:00,7.574840196814912e-06,1e-10,-,0
2026-08-04 09:41:00+00:00,5.745071739423498e-06,1.1396121139202776e-06,-,0
2026-08-04 09:42:00+00:00,8.611601290541808e-06,1.77669944428594e-06,-,0
2026-08-04 09:43:00+00:00,6.237736951970427e-06,1e-10,-,0
2026-08-04 09:44:00+00:00,7.448023461996686e-06,2.8835687018470035e-07,-,0
2026-08-04 09:45:00+00:00,6.645671115313869e-06,1e-10,-,0
2026-08-04 09:46:00+00:00,8.507821147233036e-06,1.2634825709196801e-06,-,0
2026-08-04 09:47:00+00:00,7.210953395930183e-06,1e-10,-,0
2026-08-04 09:48:00+00:00,5.661175038171099e-06,1.097386056256745e-06,-,0
2026-08-04 09:49:00+00:00,6.125241676833486e-06,1e-10,-,0
2026-08-04 09:50:00+00:00,1.0087857005580129e-05,1e-10,-,0
2026-08-04 09:51:00+00:00,5.064184525913181e-06,1e-10,-,0
2026-08-04 09:52:00+00:00,5.142068043673764e-06,5.266460680646641e-07,-,0
2026-08-04 09:53:00+00:00,5.415783881615715e-06,1e-10,-,0
2026-08-04 09:54:00+00:00,4.968453417136408e-06,5.927395372142297e-07,-,0
2026-08-04 09:55:00+00:00,4.647325113212011e-06,1.6951246751458958e-07,-,0
2026-08-04 09:56:00+00:00,5.527973743559572e-06,1e-10,-,0
2026-08-04 09:57:00+00:00,6.020187115891044e-06,5.235922000362898e-07,-,0
2026-08-04 09:58:00+00:00,3.495611131357021e-06,1e-10,-,0
2026-08-04 09:59:00+00:00,4.497705680479406e-06,1e-10,-,0
2026-08-04 10:00:00+00:00,4.264728400246655e-06,1e-10,-,0
2026-08-04 10:01:00+00:00,3.988769430022291e-06,1e-10,-,0
2026-08-04 10:02:00+00:00,5.877416048663277e-06,1e-10,-,0
2026-08-04 10:03:00+00:00,4.075402062757227e-06,1e-10,-,0
2026-08-04 10:04:00+00:00,3.27499692288906e-06,1e-10,-,0
2026-08-04 10:05:00+00:00,6.2331905143461e-06,1e-10,-,0
2026-08-04 10:06:00+00:00,6.245741671969769e-06,1e-10,-,0
2026-08-04 10:07:00+00:00,5.023577770657136e-06,1e-10,-,0
2026-08-04 10:08:00+00:00,3.6827135178674394e-06,4.4058015198411333e-07,-,0
2026-08-04 10:09:00+00:00,3.938066130516981e-06,1e-10,-,0
2026-08-04 10:10:00+00:00,3.933171361205113e-06,1e-10,-,0
2026-08-04 10:11:00+00:00,4.2038030958562734e-06,1e-10,-,0
2026-08-04 10:12:00+00:00,4.916885305107429e-06,2.096548483897533e-06,-,0
2026-08-04 10:13:00+00:00,3.730741649518732e-06,1e-10,-,0
2026-08-04 10:14:00+00:00,3.874749629735849e-06,7.571597126859713e-07,-,0
2026-08-04 10:15:00+00:00,2.9154002932655298e-06,3.721256128890057e-07,-,0
2026-08-04 10:16:00+00:00,4.498879473640219e-06,2.311730796412221e-06,-,0
2026-08-04 10:17:00+00:00,4.022748767528887e-06,3.072792796918481e-07,-,0
2026-08-04 10:18:00+00:00,1.5482636686065637e-06,2.9886176464066585e-08,-,0
2026-08-04 10:19:00+00:00,1.3273196079951486e-06,2.311814906754607e-08,-,0
2026-08-04 10:20:00+00:00,3.309956993819939e-06,1e-10,-,0
2026-08-04 10:21:00+00:00,4.656407237455604e-06,7.661843210092482e-07,-,0
2026-08-04 10:22:00+00:00,5.026257493341042e-06,1e-10,-,0
2026-08-04 10:23:00+00:00,4.500302052632351e-06,3.373777323334402e-06,-,0
2026-08-04 10:24:00+00:00,3.1227599602104297e-06,9.427815932127817e-07,-,0
2026-08-04 10:25:00+00:00,5.0131727203589055e-06,1e-10,-,0
2026-08-04 10:26:00+00:00,2.381924119964121e-06,1e-10,-,0
2026-08-04 10:27:00+00:00,2.614960256059677e-06,1e-10,-,0
2026-08-04 10:28:00+00:00,1.3876975971438045e-06,1e-10,-,0
2026-08-04 10:29:00+00:00,2.6829077366097844e-06,7.026632741374583e-07,-,0
2026-08-04 10:30:00+00:00,2.6501967085820548e-06,3.1817618756546654e-07,-,0
2026-08-04 10:31:00+00:00,4.738674657224963e-06,1.6217646901787908e-06,-,0
2026-08-04 10:32:00+00:00,4.3075888367335236e-06,1e-10,-,0
2026-08-04 10:33:00+00:00,2.8764398683456516e-06,1e-10,-,0
2026-08-04 10:34:00+00:00,3.267027013823121e-06,1e-10,-,0
2026-08-04 10:35:00+00:00,1.938625854834445e-06,1e-10,-,0
2026-08-04 10:36:00+00:00,1e-10,1e-10,-,0
2026-08-04 10:37:00+00:00,1.6523032641148973e-06,8.674780980299018e-07,-,0
2026-08-04 10:38:00+00:00,3.1487511447071836e-06,1e-10,-,0
2026-08-04 10:39:00+00:00,2.977306053343614e-06,1.560057973061177e-06,-,0
2026-08-04 10:40:00+00:00,2.0284256602271296e-06,1.6218813587841996e-06,-,0
2026-08-04 10:41:00+00:00,3.1267223326628467e-06,7.994306108927771e-07,-,0
2026-08-04 10:42:00+00:00,1.8041191682443634e-06,1e-10,-,0
2026-08-04 10:43:00+00:00,1.1034515483525253e-06,1.6057116548345842e-06,-,0
2026-08-04 10:44:00+00:00,3.0064145711207214e-06,1e-10,-,0
2026-08-04 10:45:00+00:00,1.4165641200707111e-06,1e-10,-,0
2026-08-04 10:46:00+00:00,3.1562911522685025e-06,5.791130720927032e-07,-,0
2026-08-04 10:47:00+00:00,1e-10,1e-10,-,0
2026-08-04 10:48:00+00:00,1.5840805068462736e-06,1.3962813716333644e-06,-,0
2026-08-04 10:49:00+00:00,2.625759045214852e-06,8.937714545517357e-07,-,0
2026-08-04 10:50:00+00:00,2.538289069374985e-06,3.320802510644334e-06,-,0
2026-08-04 10:51:00+00:00,1.6293251297734396e-06,3.394821638227943e-07,-,0
2026-08-04 10:52:00+00:00,2.1461272195152995e-06,1e-10,-,0
2026-08-04 10:53:00+00:00,1.8956316348991914e-06,2.244677657676995e-06,-,0
2026-08-04 10:54:00+00:00,1.6393158397815189e-07,1e-10,-,0
2026-08-04 10:55:00+00:00,1.309049337409018e-06,2.5969618640271706e-07,-,0
2026-08-04 10:56:00+00:00,2.116112226151493e-06,1e-10,-,0
2026-08-04 10:57:00+00:00,2.2478034532149253e-06,1.3804628907409203e-06,-,0
2026-08-04 10:58:00+00:00,1.588837947065455e-06,3.4750832128823645e-06,-,0
2026-08-04 10:59:00+00:00,1.0042086508832947e-06,1e-10,-,0
2026-08-04 11:00:00+00:00,1.5948169387579956e-07,1.2961283133873506e-06,-,0
2026-08-04 11:01:00+00:00,2.543930960909764e-06,1.5597879564342154e-06,-,0
2026-08-04 11:02:00+00:00,2.15507433189865e-06,1.4736241078134782e-06,-,0
2026-08-04 11:03:00+00:00,2.6277920144567863e-06,2.782164169514466e-07,-,0
2026-08-04 11:04:00+00:00,1.4709003642436848e-07,8.051694806461547e-07,-,0
2026-08-04 11:05:00+00:00,1.693159472463339e-06,1e-10,-,0
2026-08-04 11:06:00+00:00,6.477953422772513e-07,1.986862421168345e-06,-,0
2026-08-04 11:07:00+00:00,1.3220542177411852e-06,1e-10,-,0
2026-08-04 11:08:00+00:00,4.481827433951424e-06,1e-10,-,0
2026-08-04 11:09:00+00:00,2.408214794980877e-06,1e-10,-,0
2026-08-04 11:10:00+00:00,3.4813813301465467e-07,1e-10,-,0
2026-08-04 11:11:00+00:00,1.0325137136720185e-06,4.909641393036162e-07,-,0
2026-08-04 11:12:00+00:00,8.322185947515506e-07,1e-10,-,0
2026-08-04 11:13:00+00:00,1.363737248271282e-06,1e-10,-,0
2026-08-04 11:14:00+00:00,1e-10,1e-10,-,0
2026-08-04 11:15:00+00:00,1.4837801570575756e-06,1.3316712672572483e-06,-,0
2026-08-04 11:16:00+00:00,1e-10,5.951381393466779e-07,-,0
2026-08-04 11:17:00+00:00,1e-10,1e-10,-,0
2026-08-04 11:18:00+00:00,3.3221060220974215e-06,7.18877851672214e-07,-,0
2026-08-04 11:19:00+00:00,7.32603094891935e-07,1e-10,-,0
2026-08-04 11:20:00+00:00,1.607485710214981e-06,1e-10,-,0
2026-08-04 11:21:00+00:00,1e-10,1e-10,-,0
2026-08-04 11:22:00+00:00,1e-10,1.1401476894983006e-06,-,0
2026-08-04 11:23:00+00:00,1e-10,1.512509446669615e-06,-,0
2026-08-04 11:24:00+00:00,3.0030706900267157e-06,7.905133374859253e-07,-,0
2026-08-04 11:25:00+00:00,1e-10,1e-10,-,0
2026-08-04 11:26:00+00:00,1.9939493715154375e-06,5.789800136109811e-07,-,0
2026-08-04 11:27:00+00:00,4.1172858495290597e-07,5.532493796501699e-07,-,0
2026-08-04 11:28:00+00:00,1.6134340478388855e-07,1e-10,-,0
2026-08-04 11:29:00+00:00,1e-10,6.562946424699409e-07,-,0
2026-08-04 11:30:00+00:00,1e-10,2.2066444043293302e-07,-,0
2026-08-04 11:31:00+00:00,6.554481501624889e-07,2.623286043896054e-06,-,0
2026-08-04 11:32:00+00:00,1.4900927738961743e-06,2.2262287061128266e-06,-,0
2026-08-04 11:33:00+00:00,2.461598727711294e-07,1e-10,-,0
2026-08-04 11:34:00+00:00,8.502003546780004e-07,5.031452418941337e-07,-,0
2026-08-04 11:35:00+00:00,1e-10,1.4444077825951655e-07,-,0
2026-08-04 11:36:00+00:00,2.4323969711973357e-06,1e-10,-,0
2026-08-04 11:37:00+00:00,2.9184545961904503e-07,1e-10,-,0
2026-08-04 11:38:00+00:00,2.281725081523674e-06,1e-10,-,0
2026-08-04 11:39:00+00:00,1e-10,1e-10,-,0
2026-08-04 11:40:00+00:00,1e-10,1.3394476354943786e-06,-,0
2026-08-04 11:41:00+00:00,1.2139809674982773e-06,2.425236110991455e-07,-,0
2026-08-04 11:42:00+00:00,1.8343438737100993e-07,1e-10,-,0
2026-08-04 11:43:00+00:00,6.014954700985138e-07,1e-10,-,0
2026-08-04 11:44:00+00:00,1e-10,4.977200144869067e-07,-,0
2026-08-04 11:45:00+00:00,1e-10,1e-10,-,0
2026-08-04 11:46:00+00:00,1e-10,1e-10,-,0
2026-08-04 11:47:00+00:00,1e-10,1e-10,-,0
2026-08-04 11:48:00+00:00,1e-10,1.9743326139559037e-06,-,0
2026-08-04 11:49:00+00:00,1e-10,1e-10,-,0
2026-08-04 11:50:00+00:00,7.321604775583136e-07,1.2351291382755075e-06,-,0
2026-08-04 11:51:00+00:00,1e-10,1e-10,-,0
2026-08-04 11:52:00+00:00,1e-10,1.3257260995294703e-06,-,0
2026-08-04 11:53:00+00:00,1e-10,8.743703136070632e-07,-,0
2026-08-04 11:54:00+00:00,2.4126318334576597e-06,1.0005471699261006e-06,-,0
2026-08-04 11:55:00+00:00,5.930700963598162e-07,1e-10,-,0
2026-08-04 11:55:00+00:00,5.930700963598162e-07,1e-10,-,0
2026-08-04 11:56:00+00:00,1e-10,4.089723652621183e-08,-,0
2026-08-04 11:57:00+00:00,5.215032475177573e-07,1e-10,-,0
2026-08-04 11:58:00+00:00,1e-10,1e-10,-,0
2026-08-04 11:59:00+00:00,4.579383535416209e-07,1e-10,-,0
2026-08-04 12:00:00+00:00,1.0049807403471684e-06,1e-10,-,0
2026-08-04 12:01:00+00:00,2.422254055318498e-07,1e-10,-,0
2026-08-04 12:02:00+00:00,1.579875838103915e-07,8.82606624295611e-07,-,0
2026-08-04 12:03:00+00:00,1.673357013009976e-06,1e-10,-,0
2026-08-04 12:04:00+00:00,6.253559674008286e-07,1e-10,-,0
2026-08-04 12:05:00+00:00,2.4346231307221216e-07,1.3470073274836401e-06,-,0
2026-08-04 12:06:00+00:00,7.380537578422601e-08,8.490315005780493e-08,-,0
2026-08-04 12:07:00+00:00,1e-10,1e-10,-,0
2026-08-04 12:08:00+00:00,1e-10,2.3317542450171228e-07,-,0
2026-08-04 12:09:00+00:00,7.702337412326658e-07,1e-10,-,0
2026-08-04 12:10:00+00:00,1.4413787514730802e-06,1e-10,-,0
2026-08-04 12:11:00+00:00,5.050919601090676e-07,4.2288415178220227e-07,-,0
2026-08-04 12:12:00+00:00,6.545206778350216e-07,7.292139971313876e-07,-,0
2026-08-04 12:13:00+00:00,1e-10,1e-10,-,0
2026-08-04 12:14:00+00:00,1e-10,1e-10,-,0
2026-08-04 12:15:00+00:00,1e-10,1e-10,-,0
2026-08-04 12:16:00+00:00,1e-10,1.7332746584724815e-06,-,0
2026-08-04 12:17:00+00:00,1.1145308568757675e-06,3.392510168916579e-07,-,0
2026-08-04 12:18:00+00:00,1e-10,1e-10,-,0
2026-08-04 12:19:00+00:00,1e-10,1.087193219227549e-06,-,0
2026-08-04 12:20:00+00:00,8.059454498414696e-07,1.1883357721133168e-06,-,0
2026-08-04 12:21:00+00:00,1.3649099795080753e-06,5.01432788492427e-07,-,0
2026-08-04 12:22:00+00:00,1e-10,1.084077204487462e-06,-,0
2026-08-04 12:23:00+00:00,1e-10,6.271255953012953e-07,-,0
2026-08-04 12:24:00+00:00,1e-10,6.052978385536113e-08,-,0
2026-08-04 12:25:00+00:00,1e-10,1.1146478757433487e-06,-,0
2026-08-04 12:26:00+00:00,1e-10,1e-10,-,0
2026-08-04 12:27:00+00:00,1e-10,1e-10,-,0
2026-08-04 12:28:00+00:00,1e-10,5.590079526751458e-07,-,0
2026-08-04 12:29:00+00:00,6.600690438240889e-08,1e-10,-,0
2026-08-04 12:30:00+00:00,1e-10,9.224574985893299e-07,-,0
2026-08-04 12:31:00+00:00,1e-10,2.851918454138983e-07,-,0
2026-08-04 12:32:00+00:00,5.044761535862677e-08,2.317945700420945e-06,-,0
2026-08-04 12:33:00+00:00,1.6287223289314383e-07,1e-10,-,0
2026-08-04 12:34:00+00:00,1e-10,1.0458035467639256e-06,-,0
2026-08-04 12:35:00+00:00,8.030622232009925e-07,1e-10,-,0
2026-08-04 12:36:00+00:00,8.294473984455975e-07,3.320565984710277e-07,-,0
2026-08-04 12:37:00+00:00,1e-10,8.176793335211541e-07,-,0
2026-08-04 12:38:00+00:00,1.88305543649994e-06,4.4636775600231203e-07,-,0
2026-08-04 12:39:00+00:00,5.308392880000805e-07,5.711784322097351e-07,-,0
2026-08-04 12:40:00+00:00,3.729791418234503e-07,4.765041582276344e-07,-,0
2026-08-04 12:41:00+00:00,7.832434489614348e-07,1e-10,-,0
2026-08-04 12:42:00+00:00,1e-10,9.62930803659859e-07,-,0
2026-08-04 12:43:00+00:00,1e-10,1.0223874797296506e-06,-,0
2026-08-04 12:44:00+00:00,7.156243664954129e-07,1e-10,-,0
2026-08-04 12:45:00+00:00,1e-10,1e-10,-,0
2026-08-04 12:46:00+00:00,1e-10,3.135060697674678e-07,-,0
2026-08-04 12:47:00+00:00,6.939293814177254e-07,2.423115429790835e-07,-,0
2026-08-04 12:48:00+00:00,3.673416298170746e-07,1e-10,-,0
2026-08-04 12:49:00+00:00,4.884365749050232e-08,2.6213820072991473e-07,-,0
2026-08-04 12:50:00+00:00,9.792351022365763e-08,1e-10,-,0
2026-08-04 12:51:00+00:00,1e-10,1e-10,-,0
2026-08-04 12:52:00+00:00,9.71481121749222e-07,4.448833253067356e-07,-,0
2026-08-04 12:53:00+00:00,2.3392555029963436e-06,1e-10,-,0
2026-08-04 12:54:00+00:00,3.520338439746995e-07,1.4453059996678522e-06,-,0
2026-08-04 12:55:00+00:00,1.4490833556179028e-06,8.835668345125552e-07,-,0
2026-08-04 12:56:00+00:00,1e-10,2.814691180566769e-07,-,0
2026-08-04 12:57:00+00:00,1e-10,1.559367664104728e-06,-,0
2026-08-04 12:58:00+00:00,1e-10,1.0826337597245134e-06,-,0
2026-08-04 12:59:00+00:00,1e-10,1e-10,-,0
2026-08-04 13:00:00+00:00,1e-10,1.136036234851353e-06,-,0
2026-08-04 13:01:00+00:00,1.0103753001708614e-06,1e-10,-,0
2026-08-04 13:02:00+00:00,1.136076484369091e-06,1.0327748238551589e-06,-,0
2026-08-04 13:03:00+00:00,1e-10,1e-10,-,0
2026-08-04 13:04:00+00:00,1e-10,1e-10,-,0
2026-08-04 13:05:00+00:00,2.7347284259874325e-08,4.816272753366992e-07,-,0
2026-08-04 13:06:00+00:00,2.880467043102807e-07,1e-10,-,0
2026-08-04 13:07:00+00:00,6.775199036040347e-07,1.2116843146909958e-06,-,0
2026-08-04 13:08:00+00:00,1e-10,1.464615951051234e-06,-,0
2026-08-04 13:09:00+00:00,1e-10,1e-10,-,0
2026-08-04 13:10:00+00:00,1.5263943770740745e-06,4.640233707440711e-09,-,0
2026-08-04 13:11:00+00:00,1e-10,7.317849209988624e-07,-,0
2026-08-04 13:12:00+00:00,1e-10,1.4568580871898027e-07,-,0
2026-08-04 13:13:00+00:00,1e-10,1.6862473730417288e-07,-,0
2026-08-04 13:14:00+00:00,1.154834363213485e-07,3.066215309613349e-07,-,0
2026-08-04 13:15:00+00:00,1e-10,1e-10,-,0
2026-08-04 13:16:00+00:00,1.0275340647074498e-07,1.7890116648944453e-06,M,1
2026-08-04 13:17:00+00:00,1.1891010081776332e-06,7.444033174705201e-07,M,1
2026-08-04 13:18:00+00:00,3.2793260797005695e-06,1e-10,M,1
2026-08-04 13:19:00+00:00,7.791515141399879e-07,1e-10,M,1
2026-08-04 13:20:00+00:00,2.5275262472668446e-06,9.724887678370384e-07,M,1
2026-08-04 13:21:00+00:00,2.3279723437488687e-06,2.9811877689660304e-07,M,1
2026-08-04 13:22:00+00:00,4.179238113762926e-06,4.1233766040583157e-07,M,1
2026-08-04 13:23:00+00:00,2.6810379903441395e-06,6.240945789470487e-07,M,1
2026-08-04 13:24:00+00:00,5.764099009428756e-06,2.597760708101004e-07,M,1
2026-08-04 13:25:00+00:00,7.136959151776899e-06,1e-10,M,1
2026-08-04 13:26:00+00:00,8.508920359834796e-06,1e-10,M,1
2026-08-04 13:27:00+00:00,1.0236253141321105e-05,6.29993869772591e-07,M,1
2026-08-04 13:28:00+00:00,1.075420775297661e-05,7.258033266253161e-07,M,1
2026-08-04 13:29:00+00:00,1.223288247910255e-05,1e-10,M,1
2026-08-04 13:30:00+00:00,1.454785030072012e-05,1e-10,M,1
2026-08-04 13:31:00+00:00,1.3974936553893737e-05,1.3318075845505622e-06,M,1
2026-08-04 13:32:00+00:00,2.155779078120842e-05,1.6930949855163026e-06,M,1
2026-08-04 13:33:00+00:00,2.107559815432514e-05,7.333891521091e-07,M,1
2026-08-04 13:34:00+00:00,2.361004689678884e-05,2.1803460488962484e-06,M,1
2026-08-04 13:35:00+00:00,3.034928434330468e-05,2.95661178024112e-06,M,1
2026-08-04 13:36:00+00:00,3.0709068685704e-05,6.8923618242065006e-06,M,1
2026-08-04 13:37:00+00:00,3.9241144338323804e-05,1.2331766750372005e-05,M,1
2026-08-04 13:38:00+00:00,3.833820767881453e-05,2.3806514427841832e-05,M,1
2026-08-04 13:39:00+00:00,4.432382727776316e-05,3.6655073933150435e-05,M,1
2026-08-04 13:40:00+00:00,4.105384481207566e-05,5.289457501747892e-05,M,2
2026-08-04 13:41:00+00:00,4.5652189880992456e-05,7.010962082402983e-05,M,2
2026-08-04 13:42:00+00:00,4.6658298153283705e-05,9.224047660725613e-05,M,2
2026-08-04 13:43:00+00:00,4.985051931568932e-05,0.0001010031393178362,M,2
2026-08-04 13:44:00+00:00,5.1340589771823995e-05,8.277858163669019e-05,M,2
2026-08-04 13:45:00+00:00,5.2820347437112005e-05,7.960589673853694e-05,M,2
2026-08-04 13:46:00+00:00,5.329587942546276e-05,7.273054992742543e-05,M,2
2026-08-04 13:47:00+00:00,4.079716675495585e-05,6.028595578563346e-05,M,2
2026-08-04 13:48:00+00:00,4.645390189299358e-05,5.4827739634294304e-05,M,2
2026-08-04 13:49:00+00:00,4.4335664215210714e-05,5.511297722400502e-05,M,2
2026-08-04 13:50:00+00:00,4.533127204334018e-05,5.3884748305101844e-05,M,2
2026-08-04 13:51:00+00:00,4.3184560412101645e-05,4.655758223262312e-05,M,2
2026-08-04 13:52:00+00:00,4.656834749661265e-05,4.166644058326903e-05,M,2
2026-08-04 13:53:00+00:00,4.21541470213772e-05,4.058480236469072e-05,M,2
2026-08-04 13:54:00+00:00,4.153078064224658e-05,2.8577885836886186e-05,M,2
2026-08-04 13:55:00+00:00,3.6628266337364797e-05,3.107949066149952e-05,M,2
2026-08-04 13:56:00+00:00,4.37491664972066e-05,2.9439773061207626e-05,M,3
2026-08-04 13:57:00+00:00,3.68647443404746e-05,2.3445561266876637e-05,M,3
2026-08-04 13:58:00+00:00,3.707654651487518e-05,2.0206099199209125e-05,M,3
2026-08-04 13:59:00+00:00,3.946979095354941e-05,1.8484924969662456e-05,M,3
2026-08-04 14:00:00+00:00,3.474089214297837e-05,1.9330183102009174e-05,M,3
2026-08-04 14:01:00+00:00,3.346997457459666e-05,1.6638522789003435e-05,M,3
2026-08-04 14:02:00+00:00,3.226712549449564e-05,1.567334467316803e-05,M,3
2026-08-04 14:03:00+00:00,2.6549617474087584e-05,1.2440898868595963e-05,M,3
2026-08-04 14:04:00+00:00,2.803362977595737e-05,1.3260773504626346e-05,M,3
2026-08-04 14:05:00+00:00,3.10350773612767e-05,1.0630939517993799e-05,M,3
2026-08-04 14:06:00+00:00,2.761868751914379e-05,9.74169514259092e-06,M,3
2026-08-04 14:07:00+00:00,2.779557508297849e-05,8.053456785660145e-06,M,3
2026-08-04 14:08:00+00:00,2.584104019092949e-05,8.491414523988806e-06,M,3
2026-08-04 14:09:00+00:00,2.898634065907467e-05,9.160688060217738e-06,M,3
2026-08-04 14:10:00+00:00,2.088235535328966e-05,6.02805960928881e-06,M,3
2026-08-04 14:11:00+00:00,2.4773831900207454e-05,7.786277503578081e-06,M,3
2026-08-04 14:12:00+00:00,2.4325643006823156e-05,4.32981984644795e-06,M,3
2026-08-04 14:13:00+00:00,2.5319056765595164e-05,4.170292844695441e-06,M,3
2026-08-04 14:14:00+00:00,2.316882369609792e-05,4.558787675379846e-06,M,3
2026-08-04 14:15:00+00:00,2.1620809896747814e-05,3.6386651021682832e-06,M,3
2026-08-04 14:16:00+00:00,2.182959900443967e-05,3.6596866668793235e-06,M,3
2026-08-04 14:17:00+00:00,2.414955086424305e-05,4.612493047365813e-06,M,3
2026-08-04 14:18:00+00:00,2.156607627720112e-05,2.80992865130095e-06,M,3
2026-08-04 14:19:00+00:00,2.2843592485185813e-05,3.1828655813390987e-06,M,3
2026-08-04 14:20:00+00:00,2.1942730888641636e-05,4.461233605500453e-06,M,3
2026-08-04 14:21:00+00:00,1.891074110690196e-05,2.148044250172006e-06,M,3
2026-08-04 14:22:00+00:00,1.769202528282048e-05,1.4979351595244422e-06,M,3
2026-08-04 14:23:00+00:00,1.7705088961445894e-05,1.2878670640090443e-06,M,3
2026-08-04 14:24:00+00:00,1.884200000370871e-05,3.088293868225077e-06,M,3
2026-08-04 14:25:00+00:00,1.615391304171783e-05,1.1293779315323255e-06,M,3
2026-08-04 14:26:00+00:00,1.6775552778239223e-05,1.5614425988534286e-06,M,3
2026-08-04 14:27:00+00:00,1.5538425485897118e-05,5.834914512933805e-07,M,3
2026-08-04 14:28:00+00:00,1.5255418456073026e-05,8.686678503734654e-07,M,3
2026-08-04 14:29:00+00:00,1.7327342421607283e-05,2.0390489101439694e-06,M,3
2026-08-04 14:30:00+00:00,1.4521050753320072e-05,1e-10,M,3
2026-08-04 14:31:00+00:00,1.4528713153774945e-05,1e-10,M,3
2026-08-04 14:32:00+00:00,1.4335723835169824e-05,2.2683146665116674e-07,M,3
2026-08-04 14:33:00+00:00,1.446442369599537e-05,2.2801610076302182e-07,M,3
2026-08-04 14:34:00+00:00,1.3448527472349697e-05,3.332750060014185e-07,M,3
2026-08-04 14:35:00+00:00,1.4025790013750902e-05,3.180143031665354e-07,M,3
2026-08-04 14:36:00+00:00,1.4918383875147346e-05,5.326533429741474e-07,M,3
2026-08-04 14:37:00+00:00,1.2889679513765465e-05,1.0662218751310617e-08,M,3
2026-08-04 14:38:00+00:00,1.2425960602018498e-05,1.9266455343015087e-06,M,3
2026-08-04 14:39:00+00:00,1.4245467924855344e-05,1.330129668984214e-06,M,3
2026-08-04 14:40:00+00:00,8.674104404282447e-06,2.438496191832682e-07,M,3
2026-08-04 14:41:00+00:00,1.131004110908413e-05,1.3411233862748233e-06,M,3
2026-08-04 14:42:00+00:00,1.0579073948412577e-05,1e-10,M,3
2026-08-04 14:43:00+00:00,1.052913186625886e-05,6.979677011407994e-07,M,3
2026-08-04 14:44:00+00:00,1.0704343516944558e-05,1.2345336110043777e-06,M,3
2026-08-04 14:45:00+00:00,1.1163466062614686e-05,1e-10,M,3
2026-08-04 14:46:00+00:00,8.913029227137331e-06,8.455224830646079e-07,M,3
2026-08-04 14:47:00+00:00,1.0109360583880069e-05,1e-10,M,3
2026-08-04 14:48:00+00:00,7.530253113072522e-06,5.912503853608232e-07,M,3
2026-08-04 14:49:00+00:00,8.248907132315983e-06,1e-10,M,3
2026-08-04 14:50:00+00:00,9.770347017833932e-06,1.1801033373852059e-06,M,3
2026-08-04 14:51:00+00:00,7.847735288548125e-06,1.6152768032701241e-07,M,3
2026-08-04 14:52:00+00:00,1.0253405349225146e-05,4.3046640219587254e-07,M,3
2026-08-04 14:53:00+00:00,1.1046764144157326e-05,7.4614501251598e-08,M,3
2026-08-04 14:54:00+00:00,6.652925322575051e-06,1.3439622244166269e-06,M,3
2026-08-04 14:55:00+00:00,4.5763416880333716e-06,4.0931475261302584e-07,M,3
2026-08-04 14:56:00+00:00,6.510364730378451e-06,1.172296225734357e-06,M,3
2026-08-04 14:57:00+00:00,6.224338329041173e-06,1e-10,M,3
2026-08-04 14:58:00+00:00,6.971376833416045e-06,7.486434872967914e-07,M,3
2026-08-04 14:59:00+00:00,6.499007667559371e-06,1.8660617821555935e-06,M,3
2026-08-04 15:00:00+00:00,5.045260228662036e-06,1.9079476694849213e-06,M,3
2026-08-04 15:01:00+00:00,9.519192753728741e-06,1e-10,M,3
2026-08-04 15:02:00+00:00,6.765419743732768e-06,2.890780868543096e-07,M,3
2026-08-04 15:03:00+00:00,8.126454653079662e-06,1e-10,M,3
2026-08-04 15:04:00+00:00,4.358024921248661e-06,1e-10,M,3
2026-08-04 15:05:00+00:00,7.586078448193202e-06,1e-10,M,3
2026-08-04 15:06:00+00:00,5.779686207361496e-06,7.620383681271516e-07,M,3
2026-08-04 15:07:00+00:00,4.853441892674081e-06,1e-10,M,3
2026-08-04 15:08:00+00:00,5.256727136251791e-06,1e-10,M,3
2026-08-04 15:09:00+00:00,3.6898832941002495e-06,6.722143869283843e-07,M,3
2026-08-04 15:10:00+00:00,4.8136573923616456e-06,1e-10,M,3
2026-08-04 15:11:00+00:00,5.915435517600004e-06,1e-10,M,3
2026-08-04 15:12:00+00:00,2.7628789753859128e-06,1e-10,M,3
2026-08-04 15:13:00+00:00,6.750076296710869e-06,1e-10,M,3
2026-08-04 15:14:00+00:00,5.097236590264514e-06,2.700924642371462e-07,M,3
2026-08-04 15:15:00+00:00,4.507645633621948e-06,2.785660274657261e-07,M,3
2026-08-04 15:16:00+00:00,5.263091846813971e-06,1e-10,M,3
2026-08-04 15:17:00+00:00,4.8365779301286505e-06,3.333964578980915e-07,M,3
2026-08-04 15:18:00+00:00,3.475912107076326e-06,1.527652599505367e-07,M,3
2026-08-04 15:19:00+00:00,3.306568448718231e-06,6.935849040882395e-08,M,3
2026-08-04 15:20:00+00:00,5.632705820661935e-06,1e-10,M,3
2026-08-04 15:21:00+00:00,2.1360573574232717e-06,5.565828667934326e-07,M,3
2026-08-04 15:22:00+00:00,3.0368626365957e-06,6.995373861583585e-07,M,3
2026-08-04 15:23:00+00:00,2.1564123234873905e-06,8.789708125739357e-07,M,3
2026-08-04 15:24:00+00:00,4.0112442161328666e-06,1.9961433156277858e-07,M,3
2026-08-04 15:25:00+00:00,3.333771142229196e-06,1.2225848045940376e-06,M,3
2026-08-04 15:26:00+00:00,1.8896946272642497e-06,5.675449206965489e-07,M,3
2026-08-04 15:27:00+00:00,2.254492219946114e-06,1e-10,M,3
2026-08-04 15:28:00+00:00,3.3270366866035723e-06,1e-10,M,3
2026-08-04 15:29:00+00:00,3.189486134451077e-06,1e-10,M,3
2026-08-04 15:30:00+00:00,8.138963285289536e-07,1e-10,M,3
2026-08-04 15:31:00+00:00,1.8882285185259565e-06,8.020553501615785e-07,M,3
2026-08-04 15:32:00+00:00,2.9958793705002114e-06,1e-10,M,3
2026-08-04 15:33:00+00:00,4.029588397837176e-06,7.923195826987147e-07,M,3
2026-08-04 15:34:00+00:00,3.4100174734609593e-06,2.102048032464986e-06,M,3
2026-08-04 15:35:00+00:00,2.018986931015331e-06,1.185282032259038e-06,M,3
2026-08-04 15:36:00+00:00,3.46344498243747e-06,1e-10,M,3
2026-08-04 15:37:00+00:00,1.971828665704191e-06,1e-10,M,3
2026-08-04 15:38:00+00:00,1e-10,6.568182034693577e-07,M,3
2026-08-04 15:39:00+00:00,3.878951249351723e-06,4.849664708563914e-07,M,3
2026-08-04 15:40:00+00:00,2.4415223191594074e-06,1.4994722449157766e-06,M,3
2026-08-04 15:41:00+00:00,2.383287548617422e-06,1e-10,M,3
2026-08-04 15:42:00+00:00,2.0417560246532227e-06,1e-10,M,3
2026-08-04 15:43:00+00:00,2.2994927545322733e-06,1e-10,M,3
2026-08-04 15:44:00+00:00,1.8354946715774947e-06,1.3445185196258425e-06,M,3
2026-08-04 15:45:00+00:00,1.5817778016098782e-06,1.9624448608871117e-07,M,3
2026-08-04 15:46:00+00:00,1.0742014537401627e-06,9.495389380431525e-07,M,3
2026-08-04 15:47:00+00:00,2.028381463549261e-06,1e-10,M,3
2026-08-04 15:48:00+00:00,5.966096080849244e-07,1e-10,M,3
2026-08-04 15:49:00+00:00,3.455730196726585e-07,7.525599890691777e-07,M,3
2026-08-04 15:50:00+00:00,1.858975080223092e-06,1e-10,M,3
2026-08-04 15:51:00+00:00,2.728579136498397e-06,5.648742345396451e-07,M,3
2026-08-04 15:52:00+00:00,8.043410877655799e-07,1.830583727565042e-06,M,3
2026-08-04 15:53:00+00:00,8.900036086895347e-07,1e-10,M,3
2026-08-04 15:54:00+00:00,1e-10,1e-10,M,3
2026-08-04 15:55:00+00:00,1e-10,1e-10,M,3
2026-08-04 15:56:00+00:00,1e-10,1e-10,M,3
2026-08-04 15:57:00+00:00,2.4946507961678928e-06,1e-10,M,3
2026-08-04 15:58:00+00:00,1e-10,2.4856710128902618e-06,M,3
2026-08-04 15:59:00+00:00,1.6995964913594237e-06,1e-10,M,3
2026-08-04 16:00:00+00:00,1.0174255866795966e-06,1e-10,M,3
2026-08-04 16:01:00+00:00,1.996237510991844e-06,1e-10,M,3
2026-08-04 16:02:00+00:00,2.477807558248593e-06,1e-10,M,3
2026-08-04 16:03:00+00:00,1.1428881533250497e-06,5.015574297971548e-07,M,3
2026-08-04 16:04:00+00:00,2.288821863564523e-06,1e-10,M,3
2026-08-04 16:05:00+00:00,2.6852140470878246e-06,1e-10,M,3
2026-08-04 16:06:00+00:00,2.44754784621229e-06,5.61763723792004e-08,M,3
2026-08-04 16:07:00+00:00,3.007380387416081e-07,6.622341393393588e-07,M,3
2026-08-04 16:08:00+00:00,1e-10,1e-10,M,3
2026-08-04 16:09:00+00:00,8.871437675716754e-07,1e-10,M,3
2026-08-04 16:10:00+00:00,1.1524632603119922e-06,1e-10,-,0
2026-08-04 16:11:00+00:00,1e-10,5.749039152641517e-07,-,0
2026-08-04 16:12:00+00:00,1.0312483256249996e-06,4.487700677972977e-08,-,0
2026-08-04 16:13:00+00:00,1e-10,1.610007535402145e-08,-,0
2026-08-04 16:14:00+00:00,2.52700376916162e-06,1e-10,-,0
2026-08-04 16:15:00+00:00,1.2764535631602832e-06,9.128578840978912e-07,-,0
2026-08-04 16:16:00+00:00,1e-10,1e-10,-,0
2026-08-04 16:17:00+00:00,8.958661274426579e-07,9.988741721323366e-07,-,0
2026-08-04 16:18:00+00:00,9.86743608646738e-07,1e-10,-,0
2026-08-04 16:19:00+00:00,1.2997784213192577e-06,3.6921036533883045e-07,-,0
2026-08-04 16:20:00+00:00,7.500208029055711e-07,1e-10,-,0
2026-08-04 16:21:00+00:00,1.7713623795415822e-06,1.0800301913780903e-06,-,0
2026-08-04 16:22:00+00:00,1e-10,1e-10,-,0
2026-08-04 16:23:00+00:00,5.772957176952817e-07,3.4281778640115677e-07,-,0
2026-08-04 16:24:00+00:00,2.6760114826066977e-06,1e-10,-,0
2026-08-04 16:25:00+00:00,3.008829066494339e-07,1e-10,-,0
2026-08-04 16:26:00+00:00,9.055309410634372e-07,7.197735234921454e-07,-,0
2026-08-04 16:27:00+00:00,1e-10,1e-10,-,0
2026-08-04 16:28:00+00:00,2.9486696287626576e-06,5.282967217766593e-07,-,0
2026-08-04 16:29:00+00:00,8.798380213950426e-07,8.496871814506763e-07,-,0
2026-08-04 16:30:00+00:00,1e-10,1e-10,-,0
2026-08-04 16:31:00+00:00,1.7513329063428177e-06,5.38137507089865e-07,-,0
2026-08-04 16:32:00+00:00,1e-10,1.2623232074120718e-06,-,0
2026-08-04 16:33:00+00:00,1.3289987939238521e-06,1e-10,-,0
2026-08-04 16:34:00+00:00,1.6587085629285533e-06,1e-10,-,0
2026-08-04 16:35:00+00:00,2.7188759471994144e-06,1e-10,-,0
2026-08-04 16:36:00+00:00,7.538365920358212e-07,1e-10,-,0
2026-08-04 16:37:00+00:00,5.143546184742652e-07,1.1423066966858843e-06,-,0
2026-08-04 16:38:00+00:00,1e-10,1e-10,-,0
2026-08-04 16:39:00+00:00,1e-10,5.64581797969446e-07,-,0
2026-08-04 16:40:00+00:00,1e-10,1e-10,-,0
2026-08-04 16:41:00+00:00,2.3026201192807707e-07,1e-10,-,0
2026-08-04 16:42:00+00:00,1e-10,1.3972658357148918e-06,-,0
2026-08-04 16:43:00+00:00,1.2592515633768504e-06,1.5088017893832283e-06,-,0
2026-08-04 16:44:00+00:00,1e-10,1.7639149026705145e-07,-,0
2026-08-04 16:45:00+00:00,8.967721292916837e-07,1e-10,-,0
2026-08-04 16:46:00+00:00,2.8696570203384157e-07,1e-10,-,0
2026-08-04 16:47:00+00:00,1e-10,9.018545927658142e-07,-,0
2026-08-04 16:48:00+00:00,1e-10,1e-10,-,0
2026-08-04 16:49:00+00:00,6.361371254390214e-07,1.4505428421364755e-06,-,0
2026-08-04 16:50:00+00:00,1.8871412111907275e-06,1e-10,-,0
2026-08-04 16:51:00+00:00,1e-10,1e-10,-,0
2026-08-04 16:52:00+00:00,3.532877289504428e-07,1e-10,-,0
2026-08-04 16:53:00+00:00,8.508708805780814e-07,5.773366130436192e-07,-,0
2026-08-04 16:54:00+00:00,2.8408080512919364e-07,1e-10,-,0
2026-08-04 16:55:00+00:00,1e-10,1e-10,-,0
2026-08-04 16:56:00+00:00,8.335214996525385e-07,1.0929252181106038e-06,-,0
2026-08-04 16:57:00+00:00,1e-10,3.570177806618464e-07,-,0
2026-08-04 16:58:00+00:00,1e-10,3.7896862545165263e-07,-,0
2026-08-04 16:59:00+00:00,1e-10,1e-10,-,0
2026-08-04 17:00:00+00:00,1.1175782880790251e-07,1e-10,-,0
2026-08-04 17:01:00+00:00,1e-10,1e-10,-,0
2026-08-04 17:02:00+00:00,1e-10,1.1365944838331423e-06,-,0
2026-08-04 17:03:00+00:00,6.504435090367012e-07,4.775252216382347e-07,-,0
2026-08-04 17:04:00+00:00,2.2879720788459176e-07,1.4777564801503598e-07,-,0
2026-08-04 17:05:00+00:00,1.0526910231465209e-06,2.0442577711608697e-07,-,0
2026-08-04 17:06:00+00:00,1e-10,1.3606915043953722e-06,-,0
2026-08-04 17:07:00+00:00,1.475765759615342e-07,2.2588698358184113e-06,-,0
2026-08-04 17:08:00+00:00,1.1027536476255306e-06,9.73950700492989e-08,-,0
2026-08-04 17:09:00+00:00,1e-10,9.860974217070267e-08,-,0
2026-08-04 17:10:00+00:00,1e-10,4.5028723961503833e-07,-,0
2026-08-04 17:11:00+00:00,1.3198224656660645e-06,1.6287072277205036e-06,-,0
2026-08-04 17:12:00+00:00,2.1111976141446458e-07,8.716017009964318e-07,-,0
2026-08-04 17:13:00+00:00,1.4374824478645366e-08,4.513277138429787e-07,-,0
2026-08-04 17:14:00+00:00,1.3306541854827338e-07,8.688381731718815e-07,-,0
2026-08-04 17:15:00+00:00,1.5294153984375576e-06,4.7168246096008673e-07,-,0
2026-08-04 17:16:00+00:00,1.4035114637418555e-07,1e-10,-,0
2026-08-04 17:17:00+00:00,2.3382477992992686e-07,1.2015773263059366e-06,-,0
2026-08-04 17:18:00+00:00,1.4261032736448884e-07,1e-10,-,0
2026-08-04 17:19:00+00:00,1e-10,1e-10,-,0
2026-08-04 17:20:00+00:00,7.100344802935111e-07,1e-10,-,0
2026-08-04 17:21:00+00:00,1e-10,1e-10,-,0
2026-08-04 17:22:00+00:00,1e-10,2.7246981787826975e-07,-,0
2026-08-04 17:23:00+00:00,1e-10,1.5234831887104765e-06,-,0
2026-08-04 17:24:00+00:00,1e-10,1e-10,-,0
2026-08-04 17:25:00+00:00,1e-10,1.639009382320998e-06,-,0
2026-08-04 17:26:00+00:00,1e-10,1e-10,-,0
2026-08-04 17:27:00+00:00,1e-10,1e-10,-,0
2026-08-04 17:28:00+00:00,1.204421498886226e-06,1e-10,-,0
2026-08-04 17:29:00+00:00,9.489040806160142e-08,8.594825052854675e-07,-,0
2026-08-04 17:30:00+00:00,3.128243925145387e-07,1e-10,-,0
2026-08-04 17:31:00+00:00,1.4467405500277162e-06,1e-10,-,0
2026-08-04 17:32:00+00:00,1e-10,2.010822371316693e-06,-,0
2026-08-04 17:33:00+00:00,4.597365870294666e-07,1e-10,-,0
2026-08-04 17:34:00+00:00,3.7822160634222657e-07,1.666833095052876e-06,-,0
2026-08-04 17:35:00+00:00,9.438352677876269e-07,1.1583758587416537e-06,-,0
2026-08-04 17:36:00+00:00,1e-10,9.064279184683444e-07,-,0
2026-08-04 17:37:00+00:00,1e-10,1.4116623647185813e-06,-,0
2026-08-04 17:38:00+00:00,1e-10,1e-10,-,0
2026-08-04 17:39:00+00:00,1e-10,1e-10,-,0
2026-08-04 17:40:00+00:00,2.593684664911541e-06,5.842063455569232e-07,-,0
2026-08-04 17:41:00+00:00,1e-10,1e-10,-,0
2026-08-04 17:42:00+00:00,1.0573060691838194e-06,6.768409711506842e-07,-,0
2026-08-04 17:43:00+00:00,8.126569857890378e-07,1.0130553716914072e-06,-,0
2026-08-04 17:44:00+00:00,1e-10,1e-10,-,0
2026-08-04 17:45:00+00:00,1e-10,1e-10,-,0
2026-08-04 17:46:00+00:00,9.558772751790792e-08,1e-10,-,0
2026-08-04 17:47:00+00:00,4.6860854461941484e-07,1.4235314725090471e-06,-,0
2026-08-04 17:48:00+00:00,3.962813004233654e-07,1e-10,-,0
2026-08-04 17:49:00+00:00,1.968566605892376e-06,2.0535776764070197e-06,-,0
2026-08-04 17:50:00+00:00,1.0403676273692477e-06,1e-10,-,0
2026-08-04 17:51:00+00:00,7.559633607576086e-07,1.8135611936164418e-06,-,0
2026-08-04 17:52:00+00:00,1.099612904763742e-06,2.7332076856165e-07,-,0
2026-08-04 17:53:00+00:00,1.5266789895586043e-06,6.018157205776103e-07,-,0
2026-08-04 17:54:00+00:00,1e-10,6.482496381290903e-07,-,0
2026-08-04 17:55:00+00:00,1e-10,1e-10,-,0
2026-08-04 17:56:00+00:00,1e-10,1e-10,-,0
2026-08-04 17:57:00+00:00,1e-10,1e-10,-,0
2026-08-04 17:58:00+00:00,1e-10,1.3588247284626673e-06,-,0
2026-08-04 17:59:00+00:00,1.4099497054456772e-07,1e-10,-,0
2026-08-04 18:00:00+00:00,1e-10,1.5970438548731321e-06,-,0
2026-08-04 18:01:00+00:00,7.461414970792944e-07,2.038814178525745e-06,-,0
2026-08-04 18:02:00+00:00,3.667383587931024e-07,6.613252811484558e-07,-,0
2026-08-04 18:03:00+00:00,4.3045628956711184e-07,2.2192954308906108e-07,-,0
2026-08-04 18:04:00+00:00,1e-10,1e-10,-,0
2026-08-04 18:05:00+00:00,1e-10,7.270685344451938e-07,-,0
2026-08-04 18:06:00+00:00,1e-10,1e-10,-,0
2026-08-04 18:07:00+00:00,6.629870935564946e-07,1.5812457521259823e-06,-,0
2026-08-04 18:08:00+00:00,2.155788756322538e-06,1e-10,-,0
2026-08-04 18:09:00+00:00,2.2958328811369468e-07,1e-10,-,0
2026-08-04 18:10:00+00:00,3.255617583589117e-07,1.0677430089730741e-06,-,0
2026-08-04 18:11:00+00:00,1e-10,1.9530234938216158e-06,-,0
2026-08-04 18:12:00+00:00,1e-10,8.402503826019429e-07,-,0
2026-08-04 18:13:00+00:00,1.4454466117301021e-06,1.4613431720875377e-06,-,0
2026-08-04 18:14:00+00:00,1.317210232606293e-07,2.415781922673833e-07,-,0
2026-08-04 18:15:00+00:00,7.387632515939789e-07,1.945612352057185e-06,-,0
2026-08-04 18:16:00+00:00,1.4706113572681759e-06,3.2085777045660607e-07,-,0
2026-08-04 18:17:00+00:00,1.248493416544925e-06,6.29698058703173e-07,-,0
2026-08-04 18:18:00+00:00,6.688603969114219e-08,2.9434004548131237e-07,-,0
2026-08-04 18:19:00+00:00,1.487516269172823e-07,1e-10,-,0
2026-08-04 18:20:00+00:00,1e-10,5.439385748558136e-07,-,0
2026-08-04 18:21:00+00:00,5.817341616205492e-07,3.4979888927942787e-07,-,0
2026-08-04 18:22:00+00:00,1e-10,5.774176774889684e-07,-,0
2026-08-04 18:23:00+00:00,4.1775515113031537e-07,1e-10,-,0
2026-08-04 18:24:00+00:00,1.1817092117473549e-06,1e-10,-,0
2026-08-04 18:25:00+00:00,1e-10,1e-10,-,0
2026-08-04 18:26:00+00:00,1e-10,1e-10,-,0
2026-08-04 18:27:00+00:00,1e-10,1e-10,-,0
2026-08-04 18:28:00+00:00,7.724764895101991e-07,8.565898825508723e-07,-,0
2026-08-04 18:29:00+00:00,3.5049176890017587e-07,4.19333523414259e-07,-,0
2026-08-04 18:30:00+00:00,1e-10,1.15643901518614e-06,-,0
2026-08-04 18:31:00+00:00,1.0234217507501243e-06,1.0792037302775909e-06,-,0
2026-08-04 18:32:00+00:00,2.1440660031267063e-06,1.169478447076699e-06,-,0
2026-08-04 18:33:00+00:00,1e-10,1.105226034291812e-07,-,0
2026-08-04 18:34:00+00:00,1e-10,1.5699977300118752e-06,-,0
2026-08-04 18:35:00+00:00,5.968129234517245e-08,1e-10,-,0
2026-08-04 18:36:00+00:00,1e-10,1.5120060342675101e-06,-,0
2026-08-04 18:37:00+00:00,1.35729612517544e-06,1.0512582754833976e-06,-,0
2026-08-04 18:38:00+00:00,3.44209849755705e-07,7.888287917056218e-07,-,0
2026-08-04 18:39:00+00:00,1e-10,3.814173990472845e-08,-,0
2026-08-04 18:40:00+00:00,1e-10,1e-10,-,0
2026-08-04 18:41:00+00:00,1e-10,5.716128845963321e-08,-,0
2026-08-04 18:42:00+00:00,1.544779010036729e-06,1e-10,-,0
2026-08-04 18:43:00+00:00,7.250179320342414e-07,1.2157911979018243e-06,-,0
2026-08-04 18:44:00+00:00,1e-10,1e-10,-,0
2026-08-04 18:45:00+00:00,1.5215802874901197e-07,1e-10,-,0
2026-08-04 18:46:00+00:00,1e-10,1e-10,-,0
2026-08-04 18:47:00+00:00,1e-10,1e-10,-,0
2026-08-04 18:48:00+00:00,1e-10,2.977810248203535e-06,-,0
2026-08-04 18:49:00+00:00,1e-10,1e-10,-,0
2026-08-04 18:50:00+00:00,1e-10,1.1871811151784506e-06,-,0
2026-08-04 18:51:00+00:00,1.8453148150913704e-08,1e-10,-,0
2026-08-04 18:52:00+00:00,1.9080131050357996e-06,1e-10,-,0
2026-08-04 18:53:00+00:00,1e-10,1e-10,-,0
2026-08-04 18:54:00+00:00,1e-10,8.732020232443966e-08,-,0
2026-08-04 18:55:00+00:00,8.898197585523435e-08,1e-10,-,0
2026-08-04 18:56:00+00:00,1e-10,9.159543918920852e-09,-,0
2026-08-04 18:57:00+00:00,2.0505915950673302e-07,1e-10,-,0
2026-08-04 18:58:00+00:00,1e-10,1.3706530513760135e-06,-,0
2026-08-04 18:59:00+00:00,2.818002298659726e-07,2.2602695225644373e-06,-,0
2026-08-04 19:00:00+00:00,1e-10,1.18245112276985e-06,-,0
2026-08-04 19:01:00+00:00,1e-10,1e-10,-,0
2026-08-04 19:02:00+00:00,7.242665451862046e-07,5.119779121608267e-07,-,0
2026-08-04 19:03:00+00:00,8.419878988828637e-07,1e-10,-,0
2026-08-04 19:04:00+00:00,2.2807818809291064e-06,1e-10,-,0
2026-08-04 19:05:00+00:00,8.021202999011422e-07,8.052283853765499e-07,-,0
2026-08-04 19:06:00+00:00,1e-10,1.314144761946177e-07,-,0
2026-08-04 19:07:00+00:00,1e-10,1.406461644133047e-07,-,0
2026-08-04 19:08:00+00:00,4.124705774443251e-07,6.431667067260973e-08,-,0
2026-08-04 19:09:00+00:00,1.6477454766892063e-06,1e-10,-,0
2026-08-04 19:10:00+00:00,9.792378829786696e-07,1e-10,-,0
2026-08-04 19:11:00+00:00,1e-10,1e-10,-,0
2026-08-04 19:12:00+00:00,5.313401963736784e-07,1e-10,-,0
2026-08-04 19:13:00+00:00,2.777215224544581e-07,4.6954897332203097e-07,-,0
2026-08-04 19:14:00+00:00,1.1933853862352676e-06,9.981337623767273e-07,-,0
2026-08-04 19:15:00+00:00,3.6155083147387565e-07,1e-10,-,0
2026-08-04 19:16:00+00:00,3.239830135370906e-07,2.0322231103331172e-07,-,0
2026-08-04 19:17:00+00:00,1e-10,1.0323778200895706e-06,-,0
2026-08-04 19:18:00+00:00,9.078632699591342e-07,1e-10,-,0
2026-08-04 19:19:00+00:00,1e-10,4.877097815935577e-07,-,0
2026-08-04 19:20:00+00:00,1.291168351566269e-07,2.488951421964411e-07,-,0
2026-08-04 19:21:00+00:00,1e-10,1e-10,-,0
2026-08-04 19:22:00+00:00,1e-10,1e-10,-,0
2026-08-04 19:23:00+00:00,6.771643342519382e-07,1e-10,-,0
2026-08-04 19:24:00+00:00,2.835443533698576e-08,1.167016512274054e-06,-,0
2026-08-04 19:25:00+00:00,1e-10,1e-10,-,0
2026-08-04 19:26:00+00:00,1e-10,1.9891168509738775e-06,-,0
2026-08-04 19:27:00+00:00,1e-10,1e-10,-,0
2026-08-04 19:28:00+00:00,1.4227280980198803e-06,1e-10,-,0
2026-08-04 19:29:00+00:00,1e-10,1e-10,-,0
2026-08-04 19:30:00+00:00,2.1519670405232882e-06,1e-10,-,0
2026-08-04 19:31:00+00:00,9.7895693363826e-07,1e-10,-,0
2026-08-04 19:32:00+00:00,1e-10,1.1666495726582235e-07,-,0
2026-08-04 19:33:00+00:00,1e-10,1e-10,-,0
2026-08-04 19:34:00+00:00,1e-10,1e-10,-,0
2026-08-04 19:35:00+00:00,3.8140697838036705e-07,6.572579384373387e-08,-,0
2026-08-04 19:36:00+00:00,1e-10,8.728328803068955e-08,-,0
2026-08-04 19:37:00+00:00,1e-10,5.612375630172123e-07,-,0
2026-08-04 19:38:00+00:00,1e-10,2.6285148033814135e-07,-,0
2026-08-04 19:39:00+00:00,8.180973997977234e-07,1e-10,-,0
2026-08-04 19:40:00+00:00,2.174868844457339e-07,6.424024609054436e-07,-,0
2026-08-04 19:41:00+00:00,1e-10,1.0183682166219765e-06,-,0
2026-08-04 19:42:00+00:00,1e-10,7.582560698339433e-08,-,0
2026-08-04 19:43:00+00:00,1e-10,5.707968479166563e-07,-,0
2026-08-04 19:44:00+00:00,3.7754834616179073e-07,1e-10,-,0
2026-08-04 19:45:00+00:00,1e-10,1e-10,-,0
2026-08-04 19:46:00+00:00,1.02836956177819e-06,1.6088096830531814e-06,-,0
2026-08-04 19:47:00+00:00,2.2062652485570715e-07,1e-10,-,0
2026-08-04 19:48:00+00:00,1e-10,5.6629458292882e-07,-,0
2026-08-04 19:49:00+00:00,6.835450191329253e-07,2.6479580918622303e-07,-,0
2026-08-04 19:50:00+00:00,4.5946113222610336e-07,1e-10,-,0
2026-08-04 19:51:00+00:00,1e-10,5.087071301448761e-07,-,0
2026-08-04 19:52:00+00:00,1.4815550738082068e-06,1e-10,-,0
2026-08-04 19:53:00+00:00,1e-10,1e-10,-,0
2026-08-04 19:54:00+00:00,1.2334333288516869e-06,1e-10,-,0
2026-08-04 19:55:00+00:00,1e-10,1e-10,-,0
2026-08-04 19:56:00+00:00,1.1261096519011398e-06,1e-10,-,0
2026-08-04 19:57:00+00:00,1.624870317626443e-06,1e-10,-,0
2026-08-04 19:58:00+00:00,1e-10,7.786992221412404e-08,-,0
2026-08-04 19:59:00+00:00,1e-10,1e-10,-,0
2026-08-04 20:00:00+00:00,3.777354311316545e-07,1e-10,-,0
2026-08-04 20:01:00+00:00,1e-10,2.869573534227672e-06,-,0
2026-08-04 20:02:00+00:00,1e-10,8.120312464982521e-07,-,0
2026-08-04 20:03:00+00:00,1e-10,1e-10,-,0
2026-08-04 20:04:00+00:00,1e-10,2.860862786144113e-07,-,0
2026-08-04 20:05:00+00:00,1e-10,3.293994790181329e-07,-,0
2026-08-04 20:06:00+00:00,8.634204622608411e-07,3.924617486023793e-06,-,0
2026-08-04 20:07:00+00:00,7.812877062147163e-07,3.831767315389006e-07,-,0
2026-08-04 20:08:00+00:00,1e-10,2.358321339686427e-06,-,0
2026-08-04 20:09:00+00:00,9.91479020409597e-08,1e-10,-,0
2026-08-04 20:10:00+00:00,1e-10,1e-10,-,0
2026-08-04 20:11:00+00:00,1e-10,1e-10,-,0
2026-08-04 20:12:00+00:00,1e-10,9.909494868241953e-07,-,0
2026-08-04 20:13:00+00:00,1.0925825403433392e-06,1e-10,-,0
2026-08-04 20:14:00+00:00,1.3540623835549225e-06,1e-10,-,0
2026-08-04 20:15:00+00:00,1e-10,5.795757014622825e-07,-,0
2026-08-04 20:16:00+00:00,1.2662601881798177e-06,1e-10,-,0
2026-08-04 20:17:00+00:00,1e-10,1.7573114895760816e-07,-,0
2026-08-04 20:18:00+00:00,1e-10,1e-10,-,0
2026-08-04 20:19:00+00:00,1e-10,1e-10,-,0
2026-08-04 20:20:00+00:00,1e-10,1.4397060324310748e-06,-,0
2026-08-04 20:21:00+00:00,1e-10,1.2995827533205082e-06,-,0
2026-08-04 20:22:00+00:00,1.676345794474789e-07,1e-10,-,0
2026-08-04 20:23:00+00:00,8.870264032987576e-07,1.2382406282224945e-07,-,0
2026-08-04 20:24:00+00:00,1e-10,1e-10,-,0
2026-08-04 20:25:00+00:00,1.7148364847061822e-07,1e-10,-,0
2026-08-04 20:26:00+00:00,1.0991740948131968e-06,2.711470774860228e-06,-,0
2026-08-04 20:27:00+00:00,1e-10,2.0075058352948923e-06,-,0
2026-08-04 20:28:00+00:00,1e-10,3.2153568323864615e-07,-,0
2026-08-04 20:29:00+00:00,1e-10,1e-10,-,0
2026-08-04 20:30:00+00:00,2.246672756097724e-06,5.906202381793162e-07,-,0
2026-08-04 20:31:00+00:00,1.6795194901732997e-06,1e-10,-,0
2026-08-04 20:32:00+00:00,1e-10,1e-10,-,0
2026-08-04 20:33:00+00:00,1.3354259583287173e-06,1e-10,-,0
2026-08-04 20:34:00+00:00,1e-10,2.1599934327200483e-06,-,0
2026-08-04 20:35:00+00:00,1e-10,1.721578570873027e-07,-,0
2026-08-04 20:36:00+00:00,1e-10,1.1205049603466153e-06,-,0
2026-08-04 20:37:00+00:00,1e-10,4.85071171932157e-07,-,0
2026-08-04 20:38:00+00:00,1e-10,4.5001111094906415e-07,-,0
2026-08-04 20:39:00+00:00,1e-10,7.534534497652249e-07,-,0
2026-08-04 20:40:00+00:00,5.018570662407341e-07,1e-10,-,0
2026-08-04 20:41:00+00:00,7.541760119056913e-07,1e-10,-,0
2026-08-04 20:42:00+00:00,1e-10,1.7939935050627988e-06,-,0
2026-08-04 20:43:00+00:00,1e-10,1e-10,-,0
2026-08-04 20:44:00+00:00,1e-10,3.33548646291059e-07,-,0
2026-08-04 20:45:00+00:00,1.7930111144991617e-06,2.036782508768396e-06,-,0
2026-08-04 20:46:00+00:00,7.263844861027823e-07,3.959000109932195e-07,-,0
2026-08-04 20:47:00+00:00,1.6042590389877292e-06,6.830152368827122e-07,-,0
2026-08-04 20:48:00+00:00,1.9959762862377247e-06,6.821484901053366e-07,-,0
2026-08-04 20:49:00+00:00,1e-10,1.314108638819867e-06,-,0
2026-08-04 20:50:00+00:00,9.368229292182966e-07,1.5266252695765465e-06,-,0
2026-08-04 20:51:00+00:00,1e-10,1e-10,-,0
2026-08-04 20:52:00+00:00,1.175284650962443e-06,1.4778304361875023e-06,-,0
2026-08-04 20:53:00+00:00,9.46481234460544e-07,1e-10,-,0
2026-08-04 20:54:00+00:00,1e-10,1e-10,-,0
2026-08-04 20:55:00+00:00,4.758336049179271e-07,1e-10,-,0
2026-08-04 20:56:00+00:00,1e-10,2.952920341831826e-07,-,0
2026-08-04 20:57:00+00:00,1e-10,1e-10,-,0
2026-08-04 20:58:00+00:00,1e-10,9.206593576079858e-08,-,0
2026-08-04 20:59:00+00:00,1.0386200900499437e-06,4.378645976811327e-09,-,0
2026-08-04 21:00:00+00:00,1e-10,3.3374983359123e-07,-,0
2026-08-04 21:01:00+00:00,1e-10,8.973038464283084e-07,-,0
2026-08-04 21:02:00+00:00,1e-10,1.322894725782273e-06,-,0
2026-08-04 21:03:00+00:00,1e-10,1.2989455175100155e-06,-,0
2026-08-04 21:04:00+00:00,4.834378387417817e-07,1.702300625887098e-06,-,0
2026-08-04 21:05:00+00:00,1.3529352072061838e-06,1e-10,-,0
2026-08-04 21:06:00+00:00,5.965694170100665e-07,1e-10,-,0
2026-08-04 21:07:00+00:00,6.765003417407414e-07,1e-10,-,0
2026-08-04 21:08:00+00:00,8.492498520937479e-07,1e-10,-,0
2026-08-04 21:09:00+00:00,9.338926986793443e-07,1e-10,-,0
2026-08-04 21:10:00+00:00,1.1733688168682046e-06,1e-10,-,0
2026-08-04 21:11:00+00:00,2.8019864496408045e-06,7.743323513353021e-07,-,0
2026-08-04 21:12:00+00:00,9.148478733503863e-07,1.3579668841879188e-06,-,0
2026-08-04 21:13:00+00:00,3.4681924423690076e-07,1e-10,-,0
2026-08-04 21:14:00+00:00,1e-10,1.213433368444699e-06,-,0
2026-08-04 21:15:00+00:00,3.7553242772794307e-07,1.4676470393874274e-08,-,0
2026-08-04 21:16:00+00:00,1.3053805955320515e-06,1e-10,-,0
2026-08-04 21:17:00+00:00,1e-10,1e-10,-,0
2026-08-04 21:18:00+00:00,1.425540234320298e-06,4.614528232508685e-07,-,0
2026-08-04 21:19:00+00:00,1e-10,1e-10,-,0
2026-08-04 21:20:00+00:00,1e-10,1e-10,-,0
2026-08-04 21:21:00+00:00,6.071733823139674e-07,1e-10,-,0
2026-08-04 21:22:00+00:00,1e-10,1e-10,-,0
2026-08-04 21:23:00+00:00,5.379478605478062e-07,2.714345005607422e-07,-,0
2026-08-04 21:24:00+00:00,1e-10,1e-10,-,0
2026-08-04 21:25:00+00:00,1.0029600790868212e-06,8.487265464595149e-07,-,0
2026-08-04 21:26:00+00:00,2.470048199582233e-07,1.639064187122553e-08,-,0
2026-08-04 21:27:00+00:00,2.802046300158979e-08,1e-10,-,0
2026-08-04 21:28:00+00:00,3.3490544505781547e-07,4.8761039023685614e-08,-,0
2026-08-04 21:29:00+00:00,6.604033791453158e-09,1e-10,-,0
2026-08-04 21:30:00+00:00,5.189901605769449e-07,1e-10,-,0
2026-08-04 21:31:00+00:00,1e-10,1e-10,-,0
2026-08-04 21:32:00+00:00,1e-10,1e-10,-,0
2026-08-04 21:33:00+00:00,1e-10,1e-10,-,0
2026-08-04 21:34:00+00:00,1.5427055806491779e-06,1e-10,-,0
2026-08-04 21:35:00+00:00,1e-10,1e-10,-,0
2026-08-04 21:36:00+00:00,1.821486241749172e-06,2.683079444538323e-07,-,0
2026-08-04 21:37:00+00:00,1e-10,1e-10,-,0
2026-08-04 21:38:00+00:00,1.3772262979380794e-06,1e-10,-,0
2026-08-04 21:39:00+00:00,1.1835914354594213e-06,1e-10,-,0
2026-08-04 21:40:00+00:00,1.0975123847527668e-06,1e-10,-,0
2026-08-04 21:41:00+00:00,8.28569334722632e-08,1.2583704715453967e-06,-,0
2026-08-04 21:42:00+00:00,1e-10,4.809529300906367e-07,-,0
2026-08-04 21:43:00+00:00,1e-10,1.107423017303938e-06,-,0
2026-08-04 21:44:00+00:00,1e-10,1e-10,-,0
2026-08-04 21:45:00+00:00,1e-10,9.997358652304892e-07,-,0
2026-08-04 21:46:00+00:00,1e-10,1e-10,-,0
2026-08-04 21:47:00+00:00,1e-10,1e-10,-,0
2026-08-04 21:48:00+00:00,1e-10,1e-10,-,0
2026-08-04 21:49:00+00:00,1e-10,6.694567716582056e-07,-,0
2026-08-04 21:50:00+00:00,1.7052614974876724e-07,1.9250666736011237e-06,-,0
2026-08-04 21:51:00+00:00,1e-10,3.9631038276097497e-07,-,0
2026-08-04 21:52:00+00:00,1e-10,1e-10,-,0
2026-08-04 21:53:00+00:00,2.0731462123684346e-07,1e-10,-,0
2026-08-04 21:54:00+00:00,1.1511209340731345e-06,3.421394015483975e-06,-,0
2026-08-04 21:55:00+00:00,1.1964749824547205e-06,9.212678254429145e-07,-,0
2026-08-04 21:56:00+00:00,3.6824142624423327e-07,1e-10,-,0
2026-08-04 21:57:00+00:00,1e-10,1.0330569265938937e-06,-,0
2026-08-04 21:58:00+00:00,4.241387581603775e-07,1.445831627851438e-07,-,0
2026-08-04 21:59:00+00:00,2.023147928175817e-06,2.9383435218883026e-06,-,0
2026-08-04 22:00:00+00:00,5.87460629738064e-07,8.40356620198722e-08,-,0
2026-08-04 22:01:00+00:00,3.1993694813120084e-07,1e-10,-,0
2026-08-04 22:02:00+00:00,1.2176829718929088e-06,1e-10,-,0
2026-08-04 22:03:00+00:00,8.475572889794163e-08,1e-10,-,0
2026-08-04 22:04:00+00:00,1e-10,1e-10,-,0
2026-08-04 22:05:00+00:00,5.405904350246241e-07,1e-10,-,0
2026-08-04 22:06:00+00:00,2.188157598510101e-07,1e-10,-,0
2026-08-04 22:07:00+00:00,1e-10,8.65793396927026e-07,-,0
2026-08-04 22:08:00+00:00,6.311793955552547e-07,1e-10,-,0
2026-08-04 22:09:00+00:00,1e-10,1e-10,-,0
2026-08-04 22:10:00+00:00,1e-10,1e-10,-,0
2026-08-04 22:11:00+00:00,1e-10,7.941199668294119e-07,-,0
2026-08-04 22:12:00+00:00,1e-10,1.803361971330316e-06,-,0
2026-08-04 22:13:00+00:00,1e-10,1e-10,-,0
2026-08-04 22:14:00+00:00,1e-10,1e-10,-,0
2026-08-04 22:15:00+00:00,1.8863468460829952e-06,1e-10,-,0
2026-08-04 22:16:00+00:00,5.272795304266382e-07,9.211384523886093e-07,-,0
2026-08-04 22:17:00+00:00,1e-10,1.169526026330328e-06,-,0
2026-08-04 22:18:00+00:00,1e-10,1.790654081827959e-07,-,0
2026-08-04 22:19:00+00:00,1e-10,1e-10,-,0
2026-08-04 22:20:00+00:00,1e-10,4.4246978163651616e-07,-,0
2026-08-04 22:21:00+00:00,1e-10,2.671517364302412e-07,-,0
2026-08-04 22:22:00+00:00,2.8465199353528745e-06,3.792857076586106e-07,-,0
2026-08-04 22:23:00+00:00,1e-10,1e-10,-,0
2026-08-04 22:24:00+00:00,8.416882016637037e-08,1e-10,-,0
2026-08-04 22:25:00+00:00,1e-10,1e-10,-,0
2026-08-04 22:26:00+00:00,1e-10,1.2931736843051847e-06,-,0
2026-08-04 22:27:00+00:00,1e-10,1.3285723780440854e-06,-,0
2026-08-04 22:28:00+00:00,1e-10,1e-10,-,0
2026-08-04 22:29:00+00:00,2.287448140600497e-07,1e-10,-,0
2026-08-04 22:30:00+00:00,8.156738490699283e-07,1e-10,-,0
2026-08-04 22:31:00+00:00,5.615410071070086e-07,1.0207655201532946e-06,-,0
2026-08-04 22:32:00+00:00,1.379513115887079e-06,1.0288361692577267e-07,-,0
2026-08-04 22:33:00+00:00,1e-10,1.7288302008238617e-06,-,0
2026-08-04 22:34:00+00:00,1e-10,1e-10,-,0
2026-08-04 22:35:00+00:00,2.7999052530365393e-06,1e-10,-,0
2026-08-04 22:36:00+00:00,1.2057411342271186e-06,1e-10,-,0
2026-08-04 22:37:00+00:00,1e-10,1e-10,-,0
2026-08-04 22:38:00+00:00,1.285261866391301e-07,1.1813924982343924e-06,-,0
2026-08-04 22:39:00+00:00,1e-10,2.1541981404482465e-06,-,0
2026-08-04 22:40:00+00:00,1e-10,5.542421265788253e-07,-,0
2026-08-04 22:41:00+00:00,2.244391232506298e-06,1e-10,-,0
2026-08-04 22:42:00+00:00,1.0928135579672806e-06,2.924573488239108e-07,-,0
2026-08-04 22:43:00+00:00,1e-10,1e-10,-,0
2026-08-04 22:44:00+00:00,1e-10,1e-10,-,0
2026-08-04 22:45:00+00:00,2.7620914588702052e-08,1e-10,-,0
2026-08-04 22:46:00+00:00,1e-10,5.434233130052518e-07,-,0
2026-08-04 22:47:00+00:00,3.7609753454315065e-07,1e-10,-,0
2026-08-04 22:48:00+00:00,1e-10,9.226894534833205e-07,-,0
2026-08-04 22:49:00+00:00,1e-10,8.342824887546239e-07,-,0
2026-08-04 22:50:00+00:00,1e-10,1e-10,-,0
2026-08-04 22:51:00+00:00,1e-10,1.1396464967149074e-06,-,0
2026-08-04 22:52:00+00:00,8.114604623577035e-07,1e-10,-,0
2026-08-04 22:53:00+00:00,3.5977350147660844e-07,2.9483186750575016e-06,-,0
2026-08-04 22:54:00+00:00,1e-10,1e-10,-,0
2026-08-04 22:55:00+00:00,1.2874599982922254e-06,8.387498141809741e-07,-,0
2026-08-04 22:56:00+00:00,1.2064888023074309e-06,1.3949763033253457e-06,-,0
2026-08-04 22:57:00+00:00,2.9255559361967535e-08,2.075854235055905e-07,-,0
2026-08-04 22:58:00+00:00,1e-10,1e-10,-,0
2026-08-04 22:59:00+00:00,1.9810910677793663e-06,1e-10,-,0
2026-08-04 23:00:00+00:00,1.810264197527953e-06,1e-10,-,0
2026-08-04 23:01:00+00:00,1e-10,1.5992583168271023e-09,-,0
2026-08-04 23:02:00+00:00,1.3516286568630424e-06,8.904635196376782e-07,-,0
2026-08-04 23:03:00+00:00,1.936329543352392e-06,5.470866482851288e-07,-,0
2026-08-04 23:04:00+00:00,7.571457972613086e-07,6.894059452061163e-08,-,0
2026-08-04 23:05:00+00:00,1e-10,1e-10,-,0
2026-08-04 23:06:00+00:00,1e-10,1.9054071561229052e-06,-,0
2026-08-04 23:07:00+00:00,1.9252057254651766e-06,1e-10,-,0
2026-08-04 23:08:00+00:00,9.559880710174854e-07,1e-10,-,0
2026-08-04 23:09:00+00:00,6.375176956197165e-07,2.644233754848291e-07,-,0
2026-08-04 23:10:00+00:00,2.6121758645703626e-06,1e-10,-,0
2026-08-04 23:11:00+00:00,1e-10,1e-10,-,0
2026-08-04 23:12:00+00:00,1e-10,1e-10,-,0
2026-08-04 23:13:00+00:00,2.400489100386743e-07,1e-10,-,0
2026-08-04 23:14:00+00:00,1e-10,1.3695433474857874e-06,-,0
2026-08-04 23:15:00+00:00,1e-10,1e-10,-,0
2026-08-04 23:16:00+00:00,1.1385977559226446e-06,1e-10,-,0
2026-08-04 23:17:00+00:00,1e-10,1e-10,-,0
2026-08-04 23:18:00+00:00,1e-10,1e-10,-,0
2026-08-04 23:19:00+00:00,1e-10,9.354378322461348e-07,-,0
2026-08-04 23:20:00+00:00,1e-10,1e-10,-,0
2026-08-04 23:21:00+00:00,1e-10,1e-10,-,0
2026-08-04 23:22:00+00:00,1.0978935971838717e-06,1e-10,-,0
2026-08-04 23:23:00+00:00,1.3244699340200715e-06,8.818016581196644e-07,-,0
2026-08-04 23:24:00+00:00,1e-10,1e-10,-,0
2026-08-04 23:25:00+00:00,1e-10,1e-10,-,0
2026-08-04 23:26:00+00:00,1e-10,1e-10,-,0
2026-08-04 23:27:00+00:00,1e-10,1e-10,-,0
2026-08-04 23:28:00+00:00,1e-10,1.6223810782050813e-07,-,0
2026-08-04 23:29:00+00:00,1e-10,1e-10,-,0
2026-08-04 23:30:00+00:00,2.386562166680601e-06,5.797630863435913e-07,-,0
2026-08-04 23:31:00+00:00,1.7143111253449794e-07,6.13845625201311e-07,-,0
2026-08-04 23:32:00+00:00,1e-10,6.938911250785897e-07,-,0
2026-08-04 23:33:00+00:00,8.111085201958422e-07,5.722984933829493e-07,-,0
2026-08-04 23:34:00+00:00,1e-10,5.572979104044068e-07,-,0
2026-08-04 23:35:00+00:00,1e-10,1.0731125601493672e-06,-,0
2026-08-04 23:36:00+00:00,4.980515031198374e-07,4.0693322324136775e-07,-,0
2026-08-04 23:37:00+00:00,1.8160391423868946e-07,2.4597189291322874e-07,-,0
2026-08-04 23:38:00+00:00,1.1911455993380998e-06,1e-10,-,0
2026-08-04 23:39:00+00:00,1e-10,2.951347110166754e-07,-,0
2026-08-04 23:40:00+00:00,9.368746028102851e-07,5.871171236908197e-07,-,0
2026-08-04 23:41:00+00:00,1e-10,5.546669953111223e-07,-,0
2026-08-04 23:42:00+00:00,1e-10,1e-10,-,0
2026-08-04 23:43:00+00:00,1e-10,2.3762316025479726e-06,-,0
2026-08-04 23:44:00+00:00,1e-10,1.716358583202511e-06,-,0
2026-08-04 23:45:00+00:00,1.7872323470837952e-06,1e-10,-,0
2026-08-04 23:46:00+00:00,1.1023855513387437e-06,1e-10,-,0
2026-08-04 23:47:00+00:00,1.8374316055530585e-06,1.8046899875659557e-06,-,0
2026-08-04 23:48:00+00:00,1e-10,1e-10,-,0
2026-08-04 23:49:00+00:00,1.4945078066659516e-07,1e-10,-,0
2026-08-04 23:50:00+00:00,1e-10,2.9946199804580963e-06,-,0
2026-08-04 23:51:00+00:00,1e-10,1e-10,-,0
2026-08-04 23:52:00+00:00,1e-10,1e-10,-,0
2026-08-04 23:53:00+00:00,1e-10,1e-10,-,0
2026-08-04 23:54:00+00:00,1e-10,1e-10,-,0
2026-08-04 23:55:00+00:00,7.881542975390628e-08,9.086348356414579e-07,-,0
2026-08-04 23:56:00+00:00,1.4377845425009843e-06,4.303113274684451e-08,-,0
2026-08-04 23:57:00+00:00,4.276022617985895e-08,1e-10,-,0
2026-08-04 23:58:00+00:00,1e-10,1e-10,-,0
2026-08-04 23:59:00+00:00,1e-10,5.514617194166001e-07,-,0
2026-08-05 00:00:00+00:00,1.6038767329925015e-07,7.163347667133598e-08,-,0
2026-08-05 00:01:00+00:00,1e-10,1.3520983530200014e-06,-,0
2026-08-05 00:02:00+00:00,1.5758758117989734e-07,1e-10,-,0
2026-08-05 00:03:00+00:00,1e-10,1e-10,-,0
2026-08-05 00:04:00+00:00,1e-10,1e-10,-,0
2026-08-05 00:05:00+00:00,1.359829900560018e-06,1e-10,-,0
2026-08-05 00:06:00+00:00,1.196382320356371e-06,4.2879935876762046e-07,-,0
2026-08-05 00:07:00+00:00,4.39398041542705e-07,1e-10,-,0
2026-08-05 00:08:00+00:00,1e-10,1e-10,-,0
2026-08-05 00:09:00+00:00,1e-10,1.4656735027510557e-06,-,0
2026-08-05 00:10:00+00:00,8.788337844592154e-07,2.4544764686584587e-07,-,0
2026-08-05 00:11:00+00:00,1.4733782436161378e-06,7.349941010094643e-07,-,0
2026-08-05 00:12:00+00:00,1e-10,1.4644165337470001e-06,-,0
2026-08-05 00:13:00+00:00,1.7200104669457632e-06,1e-10,-,0
2026-08-05 00:14:00+00:00,1e-10,1e-10,-,0
2026-08-05 00:15:00+00:00,7.687100432940505e-07,1e-10,-,0
2026-08-05 00:16:00+00:00,3.1322281438575814e-06,9.575475222816335e-07,-,0
2026-08-05 00:17:00+00:00,1e-10,1e-10,-,0
2026-08-05 00:18:00+00:00,5.92068109068511e-07,2.2418390736557338e-07,-,0
2026-08-05 00:19:00+00:00,1e-10,5.824931303587227e-07,-,0
2026-08-05 00:20:00+00:00,5.281222274018765e-07,1e-10,-,0
2026-08-05 00:21:00+00:00,1e-10,1.3782898863776718e-06,-,0
2026-08-05 00:22:00+00:00,1e-10,1e-10,-,0
2026-08-05 00:23:00+00:00,1e-10,1e-10,-,0
2026-08-05 00:24:00+00:00,4.1488314898048315e-07,1e-10,-,0
2026-08-05 00:25:00+00:00,1.5232650329346095e-06,8.028212734569284e-07,-,0
2026-08-05 00:26:00+00:00,4.79454703281519e-07,1e-10,-,0
2026-08-05 00:27:00+00:00,1.6618688770315731e-06,8.153059161221024e-07,-,0
2026-08-05 00:28:00+00:00,1e-10,9.197193895370612e-07,-,0
2026-08-05 00:29:00+00:00,1e-10,1e-10,-,0
2026-08-05 00:30:00+00:00,4.090762761125854e-07,1.5133913460495798e-07,-,0
2026-08-05 00:31:00+00:00,1e-10,1.311280750875721e-06,-,0
2026-08-05 00:32:00+00:00,1.274480127621722e-06,1.7106958362840838e-06,-,0
2026-08-05 00:33:00+00:00,1e-10,1e-10,-,0
2026-08-05 00:34:00+00:00,9.836577572131022e-07,1e-10,-,0
2026-08-05 00:35:00+00:00,1.3706893183530476e-06,1e-10,-,0
2026-08-05 00:36:00+00:00,4.3867398142423374e-07,1e-10,-,0
2026-08-05 00:37:00+00:00,1.042127005188947e-06,1.4038780618361686e-06,-,0
2026-08-05 00:38:00+00:00,1e-10,5.518684969870249e-07,-,0
2026-08-05 00:39:00+00:00,1e-10,1.9738924070983433e-09,-,0
2026-08-05 00:40:00+00:00,4.2195791043518974e-07,1.2547334685918407e-06,-,0
2026-08-05 00:41:00+00:00,1e-10,8.693628402743047e-07,-,0
2026-08-05 00:42:00+00:00,3.6560425252986084e-07,1.0937348554408812e-06,-,0
2026-08-05 00:43:00+00:00,3.6357873522633974e-07,6.264623560552333e-07,-,0
2026-08-05 00:44:00+00:00,1e-10,1.587837930900118e-06,-,0
2026-08-05 00:45:00+00:00,3.443502801564441e-07,1e-10,-,0
2026-08-05 00:46:00+00:00,7.339286561142879e-07,5.899572401703886e-07,-,0
2026-08-05 00:47:00+00:00,1e-10,1.7621405552324287e-06,-,0
2026-08-05 00:48:00+00:00,1e-10,1e-10,-,0
2026-08-05 00:49:00+00:00,9.387792428848326e-07,1e-10,-,0
2026-08-05 00:50:00+00:00,3.336864831300208e-07,1e-10,-,0
2026-08-05 00:51:00+00:00,5.340406494184749e-07,8.422575500757635e-09,-,0
2026-08-05 00:52:00+00:00,6.750065916257965e-07,1.21403754056082e-06,-,0
2026-08-05 00:53:00+00:00,1.943561713414065e-07,1.338872727982722e-08,-,0
2026-08-05 00:54:00+00:00,1e-10,1.271592756571293e-06,-,0
2026-08-05 00:55:00+00:00,1e-10,5.452032028067013e-07,-,0
2026-08-05 00:56:00+00:00,1e-10,1.0535041318787067e-06,-,0
2026-08-05 00:57:00+00:00,5.656892603862193e-07,6.137625764000642e-08,-,0
2026-08-05 00:58:00+00:00,6.143465550117302e-07,1e-10,-,0
2026-08-05 00:59:00+00:00,1.9062962920123654e-07,1e-10,-,0
2026-08-05 01:00:00+00:00,4.216204662967833e-07,1e-10,-,0
2026-08-05 01:01:00+00:00,1e-10,1e-10,-,0
2026-08-05 01:02:00+00:00,1e-10,1e-10,-,0
2026-08-05 01:03:00+00:00,7.74070915925086e-07,1e-10,-,0
2026-08-05 01:04:00+00:00,1e-10,7.436348355701411e-07,-,0
2026-08-05 01:05:00+00:00,1.8398647079379396e-07,3.319247126913687e-08,-,0
2026-08-05 01:06:00+00:00,8.951446006913972e-08,1e-10,-,0
2026-08-05 01:07:00+00:00,1e-10,1e-10,-,0
2026-08-05 01:08:00+00:00,7.839145885799715e-07,5.891294552922297e-07,-,0
2026-08-05 01:09:00+00:00,2.8179735501367125e-07,1.4021607909821988e-06,-,0
2026-08-05 01:10:00+00:00,1e-10,5.672365522832801e-07,-,0
2026-08-05 01:11:00+00:00,6.045476580023442e-07,1e-10,-,0
2026-08-05 01:12:00+00:00,1e-10,5.063992563054345e-07,-,0
2026-08-05 01:13:00+00:00,1e-10,2.0420748079399055e-06,-,0
2026-08-05 01:14:00+00:00,8.535931086778627e-07,1.2335318699243222e-08,-,0
2026-08-05 01:15:00+00:00,1e-10,1e-10,-,0
2026-08-05 01:16:00+00:00,1e-10,1e-10,-,0
2026-08-05 01:17:00+00:00,3.5327288284914085e-07,1e-10,-,0
2026-08-05 01:18:00+00:00,1e-10,1e-10,-,0
2026-08-05 01:19:00+00:00,1e-10,1e-10,-,0
2026-08-05 01:20:00+00:00,1e-10,3.0621987115490995e-06,-,0
2026-08-05 01:21:00+00:00,1e-10,1e-10,-,0
2026-08-05 01:22:00+00:00,1e-10,1e-10,-,0
2026-08-05 01:23:00+00:00,1e-10,3.0951964325654028e-06,-,0
2026-08-05 01:24:00+00:00,1e-10,6.129427572758354e-07,-,0
2026-08-05 01:25:00+00:00,1e-10,3.5506986918666924e-07,-,0
2026-08-05 01:26:00+00:00,1e-10,5.685536848601978e-07,-,0
2026-08-05 01:27:00+00:00,1e-10,1.786583242005693e-07,-,0
2026-08-05 01:28:00+00:00,3.256012871188974e-07,1e-10,-,0
2026-08-05 01:29:00+00:00,4.318334895939658e-07,3.241434627246808e-07,-,0
2026-08-05 01:30:00+00:00,1.5175461942908526e-06,5.77438775776031e-07,-,0
2026-08-05 01:31:00+00:00,7.472184688293055e-07,1e-10,-,0
2026-08-05 01:32:00+00:00,1e-10,1e-10,-,0
2026-08-05 01:33:00+00:00,1e-10,1e-10,-,0
2026-08-05 01:34:00+00:00,1e-10,1e-10,-,0
2026-08-05 01:35:00+00:00,1e-10,5.447932864703076e-07,-,0
2026-08-05 01:36:00+00:00,1e-10,1e-10,-,0
2026-08-05 01:37:00+00:00,1e-10,1e-10,-,0
2026-08-05 01:38:00+00:00,6.693878867000191e-08,1e-10,-,0
2026-08-05 01:39:00+00:00,1e-10,1e-10,-,0
2026-08-05 01:40:00+00:00,3.3978615134500866e-07,1e-10,-,0
2026-08-05 01:41:00+00:00,1e-10,1e-10,-,0
2026-08-05 01:42:00+00:00,1e-10,1.7426050155912612e-07,-,0
2026-08-05 01:43:00+00:00,1.924623602061138e-06,5.504204610275849e-08,-,0
2026-08-05 01:44:00+00:00,1e-10,9.006157541971577e-07,-,0
2026-08-05 01:45:00+00:00,1.536570650488268e-07,1.4251594126027049e-06,-,0
2026-08-05 01:46:00+00:00,9.650201512728357e-07,1.5392366362562056e-06,-,0
2026-08-05 01:47:00+00:00,1.003250703773591e-06,4.010985968817842e-07,-,0
2026-08-05 01:48:00+00:00,1e-10,2.1919275564004505e-07,-,0
2026-08-05 01:49:00+00:00,1.188187797899465e-06,3.2045345819351525e-07,-,0
2026-08-05 01:50:00+00:00,1e-10,1e-10,-,0
2026-08-05 01:51:00+00:00,1.15704041322886e-06,3.0945629879331135e-07,-,0
2026-08-05 01:52:00+00:00,1e-10,1e-10,-,0
2026-08-05 01:53:00+00:00,1e-10,1e-10,-,0
2026-08-05 01:54:00+00:00,2.774406467451833e-07,1e-10,-,0
2026-08-05 01:55:00+00:00,4.366646746317729e-07,1e-10,-,0
2026-08-05 01:56:00+00:00,1e-10,1e-10,-,0
2026-08-05 01:57:00+00:00,1e-10,1e-10,-,0
2026-08-05 01:58:00+00:00,5.438525029828356e-07,1e-10,-,0
2026-08-05 01:59:00+00:00,1e-10,1e-10,-,0
2026-08-05 02:00:00+00:00,1e-10,1e-10,-,0
2026-08-05 02:01:00+00:00,1.863311295685226e-06,1e-10,-,0
2026-08-05 02:02:00+00:00,1e-10,1.1013618579049678e-07,-,0
2026-08-05 02:03:00+00:00,1e-10,8.291157602591495e-07,-,0
2026-08-05 02:04:00+00:00,1e-10,1e-10,-,0
2026-08-05 02:05:00+00:00,1e-10,1.222344761712126e-06,-,0
2026-08-05 02:06:00+00:00,1.001521786615892e-06,1e-10,-,0
2026-08-05 02:07:00+00:00,1e-10,1e-10,-,0
2026-08-05 02:08:00+00:00,7.265558320958222e-07,1.5271868214718123e-06,-,0
2026-08-05 02:09:00+00:00,1e-10,1e-10,-,0
2026-08-05 02:10:00+00:00,1e-10,1e-10,-,0
2026-08-05 02:11:00+00:00,1e-10,8.810033125450485e-07,-,0
2026-08-05 02:12:00+00:00,5.622347239568045e-07,1.390741123208118e-06,-,0
2026-08-05 02:13:00+00:00,1e-10,1e-10,-,0
2026-08-05 02:14:00+00:00,1e-10,1e-10,-,0
2026-08-05 02:15:00+00:00,8.252680368379991e-07,2.35216570289157e-06,-,0
2026-08-05 02:16:00+00:00,5.80860199670807e-07,1.0325369229155301e-06,-,0
2026-08-05 02:17:00+00:00,4.1138083287876335e-07,1.2075355583084501e-06,-,0
2026-08-05 02:18:00+00:00,3.5925767560406873e-07,5.354107775260839e-07,-,0
2026-08-05 02:19:00+00:00,1e-10,6.811993492262881e-07,-,0
2026-08-05 02:20:00+00:00,1.4270158987307302e-06,2.9349593941998346e-07,-,0
2026-08-05 02:21:00+00:00,1e-10,1e-10,-,0
2026-08-05 02:22:00+00:00,3.25119538020297e-07,1e-10,-,0
2026-08-05 02:23:00+00:00,4.5779489741648144e-07,1e-10,-,0
2026-08-05 02:24:00+00:00,1e-10,7.615238718899082e-07,-,0
2026-08-05 02:25:00+00:00,2.132413063991955e-06,1.3483578550812146e-06,-,0
2026-08-05 02:26:00+00:00,3.221027928094958e-09,2.069582008898956e-07,-,0
2026-08-05 02:27:00+00:00,7.143435641102627e-08,1e-10,-,0
2026-08-05 02:28:00+00:00,1e-10,2.3016172298119245e-07,-,0
2026-08-05 02:29:00+00:00,1.308911063581382e-06,4.274751316143983e-07,-,0
2026-08-05 02:30:00+00:00,1.3552973900904701e-06,1e-10,-,0
2026-08-05 02:31:00+00:00,2.0802153991228008e-07,1.68329769799898e-06,-,0
2026-08-05 02:32:00+00:00,1e-10,9.674936010615353e-07,-,0
2026-08-05 02:33:00+00:00,1e-10,1e-10,-,0
2026-08-05 02:34:00+00:00,1e-10,1e-10,-,0
2026-08-05 02:35:00+00:00,1e-10,1e-10,-,0
2026-08-05 02:36:00+00:00,1e-10,1.4436070308040436e-06,-,0
2026-08-05 02:37:00+00:00,1e-10,1e-10,-,0
2026-08-05 02:38:00+00:00,1.657079135223415e-06,1e-10,-,0
2026-08-05 02:39:00+00:00,8.553222943679909e-07,1e-10,-,0
2026-08-05 02:40:00+00:00,7.050641817293143e-08,1e-10,-,0
2026-08-05 02:41:00+00:00,1e-10,1.080846767051088e-06,-,0
2026-08-05 02:42:00+00:00,4.3161025802537363e-07,1e-10,-,0
2026-08-05 02:43:00+00:00,2.586786041788671e-07,1e-10,-,0
2026-08-05 02:44:00+00:00,1e-10,1e-10,-,0
2026-08-05 02:45:00+00:00,4.680056197429728e-07,1e-10,-,0
2026-08-05 02:46:00+00:00,6.019113253099915e-07,1e-10,-,0
2026-08-05 02:47:00+00:00,7.947407883367726e-07,1e-10,-,0
2026-08-05 02:48:00+00:00,1e-10,1e-10,-,0
2026-08-05 02:49:00+00:00,5.112599020919703e-07,2.892691819567497e-07,-,0
2026-08-05 02:50:00+00:00,1.3386437650574267e-06,1.4167056681448496e-06,-,0
2026-08-05 02:51:00+00:00,3.6254947822138306e-07,1e-10,-,0
2026-08-05 02:52:00+00:00,2.4782183889594914e-06,8.835625695310327e-08,-,0
2026-08-05 02:53:00+00:00,1e-10,2.591127525334691e-06,-,0
2026-08-05 02:54:00+00:00,1e-10,2.539339491209257e-07,-,0
2026-08-05 02:55:00+00:00,1e-10,1e-10,-,0
2026-08-05 02:56:00+00:00,1e-10,6.125010154619658e-07,-,0
2026-08-05 02:57:00+00:00,6.498547095723745e-07,2.2605954295162196e-07,-,0
2026-08-05 02:58:00+00:00,9.490562540112671e-07,1e-10,-,0
2026-08-05 02:59:00+00:00,1.848137758761252e-07,1e-10,-,0
2026-08-05 03:00:00+00:00,3.585221489171697e-07,8.999764927039983e-07,-,0
2026-08-05 03:01:00+00:00,2.1553477546793464e-06,1e-10,-,0
2026-08-05 03:02:00+00:00,1e-10,1e-10,-,0
2026-08-05 03:03:00+00:00,1e-10,1e-10,-,0
2026-08-05 03:04:00+00:00,1e-10,1e-10,-,0
2026-08-05 03:05:00+00:00,1e-10,1e-10,-,0
2026-08-05 03:06:00+00:00,1e-10,1e-10,-,0
2026-08-05 03:07:00+00:00,1.467601199943735e-06,6.040476441017867e-07,-,0
2026-08-05 03:08:00+00:00,1e-10,3.2472200274293885e-06,-,0
2026-08-05 03:09:00+00:00,1e-10,1e-10,-,0
2026-08-05 03:10:00+00:00,5.097372795418372e-07,4.5040840246987035e-07,-,0
2026-08-05 03:11:00+00:00,1e-10,1.6719554268261249e-07,-,0
2026-08-05 03:12:00+00:00,1e-10,2.2362124116703414e-07,-,0
2026-08-05 03:13:00+00:00,7.916742893783278e-09,1e-10,-,0
2026-08-05 03:14:00+00:00,1e-10,8.817467943318816e-09,-,0
2026-08-05 03:15:00+00:00,1e-10,2.3720458077576206e-07,-,0
2026-08-05 03:16:00+00:00,7.034791316197611e-07,8.965227839412826e-07,-,0
2026-08-05 03:17:00+00:00,1e-10,8.186576194227361e-07,-,0
2026-08-05 03:18:00+00:00,1.8320139074893336e-07,1.435326393691736e-06,-,0
2026-08-05 03:19:00+00:00,9.512856262512064e-08,1e-10,-,0
2026-08-05 03:20:00+00:00,1.104653972766041e-06,2.0930526041653194e-07,-,0
2026-08-05 03:21:00+00:00,4.216989911899221e-07,1e-10,-,0
2026-08-05 03:22:00+00:00,1e-10,9.591011604311409e-07,-,0
2026-08-05 03:23:00+00:00,1.3216823103847346e-06,1e-10,-,0
2026-08-05 03:24:00+00:00,1e-10,1.2268778930735928e-06,-,0
2026-08-05 03:25:00+00:00,1e-10,3.5980430488998115e-07,-,0
2026-08-05 03:26:00+00:00,1e-10,1.3449629941838312e-06,-,0
2026-08-05 03:27:00+00:00,1e-10,5.774063887884245e-08,-,0
2026-08-05 03:28:00+00:00,1e-10,1e-10,-,0
2026-08-05 03:29:00+00:00,4.727889283438466e-07,1e-10,-,0
2026-08-05 03:30:00+00:00,1e-10,1e-10,-,0
2026-08-05 03:31:00+00:00,1.9229319775298946e-06,1e-10,-,0
2026-08-05 03:32:00+00:00,1e-10,1e-10,-,0
2026-08-05 03:33:00+00:00,1e-10,1e-10,-,0
2026-08-05 03:34:00+00:00,1e-10,1.0493473794465265e-07,-,0
2026-08-05 03:35:00+00:00,1.052040664141296e-06,1e-10,-,0
2026-08-05 03:36:00+00:00,7.572559364988889e-07,3.9534413208162385e-07,-,0
2026-08-05 03:37:00+00:00,1e-10,1e-10,-,0
2026-08-05 03:38:00+00:00,1e-10,1e-10,-,0
2026-08-05 03:39:00+00:00,1e-10,5.568825273049645e-08,-,0
2026-08-05 03:40:00+00:00,3.108524436299249e-07,9.203289515042199e-07,-,0
2026-08-05 03:41:00+00:00,1e-10,1.0027493375202664e-06,-,0
2026-08-05 03:42:00+00:00,1e-10,1e-10,-,0
2026-08-05 03:43:00+00:00,1e-10,1e-10,-,0
2026-08-05 03:44:00+00:00,1e-10,1.219362708060716e-06,-,0
2026-08-05 03:45:00+00:00,1e-10,4.6345535368830424e-07,-,0
2026-08-05 03:46:00+00:00,1e-10,1e-10,-,0
2026-08-05 03:47:00+00:00,1e-10,1e-10,-,0
2026-08-05 03:48:00+00:00,1e-10,3.406146951743097e-08,-,0
2026-08-05 03:49:00+00:00,1.3163745437835872e-07,9.634016720122685e-07,-,0
2026-08-05 03:50:00+00:00,8.648965503721212e-08,1e-10,-,0
2026-08-05 03:51:00+00:00,1.3463447768568271e-06,1e-10,-,0
2026-08-05 03:52:00+00:00,1e-10,1e-10,-,0
2026-08-05 03:53:00+00:00,3.733221720119139e-07,1e-10,-,0
2026-08-05 03:54:00+00:00,1e-10,1e-10,-,0
2026-08-05 03:55:00+00:00,2.2169275426225646e-06,1e-10,-,0
2026-08-05 03:56:00+00:00,1e-10,1.579212480832402e-06,-,0
2026-08-05 03:57:00+00:00,1e-10,1e-10,-,0
2026-08-05 03:58:00+00:00,3.385665310857055e-07,1e-10,-,0
2026-08-05 03:59:00+00:00,2.54436279035147e-07,2.3985166034226785e-06,-,0
2026-08-05 04:00:00+00:00,1e-10,1e-10,-,0
2026-08-05 04:01:00+00:00,6.895247045741479e-07,1e-10,-,0
2026-08-05 04:02:00+00:00,1.7068575163735205e-06,1.5812792134550556e-06,-,0
2026-08-05 04:03:00+00:00,1.0502685521856582e-06,1e-10,-,0
2026-08-05 04:04:00+00:00,1e-10,4.351925635413309e-07,-,0
2026-08-05 04:05:00+00:00,1.9959891769453868e-06,1e-10,-,0
2026-08-05 04:06:00+00:00,5.667722593769375e-07,1e-10,-,0
2026-08-05 04:07:00+00:00,1e-10,1e-10,-,0
2026-08-05 04:08:00+00:00,9.17924698259151e-08,1e-10,-,0
2026-08-05 04:09:00+00:00,1e-10,4.261104385800831e-07,-,0
2026-08-05 04:10:00+00:00,1e-10,2.1676979907820987e-06,-,0
2026-08-05 04:11:00+00:00,3.8317874876118047e-07,1e-10,-,0
2026-08-05 04:12:00+00:00,1e-10,1.3400503003363435e-06,-,0
2026-08-05 04:13:00+00:00,1.8063958600473303e-06,1.0494997034111072e-06,-,0
2026-08-05 04:14:00+00:00,7.060433700359651e-07,1e-10,-,0
2026-08-05 04:15:00+00:00,1e-10,3.899329772337702e-08,-,0
2026-08-05 04:16:00+00:00,6.97029946299987e-07,5.268346087271006e-08,-,0
2026-08-05 04:17:00+00:00,5.222031003227991e-07,1e-10,-,0
2026-08-05 04:18:00+00:00,1.6570810665727128e-06,1e-10,-,0
2026-08-05 04:19:00+00:00,1.938905668309299e-06,1e-10,-,0
2026-08-05 04:20:00+00:00,2.1264223291772498e-06,1e-10,-,0
2026-08-05 04:21:00+00:00,1e-10,1e-10,-,0
2026-08-05 04:22:00+00:00,6.301083213152496e-07,1e-10,-,0
2026-08-05 04:23:00+00:00,1e-10,1e-10,-,0
2026-08-05 04:24:00+00:00,1.1165292526797309e-06,1e-10,-,0
2026-08-05 04:25:00+00:00,1e-10,1e-10,-,0
2026-08-05 04:26:00+00:00,1e-10,1.0433632549601808e-06,-,0
2026-08-05 04:27:00+00:00,1e-10,2.6788515498861937e-08,-,0
2026-08-05 04:28:00+00:00,1e-10,1.1449841454644606e-06,-,0
2026-08-05 04:29:00+00:00,2.14209505422734e-07,1e-10,-,0
2026-08-05 04:30:00+00:00,1.442797336919714e-06,1e-10,-,0
2026-08-05 04:31:00+00:00,1e-10,1e-10,-,0
2026-08-05 04:32:00+00:00,1e-10,1e-10,-,0
2026-08-05 04:33:00+00:00,1e-10,2.647481767721096e-07,-,0
2026-08-05 04:34:00+00:00,1e-10,1e-10,-,0
2026-08-05 04:35:00+00:00,6.434273427600963e-07,1.0754162240951204e-06,-,0
2026-08-05 04:36:00+00:00,1.7234244902715331e-06,1.5505526141728414e-06,-,0
2026-08-05 04:37:00+00:00,1.6190344646385412e-06,1.4560068591361986e-06,-,0
2026-08-05 04:38:00+00:00,1.2394381746687454e-06,1.7263346427942827e-06,-,0
2026-08-05 04:39:00+00:00,1e-10,1e-10,-,0
2026-08-05 04:40:00+00:00,1e-10,1.3451399178383827e-06,-,0
2026-08-05 04:41:00+00:00,5.044707693806145e-07,1.044104002185096e-07,-,0
2026-08-05 04:42:00+00:00,1e-10,1.1884186055224524e-07,-,0
2026-08-05 04:43:00+00:00,1e-10,1e-10,-,0
2026-08-05 04:44:00+00:00,4.467517930899574e-07,1e-10,-,0
2026-08-05 04:45:00+00:00,1e-10,1e-10,-,0
2026-08-05 04:46:00+00:00,1.2407678434338843e-06,6.281877665447469e-07,-,0
2026-08-05 04:47:00+00:00,1e-10,1e-10,-,0
2026-08-05 04:48:00+00:00,6.29223127215131e-07,1e-10,-,0
2026-08-05 04:49:00+00:00,2.616047315503408e-07,1.4975962161376777e-06,-,0
2026-08-05 04:50:00+00:00,1.4209378148093973e-06,1.6611166062748633e-08,-,0
2026-08-05 04:51:00+00:00,1e-10,1e-10,-,0
2026-08-05 04:52:00+00:00,1.4265537602864365e-06,1e-10,-,0
2026-08-05 04:53:00+00:00,1.409268036301711e-06,1.9195342138123215e-06,-,0
2026-08-05 04:54:00+00:00,3.41218317571348e-07,1e-10,-,0
2026-08-05 04:55:00+00:00,6.102010053831755e-07,9.076294659312627e-07,-,0
2026-08-05 04:56:00+00:00,6.933815336740783e-07,1e-10,-,0
2026-08-05 04:57:00+00:00,1e-10,5.583599472182823e-07,-,0
2026-08-05 04:58:00+00:00,9.144235529587927e-08,2.3650705548463967e-07,-,0
2026-08-05 04:59:00+00:00,1.0183596096667032e-06,7.853915647497511e-09,-,0
2026-08-05 05:00:00+00:00,1e-10,1e-10,-,0
2026-08-05 05:01:00+00:00,5.576074644899804e-07,1e-10,-,0
2026-08-05 05:02:00+00:00,1.2765032448450927e-07,1e-10,-,0
2026-08-05 05:03:00+00:00,7.267630119356481e-07,1e-10,-,0
2026-08-05 05:04:00+00:00,1e-10,1e-10,-,0
2026-08-05 05:05:00+00:00,1e-10,1e-10,-,0
2026-08-05 05:06:00+00:00,1e-10,1e-10,-,0
2026-08-05 05:07:00+00:00,1e-10,1e-10,-,0
2026-08-05 05:08:00+00:00,9.512156421181696e-07,1e-10,-,0
2026-08-05 05:09:00+00:00,1e-10,1.344582280611919e-06,-,0
2026-08-05 05:10:00+00:00,1e-10,1e-10,-,0
2026-08-05 05:11:00+00:00,1.2404417243519466e-06,9.968236780872214e-07,-,0
2026-08-05 05:12:00+00:00,1e-10,1e-10,-,0
2026-08-05 05:13:00+00:00,1.0994889820971152e-06,4.703388560106267e-07,-,0
2026-08-05 05:14:00+00:00,1e-10,1.1011621838193857e-06,-,0
2026-08-05 05:15:00+00:00,1e-10,4.45900957756163e-07,-,0
2026-08-05 05:16:00+00:00,1e-10,1e-10,-,0
2026-08-05 05:17:00+00:00,6.391335881968303e-07,1e-10,-,0
2026-08-05 05:18:00+00:00,1e-10,3.7949437366877105e-07,-,0
2026-08-05 05:19:00+00:00,8.385930778348197e-07,6.457052609184405e-08,-,0
2026-08-05 05:20:00+00:00,2.0560007158363752e-07,1.2196808762324168e-06,-,0
2026-08-05 05:21:00+00:00,1e-10,1e-10,-,0
2026-08-05 05:22:00+00:00,1e-10,1.0756744520936719e-06,-,0
2026-08-05 05:23:00+00:00,1e-10,3.3021423073555794e-07,-,0
2026-08-05 05:24:00+00:00,4.197266153018316e-07,2.2274082599286764e-07,-,0
2026-08-05 05:25:00+00:00,6.488780639942264e-07,1e-10,-,0
2026-08-05 05:26:00+00:00,7.622496774827229e-07,1.1868502238865313e-06,-,0
2026-08-05 05:27:00+00:00,1e-10,1e-10,-,0
2026-08-05 05:28:00+00:00,1e-10,1e-10,-,0
2026-08-05 05:29:00+00:00,2.607802755705456e-07,2.8787717257492764e-08,-,0
2026-08-05 05:30:00+00:00,4.822860589735859e-07,1e-10,-,0
2026-08-05 05:31:00+00:00,1e-10,3.2935642364000515e-07,-,0
2026-08-05 05:32:00+00:00,1.2801333851982595e-07,2.1207302329997092e-06,-,0
2026-08-05 05:33:00+00:00,1e-10,8.738316659545025e-08,-,0
2026-08-05 05:34:00+00:00,1.3762401444912774e-06,2.2363987231823303e-07,-,0
2026-08-05 05:35:00+00:00,1e-10,1.7664160803538597e-06,-,0
2026-08-05 05:36:00+00:00,1e-10,4.288331440695573e-07,-,0
2026-08-05 05:37:00+00:00,6.127533746433453e-07,1.1833029153638113e-06,-,0
2026-08-05 05:38:00+00:00,1e-10,1e-10,-,0
2026-08-05 05:39:00+00:00,2.89973925779335e-07,1e-10,-,0
2026-08-05 05:40:00+00:00,5.72000397359731e-07,1e-10,-,0
2026-08-05 05:41:00+00:00,3.9135186845293114e-07,5.071287889216351e-07,-,0
2026-08-05 05:42:00+00:00,1e-10,5.363833804947642e-07,-,0
2026-08-05 05:43:00+00:00,1e-10,7.970648692049288e-07,-,0
2026-08-05 05:44:00+00:00,2.3885505758937657e-06,4.782197030606152e-07,-,0
2026-08-05 05:45:00+00:00,1.574911240940485e-06,1e-10,-,0
2026-08-05 05:46:00+00:00,9.579919126336656e-07,6.138305274096203e-07,-,0
2026-08-05 05:47:00+00:00,3.3768757135695914e-07,1.6466093813605126e-06,-,0
2026-08-05 05:48:00+00:00,1e-10,1.4540832453972557e-07,-,0
2026-08-05 05:49:00+00:00,1e-10,1e-10,-,0
2026-08-05 05:50:00+00:00,1e-10,1e-10,-,0
2026-08-05 05:51:00+00:00,1e-10,2.7211389018992474e-07,-,0
2026-08-05 05:52:00+00:00,1e-10,1e-10,-,0
2026-08-05 05:53:00+00:00,1.0902792116513101e-06,1e-10,-,0
2026-08-05 05:54:00+00:00,1e-10,1e-10,-,0
2026-08-05 05:55:00+00:00,9.799415612417733e-07,4.485251337704932e-07,-,0
2026-08-05 05:56:00+00:00,1.0017146494901095e-06,1.7767857091202236e-06,-,0
2026-08-05 05:57:00+00:00,2.6064276918092505e-06,1e-10,-,0
2026-08-05 05:58:00+00:00,1e-10,1.1485150257180676e-06,-,0
2026-08-05 05:59:00+00:00,1e-10,1.1004775679635651e-06,-,0
2026-08-05 06:00:00+00:00,1.6749133164261413e-07,3.046027968914525e-07,-,0
2026-08-05 06:01:00+00:00,6.534324839550636e-07,1e-10,-,0
2026-08-05 06:02:00+00:00,1e-10,8.566351596996476e-07,-,0
2026-08-05 06:03:00+00:00,1e-10,7.035568833536523e-08,-,0
2026-08-05 06:04:00+00:00,6.503923149249533e-07,1e-10,-,0
2026-08-05 06:05:00+00:00,2.9173572911640613e-08,1e-10,-,0
2026-08-05 06:06:00+00:00,1e-10,5.200892428558828e-07,-,0
2026-08-05 06:07:00+00:00,1e-10,1.5644340372021314e-06,-,0
2026-08-05 06:08:00+00:00,2.765488759054351e-06,1e-10,-,0
2026-08-05 06:09:00+00:00,9.527575791531179e-07,1e-10,-,0
2026-08-05 06:10:00+00:00,6.501656050657001e-07,1e-10,-,0
2026-08-05 06:11:00+00:00,1e-10,1e-10,-,0
2026-08-05 06:12:00+00:00,7.98098021579317e-07,1e-10,-,0
2026-08-05 06:13:00+00:00,1e-10,1.4225903154345815e-06,-,0
2026-08-05 06:14:00+00:00,2.538868728613751e-07,2.2320238335986587e-06,-,0
2026-08-05 06:15:00+00:00,3.009277467230979e-07,2.5206280896989906e-07,-,0
2026-08-05 06:16:00+00:00,1e-10,1e-10,-,0
2026-08-05 06:17:00+00:00,1e-10,1.8336051911223856e-07,-,0
2026-08-05 06:18:00+00:00,1e-10,1e-10,-,0
2026-08-05 06:19:00+00:00,1e-10,1e-10,-,0
2026-08-05 06:20:00+00:00,1e-10,6.130996123878206e-07,-,0
2026-08-05 06:21:00+00:00,1e-10,7.32789774250218e-07,-,0
2026-08-05 06:22:00+00:00,1.2064117364866048e-06,6.244308440136432e-07,-,0
2026-08-05 06:23:00+00:00,1.7590053951913333e-06,1e-10,-,0
2026-08-05 06:24:00+00:00,1e-10,1.492943199144731e-07,-,0
2026-08-05 06:25:00+00:00,1.2618275951392922e-06,1e-10,-,0
2026-08-05 06:26:00+00:00,1e-10,9.82575511953433e-07,-,0
2026-08-05 06:27:00+00:00,2.1710826833787753e-08,4.6821398947000725e-07,-,0
2026-08-05 06:28:00+00:00,1e-10,1.8544252291626364e-06,-,0
2026-08-05 06:29:00+00:00,1e-10,3.6944265146622603e-07,-,0
2026-08-05 06:30:00+00:00,6.254385088320628e-07,1e-10,-,0
2026-08-05 06:31:00+00:00,1e-10,1e-10,-,0
2026-08-05 06:32:00+00:00,1e-10,1.8206940855522116e-07,-,0
2026-08-05 06:33:00+00:00,1e-10,1e-10,-,0
2026-08-05 06:34:00+00:00,1e-10,1e-10,-,0
2026-08-05 06:35:00+00:00,4.0022789710171815e-07,1e-10,-,0
2026-08-05 06:36:00+00:00,7.358596566026184e-07,1e-10,-,0
2026-08-05 06:37:00+00:00,4.340517583739551e-07,1.583730441725501e-07,-,0
2026-08-05 06:38:00+00:00,1.0746398634141436e-06,1e-10,-,0
2026-08-05 06:39:00+00:00,1e-10,1e-10,-,0
2026-08-05 06:40:00+00:00,2.036710440768119e-06,5.472346949467574e-07,-,0
2026-08-05 06:41:00+00:00,1e-10,1e-10,-,0
2026-08-05 06:42:00+00:00,1e-10,3.7400250910650707e-07,-,0
2026-08-05 06:43:00+00:00,1e-10,1.9433219157420697e-07,-,0
2026-08-05 06:44:00+00:00,2.386033804129971e-07,5.910839150888594e-07,-,0
2026-08-05 06:45:00+00:00,1e-10,2.3688733354707824e-07,-,0
2026-08-05 06:46:00+00:00,1e-10,6.489101600529505e-07,-,0
2026-08-05 06:47:00+00:00,1e-10,1.891145290462514e-06,-,0
2026-08-05 06:48:00+00:00,1e-10,3.7121071595659385e-07,-,0
2026-08-05 06:49:00+00:00,1e-10,6.238671501403069e-07,-,0
2026-08-05 06:50:00+00:00,9.211090813616298e-07,1.2449793139481232e-07,-,0
2026-08-05 06:51:00+00:00,1e-10,1e-10,-,0
2026-08-05 06:52:00+00:00,1e-10,1e-10,-,0
2026-08-05 06:53:00+00:00,1e-10,1.5028738989944347e-06,-,0
2026-08-05 06:54:00+00:00,6.616311928024952e-07,5.438113389826047e-07,-,0
2026-08-05 06:55:00+00:00,1e-10,1e-10,-,0
2026-08-05 06:56:00+00:00,1e-10,4.1825949417346796e-07,-,0
2026-08-05 06:57:00+00:00,3.4487742244469544e-07,1e-10,-,0
2026-08-05 06:58:00+00:00,1e-10,7.750968100371186e-07,-,0
2026-08-05 06:59:00+00:00,4.634318430174125e-09,1e-10,-,0
2026-08-05 07:00:00+00:00,9.56663498011383e-07,1.950443755404034e-07,-,0
2026-08-05 07:01:00+00:00,1e-10,1e-10,-,0
2026-08-05 07:02:00+00:00,1e-10,2.453880491489745e-07,-,0
2026-08-05 07:03:00+00:00,1e-10,1e-10,-,0
2026-08-05 07:04:00+00:00,1.1238311207201717e-06,1e-10,-,0
2026-08-05 07:05:00+00:00,1.1824385543818241e-07,1e-10,-,0
2026-08-05 07:06:00+00:00,5.472339938285745e-09,1e-10,-,0
2026-08-05 07:07:00+00:00,1e-10,1e-10,-,0
2026-08-05 07:08:00+00:00,8.60747776328038e-07,1e-10,-,0
2026-08-05 07:09:00+00:00,1.0009967744395383e-06,2.943166838015548e-07,-,0
2026-08-05 07:10:00+00:00,1e-10,1e-10,-,0
2026-08-05 07:11:00+00:00,2.0411327956417344e-07,5.172687442298483e-07,-,0
2026-08-05 07:12:00+00:00,6.817248401579857e-07,1.004169085698634e-06,-,0
2026-08-05 07:13:00+00:00,2.4895238573784506e-06,3.2929967752092654e-07,-,0
2026-08-05 07:14:00+00:00,4.6592893008482725e-07,4.293223601172155e-07,-,0
2026-08-05 07:15:00+00:00,3.123175612465281e-08,2.9750474379120835e-07,-,0
2026-08-05 07:16:00+00:00,1e-10,6.082508652875996e-07,-,0
2026-08-05 07:17:00+00:00,1e-10,1e-10,-,0
2026-08-05 07:18:00+00:00,8.854291708640832e-07,1e-10,-,0
2026-08-05 07:19:00+00:00,1e-10,1e-10,-,0
2026-08-05 07:20:00+00:00,1.0669509924287935e-06,7.476207216933686e-07,-,0
2026-08-05 07:21:00+00:00,1e-10,1e-10,-,0
2026-08-05 07:22:00+00:00,7.718905053103226e-07,1e-10,-,0
2026-08-05 07:23:00+00:00,1.0780770204805578e-06,1e-10,-,0
2026-08-05 07:24:00+00:00,9.202158765484232e-07,1.8929542367864068e-07,-,0
2026-08-05 07:25:00+00:00,3.302323299511844e-07,6.873704954341631e-07,-,0
2026-08-05 07:26:00+00:00,4.698157480668307e-07,6.894698888002196e-07,-,0
2026-08-05 07:27:00+00:00,1e-10,1e-10,-,0
2026-08-05 07:28:00+00:00,1e-10,3.7857866179488765e-07,-,0
2026-08-05 07:29:00+00:00,3.088738267889356e-07,1e-10,-,0
2026-08-05 07:30:00+00:00,1.0755073776044467e-07,1.8489671492878543e-07,-,0
2026-08-05 07:31:00+00:00,1.0580174530825844e-06,1e-10,-,0
2026-08-05 07:32:00+00:00,1e-10,1e-10,-,0
2026-08-05 07:33:00+00:00,2.0712777706780598e-07,1.0716169722162392e-06,-,0
2026-08-05 07:34:00+00:00,3.4776167938544117e-07,1e-10,-,0
2026-08-05 07:35:00+00:00,6.626599269013877e-07,1.3527237922777035e-06,-,0
2026-08-05 07:36:00+00:00,1.0838436086271336e-06,1e-10,-,0
2026-08-05 07:37:00+00:00,1e-10,1e-10,-,0
2026-08-05 07:38:00+00:00,8.078294613563184e-07,1e-10,-,0
2026-08-05 07:39:00+00:00,1e-10,1e-10,-,0
2026-08-05 07:40:00+00:00,7.415831844692339e-07,1.024287761055467e-06,-,0
2026-08-05 07:41:00+00:00,1.670872534641628e-06,1e-10,-,0
2026-08-05 07:42:00+00:00,1e-10,2.26827841422953e-07,-,0
2026-08-05 07:43:00+00:00,1.3749624465928533e-06,1.8141102150828377e-06,-,0
2026-08-05 07:44:00+00:00,1e-10,1e-10,-,0
2026-08-05 07:45:00+00:00,1e-10,1e-10,-,0
2026-08-05 07:46:00+00:00,1e-10,3.394890615318568e-07,-,0
2026-08-05 07:47:00+00:00,1e-10,1e-10,-,0
2026-08-05 07:48:00+00:00,5.966055130381757e-07,5.758825833851101e-07,-,0
2026-08-05 07:49:00+00:00,1e-10,1e-10,-,0
2026-08-05 07:50:00+00:00,1.3654905960495405e-06,1e-10,-,0
2026-08-05 07:51:00+00:00,7.975228475720149e-07,9.509196923872938e-07,-,0
2026-08-05 07:52:00+00:00,2.80646622979403e-07,1e-10,-,0
2026-08-05 07:53:00+00:00,1e-10,1e-10,-,0
2026-08-05 07:54:00+00:00,1e-10,1e-10,-,0
2026-08-05 07:55:00+00:00,1e-10,3.212314326754811e-07,-,0
2026-08-05 07:56:00+00:00,3.885598645462601e-09,9.440832134502059e-07,-,0
2026-08-05 07:57:00+00:00,1.074522007753941e-06,1e-10,-,0
2026-08-05 07:58:00+00:00,1e-10,1.1896620206324504e-06,-,0
2026-08-05 07:59:00+00:00,1e-10,1e-10,-,0
2026-08-05 08:00:00+00:00,9.604934689735417e-07,4.338182422786864e-08,-,0
2026-08-05 08:01:00+00:00,1e-10,1.0297080944031847e-06,-,0
2026-08-05 08:02:00+00:00,1e-10,1e-10,-,0
2026-08-05 08:03:00+00:00,1e-10,7.157471250051385e-07,-,0
2026-08-05 08:04:00+00:00,1.206141954153809e-06,1e-10,-,0
2026-08-05 08:05:00+00:00,1e-10,1e-10,-,0
2026-08-05 08:06:00+00:00,1.2392745652638697e-06,1e-10,-,0
2026-08-05 08:07:00+00:00,1.654914496525874e-06,6.329585355099713e-07,-,0
2026-08-05 08:08:00+00:00,1.4929826191732956e-06,6.986448217411725e-07,-,0
2026-08-05 08:09:00+00:00,1e-10,9.366966887106843e-07,-,0
2026-08-05 08:10:00+00:00,1e-10,1e-10,-,0
2026-08-05 08:11:00+00:00,1e-10,1e-10,-,0
2026-08-05 08:12:00+00:00,2.2130371081259247e-06,4.986501341258113e-07,-,0
2026-08-05 08:13:00+00:00,1e-10,1e-10,-,0
2026-08-05 08:14:00+00:00,1.2013756177066076e-06,1.6387032143764408e-07,-,0
2026-08-05 08:15:00+00:00,5.70644159790454e-07,1e-10,-,0
2026-08-05 08:16:00+00:00,1e-10,1e-10,-,0
2026-08-05 08:17:00+00:00,1e-10,2.1998428475354517e-06,-,0
2026-08-05 08:18:00+00:00,1.3384379934631238e-06,9.383297164108015e-07,-,0
2026-08-05 08:19:00+00:00,6.868609482803799e-08,4.645679631949145e-07,-,0
2026-08-05 08:20:00+00:00,1e-10,1e-10,-,0
2026-08-05 08:21:00+00:00,1e-10,1e-10,-,0
2026-08-05 08:22:00+00:00,3.893457443773417e-07,1.0270516214516312e-06,-,0
2026-08-05 08:23:00+00:00,1e-10,1.3551142052498942e-07,-,0
2026-08-05 08:24:00+00:00,6.870925422051443e-07,1e-10,-,0
2026-08-05 08:25:00+00:00,2.8447379795726136e-06,1e-10,-,0
2026-08-05 08:26:00+00:00,6.087337735548541e-07,1e-10,-,0
2026-08-05 08:27:00+00:00,2.0320482126334775e-06,6.954796300430067e-07,-,0
2026-08-05 08:28:00+00:00,1e-10,1e-10,-,0
2026-08-05 08:29:00+00:00,7.874330985337422e-07,1.5659571811752737e-06,-,0
2026-08-05 08:30:00+00:00,1.424459327546124e-06,2.05849169633146e-07,-,0
2026-08-05 08:31:00+00:00,1.5655817506880317e-06,1.496795919352268e-06,-,0
2026-08-05 08:32:00+00:00,1.4484433227174337e-06,1e-10,-,0
2026-08-05 08:33:00+00:00,4.8824769519395215e-08,1e-10,-,0
2026-08-05 08:34:00+00:00,1.020474869625833e-06,1e-10,-,0
2026-08-05 08:35:00+00:00,1e-10,1e-10,-,0
2026-08-05 08:36:00+00:00,1.8113359192410623e-06,1e-10,-,0
2026-08-05 08:37:00+00:00,1e-10,4.5361860054225335e-07,-,0
2026-08-05 08:38:00+00:00,1.4208153320000444e-06,1e-10,-,0
2026-08-05 08:39:00+00:00,1.1856482716683573e-06,1e-10,-,0
2026-08-05 08:40:00+00:00,1.1836521220884493e-06,1e-10,-,0
2026-08-05 08:41:00+00:00,2.3178522390414508e-06,8.380874114086142e-07,-,0
2026-08-05 08:42:00+00:00,1.199706636005667e-06,1e-10,-,0
2026-08-05 08:43:00+00:00,1e-10,1e-10,-,0
2026-08-05 08:44:00+00:00,6.862937039958295e-07,1e-10,-,0
2026-08-05 08:45:00+00:00,1e-10,1.1159313679957465e-06,-,0
2026-08-05 08:46:00+00:00,1e-10,4.3762038457081655e-07,-,0
2026-08-05 08:47:00+00:00,1e-10,4.895855571007695e-07,-,0
2026-08-05 08:48:00+00:00,7.375169339371902e-07,4.1954721406639603e-07,-,0
2026-08-05 08:49:00+00:00,1e-10,1e-10,-,0
2026-08-05 08:50:00+00:00,1e-10,1e-10,-,0
2026-08-05 08:51:00+00:00,5.911722491868366e-07,1.0137992740050319e-06,-,0
2026-08-05 08:52:00+00:00,1.3338047525657512e-06,1e-10,-,0
2026-08-05 08:53:00+00:00,3.520747812828848e-08,1e-10,-,0
2026-08-05 08:54:00+00:00,2.6052110760645926e-06,1e-10,-,0
2026-08-05 08:55:00+00:00,1e-10,1e-10,-,0
2026-08-05 08:56:00+00:00,7.849057126259294e-07,1e-10,-,0
2026-08-05 08:57:00+00:00,4.0831354550065484e-07,1e-10,-,0
2026-08-05 08:58:00+00:00,1e-10,4.439242855188377e-07,-,0
2026-08-05 08:59:00+00:00,1.4844194133695433e-06,2.3755523466094126e-06,-,0
2026-08-05 09:00:00+00:00,1e-10,1e-10,-,0
2026-08-05 09:01:00+00:00,1e-10,1e-10,-,0
2026-08-05 09:02:00+00:00,1e-10,1e-10,-,0
2026-08-05 09:03:00+00:00,1e-10,4.903335549851419e-07,-,0
2026-08-05 09:04:00+00:00,1.2061843677811009e-06,5.1391882152964075e-08,-,0
2026-08-05 09:05:00+00:00,1e-10,7.072896234382089e-07,-,0
2026-08-05 09:06:00+00:00,6.125629281665505e-07,1e-10,-,0
2026-08-05 09:07:00+00:00,4.785962923764258e-07,2.494406574628829e-07,-,0
2026-08-05 09:08:00+00:00,3.8991897160049693e-07,2.7490354827607334e-06,-,0
2026-08-05 09:09:00+00:00,1.1875180233791041e-06,1e-10,-,0
2026-08-05 09:10:00+00:00,1.1773785923894432e-08,1e-10,-,0
2026-08-05 09:11:00+00:00,9.073247358967426e-08,3.872988553435825e-07,-,0
2026-08-05 09:12:00+00:00,5.319661949294709e-07,2.6746355189621397e-06,-,0
2026-08-05 09:13:00+00:00,1e-10,8.420441841690817e-07,-,0
2026-08-05 09:14:00+00:00,1e-10,2.7532901661705684e-09,-,0
2026-08-05 09:15:00+00:00,1e-10,1e-10,-,0
2026-08-05 09:16:00+00:00,1e-10,1.389562696988266e-06,-,0
2026-08-05 09:17:00+00:00,1e-10,1e-10,-,0
2026-08-05 09:18:00+00:00,1e-10,1.5880945010482558e-06,-,0
2026-08-05 09:19:00+00:00,2.3056835623395187e-07,1e-10,-,0
2026-08-05 09:20:00+00:00,1e-10,1e-10,-,0
2026-08-05 09:21:00+00:00,9.776409360647303e-07,1e-10,-,0
2026-08-05 09:22:00+00:00,9.943314812402466e-07,4.576814448473926e-07,-,0
2026-08-05 09:23:00+00:00,1e-10,1e-10,-,0
2026-08-05 09:24:00+00:00,1e-10,1.2842189241874416e-06,-,0
2026-08-05 09:25:00+00:00,1e-10,1e-10,-,0
2026-08-05 09:26:00+00:00,1e-10,1e-10,-,0
2026-08-05 09:27:00+00:00,1e-10,1e-10,-,0
2026-08-05 09:28:00+00:00,1.9865421786853225e-07,9.516615290255876e-07,-,0
2026-08-05 09:29:00+00:00,9.66605771922248e-07,1e-10,-,0
2026-08-05 09:30:00+00:00,1e-10,7.376488319419675e-07,-,0
2026-08-05 09:31:00+00:00,1e-10,2.419303622062257e-07,-,0
2026-08-05 09:32:00+00:00,3.035216813137214e-08,6.481633171116336e-07,-,0
2026-08-05 09:33:00+00:00,1e-10,1.6462716474051314e-06,-,0
2026-08-05 09:34:00+00:00,1e-10,1e-10,-,0
2026-08-05 09:35:00+00:00,1.0928889781604767e-06,5.827720353821101e-08,-,0
2026-08-05 09:36:00+00:00,5.001253063656335e-07,1e-10,-,0
2026-08-05 09:37:00+00:00,1.6387891371591405e-06,1.4145411097855368e-06,-,0
2026-08-05 09:38:00+00:00,1e-10,1e-10,-,0
2026-08-05 09:39:00+00:00,1e-10,1e-10,-,0
2026-08-05 09:40:00+00:00,1e-10,1e-10,-,0
2026-08-05 09:41:00+00:00,4.7236942364598477e-07,1e-10,-,0
2026-08-05 09:42:00+00:00,9.84931477963638e-07,7.284678249684571e-07,-,0
2026-08-05 09:43:00+00:00,3.4809198740248787e-07,5.199626491946492e-07,-,0
2026-08-05 09:44:00+00:00,1.9124737977320372e-07,1e-10,-,0
2026-08-05 09:45:00+00:00,9.846927161896777e-07,1.8225774021018584e-06,-,0
2026-08-05 09:46:00+00:00,1e-10,8.412400229137648e-07,-,0
2026-08-05 09:47:00+00:00,1.2040529039148396e-06,1.6855182023858355e-06,-,0
2026-08-05 09:48:00+00:00,2.2291998867310292e-06,1e-10,-,0
2026-08-05 09:49:00+00:00,1e-10,1e-10,-,0
2026-08-05 09:50:00+00:00,1e-10,9.731677391218692e-07,-,0
2026-08-05 09:51:00+00:00,1e-10,1e-10,-,0
2026-08-05 09:52:00+00:00,1e-10,1e-10,-,0
2026-08-05 09:53:00+00:00,4.6668184468805043e-07,1e-10,-,0
2026-08-05 09:54:00+00:00,1e-10,3.3839841310616057e-07,-,0
2026-08-05 09:55:00+00:00,1e-10,1e-10,-,0
2026-08-05 09:56:00+00:00,1.1968594305769196e-06,1e-10,-,0
2026-08-05 09:57:00+00:00,2.781864980320937e-07,1.8328556819600122e-06,-,0
2026-08-05 09:58:00+00:00,8.845208988196374e-07,6.250155089378145e-07,-,0
2026-08-05 09:59:00+00:00,1e-10,6.02609700823333e-07,-,0
2026-08-05 10:00:00+00:00,1.1045423051021811e-07,1.218570692282663e-07,-,0
2026-08-05 10:01:00+00:00,2.118552710234126e-06,8.558252753321482e-07,-,0
2026-08-05 10:02:00+00:00,1e-10,5.226380359770604e-07,-,0
2026-08-05 10:03:00+00:00,1e-10,1e-10,-,0
2026-08-05 10:04:00+00:00,6.755038647912574e-07,2.088814920165401e-06,-,0
2026-08-05 10:05:00+00:00,1e-10,1.9047110426350907e-06,-,0
2026-08-05 10:06:00+00:00,8.293966216343897e-07,1e-10,-,0
2026-08-05 10:07:00+00:00,1e-10,1e-10,-,0
2026-08-05 10:08:00+00:00,1e-10,1e-10,-,0
2026-08-05 10:09:00+00:00,3.8091040027737715e-07,1e-10,-,0
2026-08-05 10:10:00+00:00,1e-10,2.914998149471927e-07,-,0
2026-08-05 10:11:00+00:00,1e-10,1e-10,-,0
2026-08-05 10:12:00+00:00,1.001461299453086e-06,1e-10,-,0
2026-08-05 10:13:00+00:00,7.240828130138238e-07,6.618477360349161e-07,-,0
2026-08-05 10:14:00+00:00,1e-10,1e-10,-,0
2026-08-05 10:15:00+00:00,6.130285658497624e-07,1.0367655318459117e-06,-,0
2026-08-05 10:16:00+00:00,1e-10,1e-10,-,0
2026-08-05 10:17:00+00:00,4.957505716685078e-07,1.865857324177151e-06,-,0
2026-08-05 10:18:00+00:00,1.0652461485323108e-08,2.481973333134418e-06,-,0
2026-08-05 10:19:00+00:00,1e-10,2.450924292585496e-07,-,0
2026-08-05 10:20:00+00:00,1e-10,1e-10,-,0
2026-08-05 10:21:00+00:00,1e-10,1e-10,-,0
2026-08-05 10:22:00+00:00,2.397367498227866e-07,1.1642679427523457e-06,-,0
2026-08-05 10:23:00+00:00,4.777102011332879e-07,9.562962320977863e-07,-,0
2026-08-05 10:24:00+00:00,1e-10,1e-10,-,0
2026-08-05 10:25:00+00:00,1e-10,6.039380507371948e-07,-,0
2026-08-05 10:26:00+00:00,1e-10,1e-10,-,0
2026-08-05 10:27:00+00:00,1.424199662978982e-06,2.9208503699488997e-07,-,0
2026-08-05 10:28:00+00:00,1e-10,1e-10,-,0
2026-08-05 10:29:00+00:00,1e-10,1e-10,-,0
2026-08-05 10:30:00+00:00,1e-10,1e-10,-,0
2026-08-05 10:31:00+00:00,2.940376137544764e-07,1e-10,-,0
2026-08-05 10:32:00+00:00,1.1825342443217218e-06,1e-10,-,0
2026-08-05 10:33:00+00:00,1e-10,1e-10,-,0
2026-08-05 10:34:00+00:00,7.591720033138083e-07,1e-10,-,0
2026-08-05 10:35:00+00:00,1.8415221696575804e-06,2.7512638576421824e-07,-,0
2026-08-05 10:36:00+00:00,1.7660091147725188e-07,1e-10,-,0
2026-08-05 10:37:00+00:00,1e-10,1e-10,-,0
2026-08-05 10:38:00+00:00,1e-10,1.0850906332010395e-06,-,0
2026-08-05 10:39:00+00:00,1e-10,6.076512573972123e-07,-,0
2026-08-05 10:40:00+00:00,2.206417357910201e-06,1e-10,-,0
2026-08-05 10:41:00+00:00,9.563940836553378e-07,9.56398803536603e-07,-,0
2026-08-05 10:42:00+00:00,1.03144282147267e-06,1e-10,-,0
2026-08-05 10:43:00+00:00,2.416450110768605e-06,2.3667665618290048e-07,-,0
2026-08-05 10:44:00+00:00,1.5221409559950842e-06,2.516052069877672e-07,-,0
2026-08-05 10:45:00+00:00,1e-10,1e-10,-,0
2026-08-05 10:46:00+00:00,5.8912394317303616e-08,5.393651976007469e-07,-,0
2026-08-05 10:47:00+00:00,2.6435920071478575e-06,1e-10,-,0
2026-08-05 10:48:00+00:00,1e-10,1e-10,-,0
2026-08-05 10:49:00+00:00,1e-10,1e-10,-,0
2026-08-05 10:50:00+00:00,1e-10,1e-10,-,0
2026-08-05 10:51:00+00:00,1e-10,6.993359762360436e-07,-,0
2026-08-05 10:52:00+00:00,1e-10,1.2470002427410474e-06,-,0
2026-08-05 10:53:00+00:00,1e-10,1e-10,-,0
2026-08-05 10:54:00+00:00,1e-10,8.444400395441352e-08,-,0
2026-08-05 10:55:00+00:00,7.142292639125017e-07,1e-10,-,0
2026-08-05 10:56:00+00:00,2.0246402204527762e-08,1e-10,-,0
2026-08-05 10:57:00+00:00,1.1522046785341476e-06,1e-10,-,0
2026-08-05 10:58:00+00:00,2.031424223488033e-07,1e-10,-,0
2026-08-05 10:59:00+00:00,2.3422416767588548e-07,1e-10,-,0
2026-08-05 11:00:00+00:00,1e-10,1.8116154840815589e-06,-,0
2026-08-05 11:01:00+00:00,2.1905114275898624e-06,1e-10,-,0
2026-08-05 11:02:00+00:00,1e-10,1e-10,-,0
2026-08-05 11:03:00+00:00,1.0475396031547503e-06,1e-10,-,0
2026-08-05 11:04:00+00:00,1e-10,1.0974424815261994e-06,-,0
2026-08-05 11:05:00+00:00,1e-10,1.5842939574733811e-06,-,0
2026-08-05 11:06:00+00:00,2.2529157841653228e-06,1e-10,-,0
2026-08-05 11:07:00+00:00,7.906009101684174e-07,6.548441807989002e-07,-,0
2026-08-05 11:08:00+00:00,1e-10,5.610155715965109e-07,-,0
2026-08-05 11:09:00+00:00,1e-10,1e-10,-,0
2026-08-05 11:10:00+00:00,1.8073139732836317e-06,1e-10,-,0
2026-08-05 11:11:00+00:00,1.3151883498958545e-07,5.349906232736356e-07,-,0
2026-08-05 11:12:00+00:00,1e-10,1.4420977426488228e-06,-,0
2026-08-05 11:13:00+00:00,1e-10,1.5419314434363954e-06,B,1
2026-08-05 11:14:00+00:00,1e-10,5.516038507240643e-07,B,1
2026-08-05 11:15:00+00:00,1.6006563604879404e-06,9.442480541566563e-07,B,1
2026-08-05 11:16:00+00:00,1e-10,1e-10,B,1
2026-08-05 11:17:00+00:00,1e-10,6.516195576073715e-07,B,1
2026-08-05 11:18:00+00:00,6.982918699016268e-07,6.677591811246673e-07,B,1
2026-08-05 11:19:00+00:00,1e-10,1e-10,B,1
2026-08-05 11:20:00+00:00,1e-10,7.893093257478102e-08,B,1
2026-08-05 11:21:00+00:00,4.217187021219983e-08,1e-10,B,1
2026-08-05 11:22:00+00:00,6.864802605974885e-08,1e-10,B,1
2026-08-05 11:23:00+00:00,1e-10,6.689452151936769e-07,B,1
2026-08-05 11:24:00+00:00,5.569724002338885e-07,2.092838922935958e-06,B,1
2026-08-05 11:25:00+00:00,2.770728879970411e-07,1e-10,B,1
2026-08-05 11:26:00+00:00,1e-10,6.950419828347322e-08,B,1
2026-08-05 11:27:00+00:00,9.006890391353622e-07,1e-10,B,1
2026-08-05 11:28:00+00:00,1e-10,2.4066860583878805e-07,B,1
2026-08-05 11:29:00+00:00,9.265388879397359e-07,1e-10,B,1
2026-08-05 11:30:00+00:00,2.3358399871059863e-06,1e-10,B,1
2026-08-05 11:31:00+00:00,1e-10,1.0964813803342955e-06,B,1
2026-08-05 11:32:00+00:00,1e-10,3.1953257647432403e-07,B,1
2026-08-05 11:33:00+00:00,1.560976390799678e-06,1e-10,B,1
2026-08-05 11:34:00+00:00,1e-10,1e-10,B,1
2026-08-05 11:35:00+00:00,2.128372364299763e-06,7.695453506425303e-07,B,1
2026-08-05 11:36:00+00:00,1e-10,1e-10,B,1
2026-08-05 11:37:00+00:00,1e-10,1.4803558485988167e-06,B,1
2026-08-05 11:38:00+00:00,2.6535676551792033e-06,1.2335248671967863e-07,B,1
2026-08-05 11:39:00+00:00,4.362586974553542e-07,1e-10,B,1
2026-08-05 11:40:00+00:00,1.8307163913493426e-06,1e-10,B,1
2026-08-05 11:41:00+00:00,8.396793505214898e-09,1e-10,B,1
2026-08-05 11:42:00+00:00,1e-10,1e-10,B,1
2026-08-05 11:43:00+00:00,1e-10,5.131301447238615e-07,B,1
2026-08-05 11:44:00+00:00,1.1608837088755461e-06,1e-10,B,1
2026-08-05 11:45:00+00:00,4.729079339167331e-07,8.840699136260816e-07,B,1
2026-08-05 11:46:00+00:00,1e-10,1e-10,B,1
2026-08-05 11:47:00+00:00,7.204729898538252e-07,9.917622658729563e-08,B,1
2026-08-05 11:48:00+00:00,1.1617388387045732e-07,1e-10,B,1
2026-08-05 11:49:00+00:00,1e-10,1.1783822741656845e-07,B,1
2026-08-05 11:50:00+00:00,5.077377822116706e-07,1.3844280076542678e-06,B,1
2026-08-05 11:51:00+00:00,1e-10,1.098489318044036e-06,B,1
2026-08-05 11:52:00+00:00,1.0046054572296098e-06,6.368520890147595e-07,B,1
2026-08-05 11:53:00+00:00,1e-10,1.8486417046178524e-06,B,2
2026-08-05 11:54:00+00:00,1e-10,2.244683024250001e-06,B,2
2026-08-05 11:55:00+00:00,1e-10,2.426024534273034e-06,B,2
2026-08-05 11:56:00+00:00,1e-10,1e-10,B,2
2026-08-05 11:57:00+00:00,1e-10,1.3753767677805562e-06,B,2
2026-08-05 11:58:00+00:00,8.266379628423604e-07,1.2632193832635087e-06,B,2
2026-08-05 11:59:00+00:00,1e-10,3.977109526556358e-07,B,2
2026-08-05 12:00:00+00:00,1e-10,1.453884902641931e-06,B,2
2026-08-05 12:01:00+00:00,1.358617605932199e-06,2.903050954732214e-07,B,2
2026-08-05 12:02:00+00:00,2.537471066036593e-07,1e-10,B,2
2026-08-05 12:03:00+00:00,1.2612781577451262e-06,1.6447789240298985e-06,B,2
2026-08-05 12:04:00+00:00,1.3679216367601038e-07,1e-10,B,2
2026-08-05 12:05:00+00:00,1e-10,1e-10,B,2
2026-08-05 12:06:00+00:00,1e-10,3.686757916814142e-06,B,2
2026-08-05 12:07:00+00:00,1e-10,1e-10,B,3
2026-08-05 12:08:00+00:00,1e-10,7.960425987015694e-07,B,3
2026-08-05 12:09:00+00:00,5.940991980422398e-07,1e-10,B,3
2026-08-05 12:10:00+00:00,1.618606159473278e-07,1e-10,B,3
2026-08-05 12:11:00+00:00,1e-10,1e-10,B,3
2026-08-05 12:12:00+00:00,1e-10,1e-10,B,3
2026-08-05 12:13:00+00:00,8.189885135881704e-07,1.008236429247766e-06,B,3
2026-08-05 12:14:00+00:00,1.2277404700628822e-06,2.577142773252872e-06,B,3
2026-08-05 12:15:00+00:00,1.2941804389750232e-06,4.160719841423355e-08,B,3
2026-08-05 12:16:00+00:00,1e-10,1e-10,B,3
2026-08-05 12:17:00+00:00,1.3669282539700694e-06,1e-10,B,3
2026-08-05 12:18:00+00:00,8.217545793691031e-07,1e-10,B,3
2026-08-05 12:19:00+00:00,8.383422043808625e-07,1.314148215503199e-07,B,3
2026-08-05 12:20:00+00:00,1e-10,1e-10,B,3
2026-08-05 12:21:00+00:00,3.918125402553302e-08,2.3774494391677182e-06,B,3
2026-08-05 12:22:00+00:00,2.1895155923890704e-06,1e-10,B,3
2026-08-05 12:23:00+00:00,2.0394886030693817e-06,9.141089565317688e-07,B,3
2026-08-05 12:24:00+00:00,1.0516957140055604e-07,1e-10,B,3
2026-08-05 12:25:00+00:00,3.7347817286321055e-07,1e-10,B,3
2026-08-05 12:26:00+00:00,1e-10,1e-10,B,3
2026-08-05 12:27:00+00:00,1.466621486926322e-06,2.3052472505333553e-09,B,3
2026-08-05 12:28:00+00:00,9.657302880576026e-07,1e-10,B,3
2026-08-05 12:29:00+00:00,5.090339285827859e-07,4.993577394562512e-08,B,3
2026-08-05 12:30:00+00:00,1e-10,1e-10,B,3
2026-08-05 12:31:00+00:00,2.0395887665766508e-07,2.5413286989717355e-06,B,3
2026-08-05 12:32:00+00:00,1.7504491300644117e-06,4.472025649966567e-07,B,3
2026-08-05 12:33:00+00:00,5.188420574696589e-07,6.543310198381827e-07,B,3
2026-08-05 12:34:00+00:00,3.021492528788708e-06,1e-10,B,3
2026-08-05 12:35:00+00:00,1.0042421245162655e-06,1e-10,B,3
2026-08-05 12:36:00+00:00,1e-10,1e-10,B,3
2026-08-05 12:37:00+00:00,1e-10,1e-10,B,3
2026-08-05 12:38:00+00:00,1e-10,1e-10,B,3
2026-08-05 12:39:00+00:00,1.0362041206424063e-06,4.4245865869889187e-07,B,3
2026-08-05 12:40:00+00:00,1.3707580977932373e-06,2.142998923688586e-07,B,3
2026-08-05 12:41:00+00:00,1.982523387165474e-06,1e-10,B,3
2026-08-05 12:42:00+00:00,1e-10,2.966498027521644e-06,B,3
2026-08-05 12:43:00+00:00,6.065796764047311e-07,3.9421930554036717e-07,B,3
2026-08-05 12:44:00+00:00,1.5001920444596884e-06,1e-10,B,3
2026-08-05 12:45:00+00:00,1.786911364334994e-06,1e-10,B,3
2026-08-05 12:46:00+00:00,1e-10,8.118922440945172e-07,B,3
2026-08-05 12:47:00+00:00,7.635394346208001e-07,1e-10,B,3
2026-08-05 12:48:00+00:00,1e-10,1.0707617380001994e-06,B,3
2026-08-05 12:49:00+00:00,1e-10,1e-10,B,3
2026-08-05 12:50:00+00:00,1e-10,1e-10,B,3
2026-08-05 12:51:00+00:00,1e-10,1e-10,B,3
2026-08-05 12:52:00+00:00,1e-10,1.1673675634301068e-06,B,3
2026-08-05 12:53:00+00:00,1e-10,1e-10,B,3
2026-08-05 12:54:00+00:00,1e-10,8.45062321725846e-07,B,3
2026-08-05 12:55:00+00:00,4.0401370986040223e-07,1e-10,B,3
2026-08-05 12:56:00+00:00,9.779896813007183e-08,9.66469887711905e-07,B,3
2026-08-05 12:57:00+00:00,1e-10,1.43974142346922e-06,B,3
2026-08-05 12:58:00+00:00,3.0938962660214366e-06,1e-10,B,3
2026-08-05 12:59:00+00:00,1e-10,1e-10,B,3
2026-08-05 13:00:00+00:00,1e-10,2.484216433877465e-06,B,3
2026-08-05 13:01:00+00:00,7.011240006405006e-07,5.180126221770398e-07,B,3
2026-08-05 13:02:00+00:00,5.0131413945634296e-08,8.121785593732901e-07,B,3
2026-08-05 13:03:00+00:00,1e-10,1e-10,B,3
2026-08-05 13:04:00+00:00,4.865659032879404e-07,1e-10,B,3
2026-08-05 13:05:00+00:00,1e-10,2.4324279659669345e-07,B,3
2026-08-05 13:06:00+00:00,1e-10,1e-10,B,3
2026-08-05 13:07:00+00:00,1.6698622602315384e-06,1e-10,B,3
2026-08-05 13:08:00+00:00,1.8165656776858892e-07,3.174632245143274e-07,B,3
2026-08-05 13:09:00+00:00,7.248049248127372e-07,1e-10,B,3
2026-08-05 13:10:00+00:00,1e-10,3.4419700178395276e-07,B,3
2026-08-05 13:11:00+00:00,2.200259795215993e-07,1e-10,B,3
2026-08-05 13:12:00+00:00,1e-10,7.979527627380812e-07,B,3
2026-08-05 13:13:00+00:00,1e-10,1.1990948769109771e-07,B,3
2026-08-05 13:14:00+00:00,1e-10,5.962127152744538e-07,B,3
2026-08-05 13:15:00+00:00,1e-10,1.5022771925440961e-06,B,3
2026-08-05 13:16:00+00:00,1.1898310146910483e-06,1e-10,B,3
2026-08-05 13:17:00+00:00,6.849742081345196e-07,1e-10,B,3
2026-08-05 13:18:00+00:00,1e-10,1.3480847811485656e-06,B,3
2026-08-05 13:19:00+00:00,1.948917574484846e-06,1.8961932131296458e-06,B,3
2026-08-05 13:20:00+00:00,7.473531037505143e-07,1.4371442362195072e-06,B,3
2026-08-05 13:21:00+00:00,1.3086681482594167e-06,1e-10,-,0
2026-08-05 13:22:00+00:00,1e-10,6.777661303603037e-07,-,0
2026-08-05 13:23:00+00:00,1e-10,1e-10,-,0
2026-08-05 13:24:00+00:00,1e-10,1.0067881445242795e-06,-,0
2026-08-05 13:25:00+00:00,1.926834014132968e-06,1e-10,-,0
2026-08-05 13:26:00+00:00,1e-10,1e-10,-,0
2026-08-05 13:27:00+00:00,1e-10,1e-10,-,0
2026-08-05 13:28:00+00:00,1e-10,1e-10,-,0
2026-08-05 13:29:00+00:00,1e-10,1e-10,-,0
2026-08-05 13:30:00+00:00,6.31679431856315e-07,1e-10,-,0
2026-08-05 13:31:00+00:00,7.146062187813841e-07,1.5225994835083526e-07,-,0
2026-08-05 13:32:00+00:00,5.017231154905953e-07,1.6766920072610914e-06,-,0
2026-08-05 13:33:00+00:00,1e-10,5.791132836083321e-07,-,0
2026-08-05 13:34:00+00:00,3.5511484435417047e-07,1e-10,-,0
2026-08-05 13:35:00+00:00,2.0114420342261656e-06,1e-10,-,0
2026-08-05 13:36:00+00:00,1e-10,1e-10,-,0
2026-08-05 13:37:00+00:00,1.2740748740322429e-06,1e-10,-,0
2026-08-05 13:38:00+00:00,9.298296848358964e-07,1.5484309304062531e-07,-,0
2026-08-05 13:39:00+00:00,1e-10,1e-10,-,0
2026-08-05 13:40:00+00:00,2.220056438910975e-07,1e-10,-,0
2026-08-05 13:41:00+00:00,4.349153244891861e-07,1e-10,-,0
2026-08-05 13:42:00+00:00,1e-10,1e-10,-,0
2026-08-05 13:43:00+00:00,1e-10,1e-10,-,0
2026-08-05 13:44:00+00:00,1.0409822462435807e-06,1e-10,-,0
2026-08-05 13:45:00+00:00,1e-10,1e-10,-,0
2026-08-05 13:46:00+00:00,1e-10,1e-10,-,0
2026-08-05 13:47:00+00:00,1e-10,1e-10,-,0
2026-08-05 13:48:00+00:00,3.507869719148806e-07,4.6466898017143084e-07,-,0
2026-08-05 13:49:00+00:00,1e-10,1e-10,-,0
2026-08-05 13:50:00+00:00,1e-10,9.274360209724214e-07,-,0
2026-08-05 13:51:00+00:00,1.0885494156325342e-06,1.9997894828061675e-06,-,0
2026-08-05 13:52:00+00:00,1e-10,1e-10,-,0
2026-08-05 13:53:00+00:00,1e-10,1e-10,-,0
2026-08-05 13:54:00+00:00,4.7218812535230543e-07,3.796673233272144e-07,-,0
2026-08-05 13:55:00+00:00,1.0294596963050128e-07,6.611840997366922e-07,-,0
2026-08-05 13:56:00+00:00,6.382457462896915e-08,1e-10,-,0
2026-08-05 13:57:00+00:00,5.249363479948207e-07,1.8906176059236276e-06,-,0
2026-08-05 13:58:00+00:00,1e-10,1e-10,-,0
2026-08-05 13:59:00+00:00,9.722010651952525e-07,1e-10,-,0
2026-08-05 14:00:00+00:00,1e-10,7.513280983101136e-07,-,0
2026-08-05 14:01:00+00:00,1.4118518595973577e-06,1.6077139825415795e-06,-,0
2026-08-05 14:02:00+00:00,1e-10,1e-10,-,0
2026-08-05 14:03:00+00:00,1e-10,8.32931165886911e-07,-,0
2026-08-05 14:04:00+00:00,1e-10,1e-10,-,0
2026-08-05 14:05:00+00:00,1e-10,1e-10,-,0
2026-08-05 14:06:00+00:00,1e-10,1e-10,-,0
2026-08-05 14:07:00+00:00,1e-10,1e-10,-,0
2026-08-05 14:08:00+00:00,1.1569008208536977e-06,7.683027884178821e-07,-,0
2026-08-05 14:09:00+00:00,1e-10,1e-10,-,0
2026-08-05 14:10:00+00:00,1e-10,4.921879258407005e-07,-,0
2026-08-05 14:11:00+00:00,1e-10,1e-10,-,0
2026-08-05 14:12:00+00:00,2.2977523108394713e-06,3.7673857899272616e-07,-,0
2026-08-05 14:13:00+00:00,1e-10,1e-10,-,0
2026-08-05 14:14:00+00:00,1e-10,1e-10,-,0
2026-08-05 14:15:00+00:00,1e-10,4.2719846890428334e-07,-,0
2026-08-05 14:16:00+00:00,1.745402926826576e-06,1.4360301159491534e-07,-,0
2026-08-05 14:17:00+00:00,1e-10,1e-10,-,0
2026-08-05 14:18:00+00:00,1e-10,2.8597381048825436e-06,-,0
2026-08-05 14:19:00+00:00,4.3628370622034015e-07,1e-10,-,0
2026-08-05 14:20:00+00:00,3.538016505832659e-07,5.655699026588519e-07,-,0
2026-08-05 14:21:00+00:00,5.728752014427996e-07,6.618759283811157e-07,-,0
2026-08-05 14:22:00+00:00,1e-10,1e-10,-,0
2026-08-05 14:23:00+00:00,1e-10,2.7716538128774775e-07,-,0
2026-08-05 14:24:00+00:00,1.2808715005202682e-06,4.990360412330727e-07,-,0
2026-08-05 14:25:00+00:00,4.905911998867856e-07,1e-10,-,0
2026-08-05 14:26:00+00:00,9.317728935587931e-07,1e-10,-,0
2026-08-05 14:27:00+00:00,1e-10,1e-10,-,0
2026-08-05 14:28:00+00:00,1.2049221412922317e-06,1e-10,-,0
2026-08-05 14:29:00+00:00,3.5705063377727354e-07,1.5321989506926859e-06,-,0
2026-08-05 14:30:00+00:00,1e-10,9.799632855172534e-07,-,0
2026-08-05 14:31:00+00:00,8.574972768289361e-07,8.710665185292653e-08,-,0
2026-08-05 14:32:00+00:00,1e-10,1e-10,-,0
2026-08-05 14:33:00+00:00,1.7443923235199842e-06,1e-10,-,0
2026-08-05 14:34:00+00:00,1.1526976346721654e-06,1e-10,-,0
2026-08-05 14:35:00+00:00,1e-10,1e-10,-,0
2026-08-05 14:36:00+00:00,1e-10,1e-10,-,0
2026-08-05 14:37:00+00:00,1.807847948629926e-07,1e-10,-,0
2026-08-05 14:38:00+00:00,1e-10,1e-10,-,0
2026-08-05 14:39:00+00:00,1.4896424824528904e-06,1e-10,-,0
2026-08-05 14:40:00+00:00,1e-10,2.042368338984168e-06,-,0
2026-08-05 14:41:00+00:00,1e-10,1e-10,-,0
2026-08-05 14:42:00+00:00,1e-10,2.169275960918216e-07,-,0
2026-08-05 14:43:00+00:00,8.672333233725584e-07,1e-10,-,0
2026-08-05 14:44:00+00:00,1.1555098728678374e-06,7.031732390145781e-07,-,0
2026-08-05 14:45:00+00:00,1.5747107581374267e-07,1e-10,-,0
2026-08-05 14:46:00+00:00,1e-10,1e-10,-,0
2026-08-05 14:47:00+00:00,1e-10,1e-10,-,0
2026-08-05 14:48:00+00:00,1e-10,1e-10,-,0
2026-08-05 14:49:00+00:00,1e-10,1.6823764497022231e-06,-,0
2026-08-05 14:50:00+00:00,1e-10,4.315358976776083e-07,-,0
2026-08-05 14:51:00+00:00,5.996525518021486e-07,1e-10,-,0
2026-08-05 14:52:00+00:00,1e-10,9.437221229540422e-07,-,0
2026-08-05 14:53:00+00:00,1e-10,1.2882259319533383e-06,-,0
2026-08-05 14:54:00+00:00,1.2580292047413475e-06,1e-10,-,0
2026-08-05 14:55:00+00:00,1e-10,1e-10,-,0
2026-08-05 14:56:00+00:00,1e-10,1.522878552040581e-08,-,0
2026-08-05 14:57:00+00:00,4.001624728022371e-07,1e-10,-,0
2026-08-05 14:58:00+00:00,1e-10,1e-10,-,0
2026-08-05 14:59:00+00:00,1e-10,1e-10,-,0
2026-08-05 15:00:00+00:00,1.7488451671877456e-06,1e-10,-,0
2026-08-05 15:01:00+00:00,1e-10,3.422661676328805e-06,-,0
2026-08-05 15:02:00+00:00,1e-10,1e-10,-,0
2026-08-05 15:03:00+00:00,5.174714050506741e-07,1e-10,-,0
2026-08-05 15:04:00+00:00,1e-10,1.0999775190200026e-06,-,0
2026-08-05 15:05:00+00:00,1e-10,2.1056901091797177e-07,-,0
2026-08-05 15:06:00+00:00,2.0084953088928945e-06,1e-10,-,0
2026-08-05 15:07:00+00:00,1e-10,9.746615392172225e-07,-,0
2026-08-05 15:08:00+00:00,1e-10,1e-10,-,0
2026-08-05 15:09:00+00:00,5.162126605311099e-07,3.57691444612099e-07,-,0
2026-08-05 15:10:00+00:00,2.4235543208454328e-06,1e-10,-,0
2026-08-05 15:11:00+00:00,1e-10,4.508047564832577e-08,-,0
2026-08-05 15:12:00+00:00,1e-10,6.190500755381692e-08,-,0
2026-08-05 15:13:00+00:00,5.81413046268171e-07,2.6689856142041115e-06,-,0
2026-08-05 15:14:00+00:00,2.346517814958486e-06,1e-10,-,0
2026-08-05 15:15:00+00:00,1.8689305607617123e-07,1e-10,-,0
2026-08-05 15:16:00+00:00,1e-10,6.043856970056108e-07,-,0
2026-08-05 15:17:00+00:00,4.6505493076497747e-07,1.1471772015508302e-06,-,0
2026-08-05 15:18:00+00:00,1e-10,1e-10,-,0
2026-08-05 15:19:00+00:00,1e-10,4.426564412142844e-07,-,0
2026-08-05 15:20:00+00:00,1e-10,1e-10,-,0
2026-08-05 15:21:00+00:00,1e-10,1e-10,-,0
2026-08-05 15:22:00+00:00,1e-10,1e-10,-,0
2026-08-05 15:23:00+00:00,1e-10,1e-10,-,0
2026-08-05 15:24:00+00:00,2.3181546221822125e-07,1e-10,-,0
2026-08-05 15:25:00+00:00,7.184804784765181e-07,1e-10,-,0
2026-08-05 15:26:00+00:00,1e-10,1e-10,-,0
2026-08-05 15:27:00+00:00,1e-10,6.998956086104156e-07,-,0
2026-08-05 15:28:00+00:00,1.4363601256967274e-06,1e-10,-,0
2026-08-05 15:29:00+00:00,2.1327272894551563e-06,8.813470967395291e-08,-,0
2026-08-05 15:30:00+00:00,4.774910672003905e-07,1e-10,-,0
2026-08-05 15:31:00+00:00,1e-10,1e-10,-,0
2026-08-05 15:32:00+00:00,1e-10,8.259356596580488e-07,-,0
2026-08-05 15:33:00+00:00,5.122650016088097e-07,1e-10,-,0
2026-08-05 15:34:00+00:00,1.32951538115214e-07,6.034018583311118e-07,-,0
2026-08-05 15:35:00+00:00,5.126347399519201e-07,1e-10,-,0
2026-08-05 15:36:00+00:00,5.358945786386227e-07,1e-10,-,0
2026-08-05 15:37:00+00:00,1e-10,6.333103073590729e-07,-,0
2026-08-05 15:38:00+00:00,1e-10,7.11638225946177e-07,-,0
2026-08-05 15:39:00+00:00,1e-10,2.093151617419698e-06,-,0
2026-08-05 15:40:00+00:00,5.509971820197681e-07,7.935667984230579e-07,-,0
2026-08-05 15:41:00+00:00,1e-10,1.300919016485128e-06,-,0
2026-08-05 15:42:00+00:00,1e-10,1e-10,-,0
2026-08-05 15:43:00+00:00,1e-10,1.0829196974667574e-09,-,0
2026-08-05 15:44:00+00:00,1e-10,1e-10,-,0
2026-08-05 15:45:00+00:00,1.585865548921777e-06,1.2188130535279962e-06,-,0
2026-08-05 15:46:00+00:00,1.3963436605514916e-06,1e-10,-,0
2026-08-05 15:47:00+00:00,4.956383953393439e-07,5.471347994202503e-07,-,0
2026-08-05 15:48:00+00:00,1.996148293988976e-06,1e-10,-,0
2026-08-05 15:49:00+00:00,1.0089660328580268e-06,1e-10,-,0
2026-08-05 15:50:00+00:00,1.8060187703627577e-07,1.9753151537100726e-06,-,0
2026-08-05 15:51:00+00:00,1e-10,3.865446119078021e-06,-,0
2026-08-05 15:52:00+00:00,1e-10,4.009456809886486e-07,-,0
2026-08-05 15:53:00+00:00,4.5614622571074866e-07,1.7346508882116558e-06,-,0
2026-08-05 15:54:00+00:00,1e-10,1e-10,-,0
2026-08-05 15:55:00+00:00,1e-10,1e-10,-,0
2026-08-05 15:56:00+00:00,1e-10,1.8515557930443735e-06,-,0
2026-08-05 15:57:00+00:00,1.1691096262655816e-06,1e-10,-,0
2026-08-05 15:58:00+00:00,1e-10,1e-10,-,0
2026-08-05 15:59:00+00:00,1.5881852499993717e-06,1.8648690365664442e-06,-,0
2026-08-05 16:00:00+00:00,6.678990982101308e-07,1e-10,-,0
2026-08-05 16:01:00+00:00,1e-10,1e-10,-,0
2026-08-05 16:02:00+00:00,3.4673307752538386e-07,1e-10,-,0
2026-08-05 16:03:00+00:00,1.0964021484660002e-06,1.8122312944917258e-09,-,0
2026-08-05 16:04:00+00:00,7.278858017572897e-08,9.807707400678257e-07,-,0
2026-08-05 16:05:00+00:00,1.0824257451993868e-06,1e-10,-,0
2026-08-05 16:06:00+00:00,9.73014709031519e-07,1e-10,-,0
2026-08-05 16:07:00+00:00,2.2992868192804606e-07,1e-10,-,0
2026-08-05 16:08:00+00:00,1e-10,1e-10,-,0
2026-08-05 16:09:00+00:00,1e-10,1.7596682096038128e-06,-,0
2026-08-05 16:10:00+00:00,1e-10,1e-10,-,0
2026-08-05 16:11:00+00:00,5.265124017174856e-07,1e-10,-,0
2026-08-05 16:12:00+00:00,1e-10,1.8415719631806426e-06,-,0
2026-08-05 16:13:00+00:00,1e-10,1e-10,-,0
2026-08-05 16:14:00+00:00,7.555321356317378e-07,1e-10,-,0
2026-08-05 16:15:00+00:00,1e-10,1e-10,-,0
2026-08-05 16:16:00+00:00,1.5912531941191316e-07,1e-10,-,0
2026-08-05 16:17:00+00:00,1e-10,1e-10,-,0
2026-08-05 16:18:00+00:00,1e-10,2.2829365574034416e-07,-,0
2026-08-05 16:19:00+00:00,3.4547947630461364e-07,1e-10,-,0
2026-08-05 16:20:00+00:00,2.051695026804768e-06,1.0921609928219178e-06,-,0
2026-08-05 16:21:00+00:00,4.7321156326536493e-07,1e-10,-,0
2026-08-05 16:22:00+00:00,1.5351650518439674e-06,3.087557915342989e-07,-,0
2026-08-05 16:23:00+00:00,1.5762396593114024e-06,1e-10,-,0
2026-08-05 16:24:00+00:00,8.858629498856855e-07,1.0363789528152813e-06,-,0
2026-08-05 16:25:00+00:00,1e-10,1.6995883931769256e-06,-,0
2026-08-05 16:26:00+00:00,1e-10,1.354280901404146e-06,-,0
2026-08-05 16:27:00+00:00,1e-10,7.19343309514446e-08,-,0
2026-08-05 16:28:00+00:00,3.2046838014426213e-06,1e-10,-,0
2026-08-05 16:29:00+00:00,1e-10,1e-10,-,0
2026-08-05 16:30:00+00:00,1e-10,1e-10,-,0
2026-08-05 16:31:00+00:00,1e-10,9.947606203246392e-07,-,0
2026-08-05 16:32:00+00:00,1e-10,1e-10,-,0
2026-08-05 16:33:00+00:00,1.6651088349868244e-07,1e-10,-,0
2026-08-05 16:34:00+00:00,1.2372045378052285e-06,1.7914540309521172e-06,-,0
2026-08-05 16:35:00+00:00,1e-10,1e-10,-,0
2026-08-05 16:36:00+00:00,1.3304931823796364e-06,5.22859401163158e-07,-,0
2026-08-05 16:37:00+00:00,1e-10,8.350357025048424e-07,-,0
2026-08-05 16:38:00+00:00,1e-10,1e-10,-,0
2026-08-05 16:39:00+00:00,2.2653982781997535e-07,1e-10,-,0
2026-08-05 16:40:00+00:00,1.6045172777600123e-06,1e-10,-,0
2026-08-05 16:41:00+00:00,9.227360930461e-08,1e-10,-,0
2026-08-05 16:42:00+00:00,1e-10,1e-10,-,0
2026-08-05 16:43:00+00:00,5.04515019803955e-07,1e-10,-,0
2026-08-05 16:44:00+00:00,4.863938921383135e-07,1.0909104093220946e-06,-,0
2026-08-05 16:45:00+00:00,1e-10,1e-10,-,0
2026-08-05 16:46:00+00:00,1.1647313559735271e-06,4.892961385381659e-07,-,0
2026-08-05 16:47:00+00:00,1e-10,1e-10,-,0
2026-08-05 16:48:00+00:00,4.3175034597798463e-07,5.780615259184158e-07,-,0
2026-08-05 16:49:00+00:00,9.035468176957765e-07,2.131403221906908e-07,-,0
2026-08-05 16:50:00+00:00,1e-10,1.1386015419706275e-06,-,0
2026-08-05 16:51:00+00:00,1e-10,1e-10,-,0
2026-08-05 16:52:00+00:00,1.1405997048148554e-06,1e-10,-,0
2026-08-05 16:53:00+00:00,1.3365680403370968e-06,1.0108942017933693e-06,-,0
2026-08-05 16:54:00+00:00,1.5396189353952425e-06,1e-10,-,0
2026-08-05 16:55:00+00:00,1e-10,1e-10,-,0
2026-08-05 16:56:00+00:00,2.5885906804135245e-07,5.918018091011574e-07,-,0
2026-08-05 16:57:00+00:00,4.022303666252185e-07,1e-10,-,0
2026-08-05 16:58:00+00:00,1e-10,1.0531732591329769e-07,-,0
2026-08-05 16:59:00+00:00,2.08722136923391e-07,1e-10,-,0
2026-08-05 17:00:00+00:00,1.8637029215786163e-07,1e-10,-,0
2026-08-05 17:01:00+00:00,8.622186207836663e-07,1e-10,-,0
2026-08-05 17:02:00+00:00,1e-10,1e-10,-,0
2026-08-05 17:03:00+00:00,1.418130564210682e-06,5.859797531093179e-07,-,0
2026-08-05 17:04:00+00:00,1.2648823889098538e-07,1e-10,-,0
2026-08-05 17:05:00+00:00,1.922659819247216e-06,5.321756406490817e-07,-,0
2026-08-05 17:06:00+00:00,8.605686129819695e-07,1e-10,-,0
2026-08-05 17:07:00+00:00,3.396647471812083e-07,5.225361463077925e-07,-,0
2026-08-05 17:08:00+00:00,1e-10,1e-10,-,0
2026-08-05 17:09:00+00:00,1e-10,1e-10,-,0
2026-08-05 17:10:00+00:00,1.8050419507924504e-06,9.51396927755472e-07,-,0
2026-08-05 17:11:00+00:00,1.0052624839565652e-06,1e-10,-,0
2026-08-05 17:12:00+00:00,1e-10,1e-10,-,0
2026-08-05 17:13:00+00:00,1e-10,1e-10,-,0
2026-08-05 17:14:00+00:00,2.744660591764607e-07,1e-10,-,0
2026-08-05 17:15:00+00:00,1e-10,1e-10,-,0
2026-08-05 17:16:00+00:00,1e-10,1e-10,-,0
2026-08-05 17:17:00+00:00,7.115551786509705e-07,1e-10,-,0
2026-08-05 17:18:00+00:00,8.597862643545061e-07,1e-10,-,0
2026-08-05 17:19:00+00:00,1e-10,1e-10,-,0
2026-08-05 17:20:00+00:00,1.8020158039619164e-06,1e-10,-,0
2026-08-05 17:21:00+00:00,1.190888331453072e-06,1.6127947607587904e-06,-,0
2026-08-05 17:22:00+00:00,1e-10,2.601606679003713e-06,-,0
2026-08-05 17:23:00+00:00,1e-10,5.428194222880844e-07,-,0
2026-08-05 17:24:00+00:00,6.899553172437231e-07,1e-10,-,0
2026-08-05 17:25:00+00:00,1e-10,1e-10,-,0
2026-08-05 17:26:00+00:00,1e-10,1e-10,-,0
2026-08-05 17:27:00+00:00,2.8039990084656025e-07,1e-10,-,0
2026-08-05 17:28:00+00:00,8.295464908037102e-07,1.2437169402914934e-06,-,0
2026-08-05 17:29:00+00:00,9.095215396767136e-07,1e-10,-,0
2026-08-05 17:30:00+00:00,9.425979432503809e-08,3.78040532186949e-07,-,0
2026-08-05 17:31:00+00:00,1e-10,1e-10,-,0
2026-08-05 17:32:00+00:00,1.0871378570620008e-06,1.050154137488246e-06,-,0
2026-08-05 17:33:00+00:00,1e-10,1e-10,-,0
2026-08-05 17:34:00+00:00,3.771246101442848e-07,1e-10,-,0
2026-08-05 17:35:00+00:00,1e-10,1e-10,-,0
2026-08-05 17:36:00+00:00,2.5206122011095736e-06,1.9128903697183746e-06,-,0
2026-08-05 17:37:00+00:00,2.311691822439312e-06,1e-10,-,0
2026-08-05 17:38:00+00:00,1e-10,1.1903528001441895e-06,-,0
2026-08-05 17:39:00+00:00,1e-10,3.6071419356303923e-07,-,0
2026-08-05 17:40:00+00:00,1e-10,6.472188298348783e-07,-,0
2026-08-05 17:41:00+00:00,3.356977295234913e-07,1e-10,-,0
2026-08-05 17:42:00+00:00,1e-10,1e-10,-,0
2026-08-05 17:43:00+00:00,1e-10,1e-10,-,0
2026-08-05 17:44:00+00:00,1e-10,1e-10,-,0
2026-08-05 17:45:00+00:00,5.332366902057617e-07,1e-10,-,0
2026-08-05 17:46:00+00:00,1e-10,1e-10,-,0
2026-08-05 17:47:00+00:00,1e-10,1e-10,-,0
2026-08-05 17:48:00+00:00,1e-10,8.272685516150323e-07,-,0
2026-08-05 17:49:00+00:00,1e-10,2.036739275843171e-06,-,0
2026-08-05 17:50:00+00:00,2.77805415470609e-07,1e-10,-,0
2026-08-05 17:51:00+00:00,3.4406402353229383e-07,3.873115548823165e-07,-,0
2026-08-05 17:52:00+00:00,1e-10,1e-10,-,0
2026-08-05 17:53:00+00:00,2.157260916725674e-07,1e-10,-,0
2026-08-05 17:54:00+00:00,1e-10,2.5989315481677277e-06,-,0
2026-08-05 17:55:00+00:00,1e-10,1e-10,-,0
2026-08-05 17:56:00+00:00,1e-10,1e-10,-,0
2026-08-05 17:57:00+00:00,1.3169645949632827e-06,9.565319171611628e-07,-,0
2026-08-05 17:58:00+00:00,9.280370811414174e-07,2.648421328901067e-06,-,0
2026-08-05 17:59:00+00:00,1.42188205490928e-07,3.0375127969516003e-07,-,0
2026-08-05 18:00:00+00:00,1e-10,2.7968664503449613e-06,-,0
2026-08-05 18:01:00+00:00,1e-10,1e-10,-,0
2026-08-05 18:02:00+00:00,1e-10,1.1040369843315285e-06,-,0
2026-08-05 18:03:00+00:00,4.406626025691962e-08,1e-10,-,0
2026-08-05 18:04:00+00:00,7.008066213715062e-08,1e-10,-,0
2026-08-05 18:05:00+00:00,1e-10,3.1694157781855007e-07,-,0
2026-08-05 18:06:00+00:00,1.0044169621925424e-06,1.4526260143096767e-06,-,0
2026-08-05 18:07:00+00:00,4.5996278301469997e-07,1e-10,-,0
2026-08-05 18:08:00+00:00,1e-10,1.0206441342928792e-06,-,0
2026-08-05 18:09:00+00:00,1.5269744977441983e-07,4.0390531604845555e-07,-,0
2026-08-05 18:10:00+00:00,8.704382542864574e-07,1e-10,-,0
2026-08-05 18:11:00+00:00,2.5645356817702287e-07,7.962682543321144e-07,-,0
2026-08-05 18:12:00+00:00,6.765730105444866e-07,1e-10,-,0
2026-08-05 18:13:00+00:00,1e-10,1.1423530665988915e-06,-,0
2026-08-05 18:14:00+00:00,1e-10,1e-10,-,0
2026-08-05 18:15:00+00:00,1e-10,8.095829831045291e-07,-,0
2026-08-05 18:16:00+00:00,2.403125925417012e-07,2.370394382984255e-07,-,0
2026-08-05 18:17:00+00:00,1e-10,1.0434681835812741e-07,-,0
2026-08-05 18:18:00+00:00,1.2446378216789162e-06,1e-10,-,0
2026-08-05 18:19:00+00:00,1.6101167325421212e-06,1e-10,-,0
2026-08-05 18:20:00+00:00,1e-10,1e-10,-,0
2026-08-05 18:21:00+00:00,1e-10,6.215791169162957e-07,-,0
2026-08-05 18:22:00+00:00,1e-10,1e-10,-,0
2026-08-05 18:23:00+00:00,4.811364089751319e-07,1e-10,-,0
2026-08-05 18:24:00+00:00,6.817474014394633e-07,6.368007719899478e-07,-,0
2026-08-05 18:25:00+00:00,4.876589837387137e-07,1e-10,-,0
2026-08-05 18:26:00+00:00,5.80368183295305e-07,1e-10,-,0
2026-08-05 18:27:00+00:00,1e-10,5.199391217281957e-07,-,0
2026-08-05 18:28:00+00:00,1e-10,2.886458750171722e-07,-,0
2026-08-05 18:29:00+00:00,1e-10,2.254729036192438e-06,-,0
2026-08-05 18:30:00+00:00,1.8632626104054318e-06,1.0236800859531614e-06,-,0
2026-08-05 18:31:00+00:00,3.2885923183786944e-07,8.570794852956571e-08,-,0
2026-08-05 18:32:00+00:00,5.049391486384881e-07,3.746949876579087e-07,-,0
2026-08-05 18:33:00+00:00,1.033788997648611e-06,1e-10,-,0
2026-08-05 18:34:00+00:00,1e-10,1e-10,-,0
2026-08-05 18:35:00+00:00,2.8300682670599954e-07,9.932663985435412e-07,-,0
2026-08-05 18:36:00+00:00,6.021688426656745e-07,1.809749666162574e-06,-,0
2026-08-05 18:37:00+00:00,1e-10,1e-10,-,0
2026-08-05 18:38:00+00:00,4.343334020476174e-07,6.1378180917828e-07,-,0
2026-08-05 18:39:00+00:00,1.4690011009450145e-06,1e-10,-,0
2026-08-05 18:40:00+00:00,1e-10,7.301123024324928e-07,-,0
2026-08-05 18:41:00+00:00,1e-10,1e-10,-,0
2026-08-05 18:42:00+00:00,2.2846878607709447e-07,2.3474366771704657e-07,-,0
2026-08-05 18:43:00+00:00,1e-10,5.039167972614382e-07,-,0
2026-08-05 18:44:00+00:00,2.3210203362733035e-07,1.482683873343734e-06,-,0
2026-08-05 18:45:00+00:00,1e-10,1e-10,-,0
2026-08-05 18:46:00+00:00,1.0306229734902651e-07,1.8006528876052883e-06,-,0
2026-08-05 18:47:00+00:00,1.3922667523686358e-06,1.363413513882557e-06,-,0
2026-08-05 18:48:00+00:00,3.6386504845144905e-09,6.006339412829344e-07,-,0
2026-08-05 18:49:00+00:00,1e-10,1e-10,-,0
2026-08-05 18:50:00+00:00,4.479459481270066e-07,1.20057166760799e-06,-,0
2026-08-05 18:51:00+00:00,5.7283921440037014e-08,2.1164720301186066e-06,-,0
2026-08-05 18:52:00+00:00,2.6800584906406254e-07,1e-10,-,0
2026-08-05 18:53:00+00:00,1.105621976058699e-06,1.6361605809798946e-06,-,0
2026-08-05 18:54:00+00:00,1e-10,1.1144830000631898e-06,-,0
2026-08-05 18:55:00+00:00,1e-10,1.4071316802763813e-06,-,0
2026-08-05 18:56:00+00:00,1e-10,8.861409341934227e-07,-,0
2026-08-05 18:57:00+00:00,2.506835089172447e-07,3.438353379704802e-08,-,0
2026-08-05 18:58:00+00:00,2.1849004692757818e-07,1e-10,-,0
2026-08-05 18:59:00+00:00,1e-10,1e-10,-,0
2026-08-05 19:00:00+00:00,8.604903543944867e-07,7.79816555417403e-07,-,0
2026-08-05 19:01:00+00:00,1e-10,1e-10,-,0
2026-08-05 19:02:00+00:00,1.7337687879015359e-07,1e-10,-,0
2026-08-05 19:03:00+00:00,6.994677136575053e-07,1e-10,-,0
2026-08-05 19:04:00+00:00,1e-10,1e-10,-,0
2026-08-05 19:05:00+00:00,1e-10,3.0199646099421705e-07,-,0
2026-08-05 19:06:00+00:00,1e-10,9.77405135208574e-07,-,0
2026-08-05 19:07:00+00:00,2.0625951065962693e-07,2.597626169277171e-07,-,0
2026-08-05 19:08:00+00:00,1.909220561473805e-06,1e-10,-,0
2026-08-05 19:09:00+00:00,1e-10,1e-10,-,0
2026-08-05 19:10:00+00:00,5.305890590002654e-07,1e-10,-,0
2026-08-05 19:11:00+00:00,1e-10,1e-10,-,0
2026-08-05 19:12:00+00:00,4.477636702654663e-07,8.712865782368725e-07,-,0
2026-08-05 19:13:00+00:00,1e-10,1.3062595504223152e-07,-,0
2026-08-05 19:14:00+00:00,1e-10,5.8137033025332996e-08,-,0
2026-08-05 19:15:00+00:00,1.222197349691895e-07,1.7867834644876982e-06,-,0
2026-08-05 19:16:00+00:00,1e-10,1e-10,-,0
2026-08-05 19:17:00+00:00,3.5163731277577772e-06,1.2749199040241407e-06,-,0
2026-08-05 19:18:00+00:00,1e-10,1e-10,-,0
2026-08-05 19:19:00+00:00,7.045737745480647e-07,2.8278066146451663e-06,-,0
2026-08-05 19:20:00+00:00,1.6881125574964796e-06,3.3865534931989635e-07,-,0
2026-08-05 19:21:00+00:00,3.545284276906617e-07,1e-10,-,0
2026-08-05 19:22:00+00:00,1e-10,1e-10,-,0
2026-08-05 19:23:00+00:00,1.480257490574649e-07,1e-10,-,0
2026-08-05 19:24:00+00:00,1e-10,2.405491633062154e-06,-,0
2026-08-05 19:25:00+00:00,1e-10,1e-10,-,0
2026-08-05 19:26:00+00:00,1.887510762616776e-06,1.4174493667050631e-06,-,0
2026-08-05 19:27:00+00:00,1e-10,1.0843934508919036e-06,-,0
2026-08-05 19:28:00+00:00,1e-10,1e-10,-,0
2026-08-05 19:29:00+00:00,2.0864824527387683e-06,1e-10,-,0
2026-08-05 19:30:00+00:00,1e-10,1.1207929100730221e-06,-,0
2026-08-05 19:31:00+00:00,1e-10,1e-10,-,0
2026-08-05 19:32:00+00:00,4.6283412466271556e-07,2.7180556403971888e-08,-,0
2026-08-05 19:33:00+00:00,1e-10,1.97158064651924e-07,-,0
2026-08-05 19:34:00+00:00,1e-10,1e-10,-,0
2026-08-05 19:35:00+00:00,1e-10,1e-10,-,0
2026-08-05 19:36:00+00:00,2.3087584144836176e-06,1.2884666353431758e-06,-,0
2026-08-05 19:37:00+00:00,3.927281452385664e-07,1e-10,-,0
2026-08-05 19:38:00+00:00,1.652878995001324e-06,9.197976317673668e-07,-,0
2026-08-05 19:39:00+00:00,1e-10,1e-10,-,0
2026-08-05 19:40:00+00:00,1e-10,1e-10,-,0
2026-08-05 19:41:00+00:00,1e-10,3.9374139866439705e-07,-,0
2026-08-05 19:42:00+00:00,1e-10,1e-10,-,0
2026-08-05 19:43:00+00:00,2.6400659310041557e-07,1.5277851210302712e-06,-,0
2026-08-05 19:44:00+00:00,1e-10,1e-10,-,0
2026-08-05 19:45:00+00:00,1.376124025603962e-06,1.4458650188513494e-06,-,0
2026-08-05 19:46:00+00:00,5.525323749218213e-07,1e-10,-,0
2026-08-05 19:47:00+00:00,1e-10,4.897359975914346e-07,-,0
2026-08-05 19:48:00+00:00,1.820400287055291e-07,1e-10,-,0
2026-08-05 19:49:00+00:00,1e-10,1e-10,-,0
2026-08-05 19:50:00+00:00,1e-10,1.060527910636551e-06,-,0
2026-08-05 19:51:00+00:00,1e-10,1e-10,-,0
2026-08-05 19:52:00+00:00,1e-10,1e-10,-,0
2026-08-05 19:53:00+00:00,1e-10,1.1179066161046983e-06,-,0
2026-08-05 19:54:00+00:00,7.509929732448644e-07,1.6790125237071386e-06,-,0
2026-08-05 19:55:00+00:00,6.544607433503329e-07,1e-10,-,0
2026-08-05 19:56:00+00:00,1e-10,1.8407506759035306e-06,-,0
2026-08-05 19:57:00+00:00,1e-10,1e-10,-,0
2026-08-05 19:58:00+00:00,8.726935501199094e-07,2.4366985035635226e-07,-,0
2026-08-05 19:59:00+00:00,2.414668244984297e-07,9.683797959188876e-07,-,0
2026-08-05 20:00:00+00:00,1e-10,1e-10,-,0
2026-08-05 20:01:00+00:00,1e-10,1e-10,-,0
2026-08-05 20:02:00+00:00,1e-10,1e-10,-,0
2026-08-05 20:03:00+00:00,4.6820786617075816e-07,3.0295297338847354e-07,-,0
2026-08-05 20:04:00+00:00,1.901306370254701e-06,6.6182847407718795e-09,-,0
2026-08-05 20:05:00+00:00,1e-10,1e-10,-,0
2026-08-05 20:06:00+00:00,1e-10,1e-10,-,0
2026-08-05 20:07:00+00:00,2.424678059031152e-06,1e-10,-,0
2026-08-05 20:08:00+00:00,1e-10,1e-10,-,0
2026-08-05 20:09:00+00:00,1e-10,1e-10,-,0
2026-08-05 20:10:00+00:00,1e-10,2.3460524195100656e-07,-,0
2026-08-05 20:11:00+00:00,1e-10,1e-10,-,0
2026-08-05 20:12:00+00:00,1.4414309196834109e-06,2.957103404137796e-08,-,0
2026-08-05 20:13:00+00:00,1e-10,1e-10,-,0
2026-08-05 20:14:00+00:00,6.933395632701097e-07,3.650372778141806e-07,-,0
2026-08-05 20:15:00+00:00,1.9128676300085782e-08,1e-10,-,0
2026-08-05 20:16:00+00:00,1e-10,1e-10,-,0
2026-08-05 20:17:00+00:00,1e-10,1e-10,-,0
2026-08-05 20:18:00+00:00,1e-10,1e-10,-,0
2026-08-05 20:19:00+00:00,1.3249582394205159e-07,2.2352324212101797e-07,-,0
2026-08-05 20:20:00+00:00,1e-10,1e-10,-,0
2026-08-05 20:21:00+00:00,1e-10,1e-10,-,0
2026-08-05 20:22:00+00:00,1e-10,1e-10,-,0
2026-08-05 20:23:00+00:00,2.4484169021554355e-06,2.2824318885267296e-06,-,0
2026-08-05 20:24:00+00:00,1.1501881034713617e-06,3.7954517464480113e-07,-,0
2026-08-05 20:25:00+00:00,5.752639078815079e-07,5.438020851402853e-07,-,0
2026-08-05 20:26:00+00:00,1e-10,1e-10,-,0
2026-08-05 20:27:00+00:00,9.45415235759205e-07,1e-10,-,0
2026-08-05 20:28:00+00:00,3.635467494366115e-07,1e-10,-,0
2026-08-05 20:29:00+00:00,1.6600574768838417e-07,1e-10,-,0
2026-08-05 20:30:00+00:00,1e-10,2.2499456528238442e-07,-,0
2026-08-05 20:31:00+00:00,3.372345109965196e-07,2.837629861586197e-07,-,0
2026-08-05 20:32:00+00:00,1.8973697585877579e-06,2.0654829829825309e-07,-,0
2026-08-05 20:33:00+00:00,1.209267481736508e-07,1e-10,-,0
2026-08-05 20:34:00+00:00,1e-10,1e-10,-,0
2026-08-05 20:35:00+00:00,1.430778816794247e-07,1e-10,-,0
2026-08-05 20:36:00+00:00,8.230800700087954e-08,4.3644426255160137e-07,-,0
2026-08-05 20:37:00+00:00,1e-10,2.197841309661571e-06,-,0
2026-08-05 20:38:00+00:00,1e-10,2.473227766743639e-07,-,0
2026-08-05 20:39:00+00:00,9.134080607891615e-07,3.844236832218578e-07,-,0
2026-08-05 20:40:00+00:00,1.3707432765329065e-06,2.0977228624076308e-06,-,0
2026-08-05 20:41:00+00:00,2.5446190353720896e-06,1e-10,-,0
2026-08-05 20:42:00+00:00,5.403394640269844e-07,1e-10,-,0
2026-08-05 20:43:00+00:00,1.606380727801478e-07,3.9910459691032967e-07,-,0
2026-08-05 20:44:00+00:00,1.0302672013588826e-06,1.8281033979509252e-06,-,0
2026-08-05 20:45:00+00:00,1e-10,9.834019832307221e-07,-,0
2026-08-05 20:46:00+00:00,7.460633352326838e-07,2.2355696923376414e-07,-,0
2026-08-05 20:47:00+00:00,1.1847279595909774e-06,1e-10,-,0
2026-08-05 20:48:00+00:00,1.1673526971796496e-06,1e-10,-,0
2026-08-05 20:49:00+00:00,1.8762744818660675e-06,3.7643761193796767e-07,-,0
2026-08-05 20:50:00+00:00,1e-10,1e-10,-,0
2026-08-05 20:51:00+00:00,1e-10,1e-10,-,0
2026-08-05 20:52:00+00:00,1e-10,1.0943539598802695e-06,-,0
2026-08-05 20:53:00+00:00,1e-10,1e-10,-,0
2026-08-05 20:54:00+00:00,6.357215205826882e-07,1e-10,-,0
2026-08-05 20:55:00+00:00,7.811599912316132e-07,1.346773625101548e-06,-,0
2026-08-05 20:56:00+00:00,6.505287961950683e-07,1e-10,-,0
2026-08-05 20:57:00+00:00,1.963503062055187e-07,1.3031131399475687e-06,-,0
2026-08-05 20:58:00+00:00,1.147234439058292e-06,4.0038961004436945e-07,-,0
2026-08-05 20:59:00+00:00,6.699289990425459e-07,1e-10,-,0
2026-08-05 21:00:00+00:00,1e-10,1.6929362659234933e-07,-,0
2026-08-05 21:01:00+00:00,1e-10,4.1783578045918115e-07,-,0
2026-08-05 21:02:00+00:00,1e-10,7.404168576803131e-07,-,0
2026-08-05 21:03:00+00:00,7.717739369958272e-08,1e-10,-,0
2026-08-05 21:04:00+00:00,8.840369131012345e-08,1.4206657956583304e-06,-,0
2026-08-05 21:05:00+00:00,1e-10,2.7988957440774164e-07,-,0
2026-08-05 21:06:00+00:00,1e-10,1.2917585260445804e-06,-,0
2026-08-05 21:07:00+00:00,1e-10,5.052879437056664e-07,-,0
2026-08-05 21:08:00+00:00,1e-10,2.444279583009456e-06,-,0
2026-08-05 21:09:00+00:00,5.142375117313636e-07,1e-10,-,0
2026-08-05 21:10:00+00:00,1.2393226265072085e-06,1.8122192023814522e-06,-,0
2026-08-05 21:11:00+00:00,1e-10,1e-10,-,0
2026-08-05 21:12:00+00:00,1e-10,6.15312606256194e-07,-,0
2026-08-05 21:13:00+00:00,9.09470023987291e-07,1.1917177736162177e-06,-,0
2026-08-05 21:14:00+00:00,1e-10,2.682535704939107e-08,-,0
2026-08-05 21:15:00+00:00,8.262337920211388e-07,1e-10,-,0
2026-08-05 21:16:00+00:00,1.2279710277474485e-06,1.5566354656204332e-07,-,0
2026-08-05 21:17:00+00:00,4.712862356961649e-07,1e-10,-,0
2026-08-05 21:18:00+00:00,1e-10,1.0141388246732582e-06,-,0
2026-08-05 21:19:00+00:00,1.4922599900763094e-06,1e-10,-,0
2026-08-05 21:20:00+00:00,1e-10,1e-10,-,0
2026-08-05 21:21:00+00:00,1e-10,1e-10,-,0
2026-08-05 21:22:00+00:00,6.030735678080391e-07,1e-10,-,0
2026-08-05 21:23:00+00:00,1e-10,1.0089884901984812e-07,-,0
2026-08-05 21:24:00+00:00,1e-10,6.44901409869225e-07,-,0
2026-08-05 21:25:00+00:00,1e-10,5.562650405327389e-07,-,0
2026-08-05 21:26:00+00:00,1e-10,1e-10,-,0
2026-08-05 21:27:00+00:00,2.5481898467974666e-07,1e-10,-,0
2026-08-05 21:28:00+00:00,1e-10,1e-10,-,0
2026-08-05 21:29:00+00:00,1e-10,1e-10,-,0
2026-08-05 21:30:00+00:00,1e-10,1e-10,-,0
2026-08-05 21:31:00+00:00,1e-10,1e-10,-,0
2026-08-05 21:32:00+00:00,4.0796849478527885e-07,1.4553888218442545e-06,-,0
2026-08-05 21:33:00+00:00,1e-10,3.499073526968572e-07,-,0
2026-08-05 21:34:00+00:00,8.060678886354602e-07,1e-10,-,0
2026-08-05 21:35:00+00:00,4.1964474076986677e-07,4.529720124393058e-07,-,0
2026-08-05 21:36:00+00:00,1e-10,1e-10,-,0
2026-08-05 21:37:00+00:00,1.3595183990006482e-06,2.0689351644694243e-06,-,0
2026-08-05 21:38:00+00:00,3.0962214560543775e-07,1e-10,-,0
2026-08-05 21:39:00+00:00,1e-10,1e-10,-,0
2026-08-05 21:40:00+00:00,1e-10,1e-10,-,0
2026-08-05 21:41:00+00:00,1e-10,1e-10,-,0
2026-08-05 21:42:00+00:00,2.764529858713625e-07,5.24193504373148e-07,-,0
2026-08-05 21:43:00+00:00,7.567853838001355e-07,5.773712717100032e-08,-,0
2026-08-05 21:44:00+00:00,1e-10,3.8498470107122716e-07,-,0
2026-08-05 21:45:00+00:00,1e-10,3.679784968863046e-08,-,0
2026-08-05 21:46:00+00:00,1.90947305304873e-07,2.1261756017705363e-07,-,0
2026-08-05 21:47:00+00:00,1.3577522266207761e-06,1.8180980348701257e-06,-,0
2026-08-05 21:48:00+00:00,1.2397468648226879e-06,6.205283180401899e-07,B,1
2026-08-05 21:49:00+00:00,9.518634988203355e-07,1e-10,B,1
2026-08-05 21:50:00+00:00,2.2695680705564264e-06,3.5430688965774077e-07,B,1
2026-08-05 21:51:00+00:00,1.0565091042812668e-06,1.3079498007170634e-06,B,1
2026-08-05 21:52:00+00:00,1.3165767606749919e-06,1e-10,B,1
2026-08-05 21:53:00+00:00,1.3335638484133203e-07,1e-10,B,1
2026-08-05 21:54:00+00:00,1e-10,6.772173390424218e-07,B,1
2026-08-05 21:55:00+00:00,1.2893781423474042e-06,1.09033081083345e-06,B,1
2026-08-05 21:56:00+00:00,1e-10,1.986700905212854e-07,B,1
2026-08-05 21:57:00+00:00,5.052505477654689e-07,4.944185115118227e-07,B,1
2026-08-05 21:58:00+00:00,1e-10,1.5358749592817825e-06,B,1
2026-08-05 21:59:00+00:00,4.0324814777545434e-07,1e-10,B,1
2026-08-05 22:00:00+00:00,3.3200352683073734e-07,1e-10,B,1
2026-08-05 22:01:00+00:00,2.161636029025543e-07,1e-10,B,1
2026-08-05 22:02:00+00:00,1.0549110836134356e-08,2.0161901825000907e-07,B,1
2026-08-05 22:03:00+00:00,6.23101317081461e-07,3.5706326858262366e-07,B,1
2026-08-05 22:04:00+00:00,8.03909009848677e-07,8.677477622227301e-07,B,1
2026-08-05 22:05:00+00:00,1e-10,1.8647759340228172e-06,B,1
2026-08-05 22:06:00+00:00,1e-10,2.12743562976447e-07,B,1
2026-08-05 22:07:00+00:00,1e-10,1e-10,B,1
2026-08-05 22:08:00+00:00,2.4582814796324235e-07,1e-10,B,1
2026-08-05 22:09:00+00:00,1e-10,1.597343061249894e-07,B,1
2026-08-05 22:10:00+00:00,1.4419721871587943e-06,1.6291526370932715e-06,B,1
2026-08-05 22:11:00+00:00,1e-10,7.36506999395829e-07,B,1
2026-08-05 22:12:00+00:00,1.1243319744092481e-06,1e-10,B,1
2026-08-05 22:13:00+00:00,1e-10,1e-10,B,1
2026-08-05 22:14:00+00:00,1e-10,1e-10,B,1
2026-08-05 22:15:00+00:00,1e-10,8.860184686143207e-08,B,1
2026-08-05 22:16:00+00:00,4.743208803280439e-07,1e-10,B,1
2026-08-05 22:17:00+00:00,1e-10,1e-10,B,1
2026-08-05 22:18:00+00:00,1e-10,1e-10,B,1
2026-08-05 22:19:00+00:00,1e-10,1e-10,B,1
2026-08-05 22:20:00+00:00,6.532339599587355e-07,2.3960845661747217e-07,B,1
2026-08-05 22:21:00+00:00,1e-10,1e-10,B,1
2026-08-05 22:22:00+00:00,3.275927289278454e-07,3.6366862290208427e-07,B,1
2026-08-05 22:23:00+00:00,1e-10,2.033903823349733e-06,B,1
2026-08-05 22:24:00+00:00,1e-10,2.362376711073342e-07,B,1
2026-08-05 22:25:00+00:00,9.805111382768338e-07,3.1166342853368213e-07,B,1
2026-08-05 22:26:00+00:00,7.615150371587413e-07,1e-10,B,1
2026-08-05 22:27:00+00:00,1.9647859785009366e-09,8.297141767347337e-07,B,1
2026-08-05 22:28:00+00:00,9.503672825157131e-08,1e-10,B,1
2026-08-05 22:29:00+00:00,1e-10,1.2021129738845178e-06,B,1
2026-08-05 22:30:00+00:00,1e-10,2.021065686246947e-06,B,1
2026-08-05 22:31:00+00:00,1.553499024131394e-06,1e-10,B,1
2026-08-05 22:32:00+00:00,2.4341765847407615e-08,1e-10,B,1
2026-08-05 22:33:00+00:00,5.417077323128078e-07,7.817238705048211e-07,B,1
2026-08-05 22:34:00+00:00,1e-10,1e-10,B,1
2026-08-05 22:35:00+00:00,7.566240645577197e-07,9.124403855430908e-07,B,2
2026-08-05 22:36:00+00:00,1.559785379472521e-06,8.596875437616552e-07,B,2
2026-08-05 22:37:00+00:00,5.91797002571366e-07,1.1742452757923315e-06,B,2
2026-08-05 22:38:00+00:00,8.209008516061703e-07,1e-10,B,2
2026-08-05 22:39:00+00:00,1.53479763427494e-06,1.4654145269399804e-06,B,2
2026-08-05 22:40:00+00:00,1.3523550758212905e-06,3.395391793646407e-06,B,2
2026-08-05 22:41:00+00:00,1.7460635452172518e-06,2.6109098542782453e-07,B,2
2026-08-05 22:42:00+00:00,1.1369436250937812e-06,1e-10,B,2
2026-08-05 22:43:00+00:00,1.0092340553360652e-06,1.3548776984182095e-06,B,2
2026-08-05 22:44:00+00:00,9.608130866262744e-07,1e-10,B,2
2026-08-05 22:45:00+00:00,1.6290038561033721e-06,4.169732162585789e-07,B,2
2026-08-05 22:46:00+00:00,1.6865800871311143e-07,1e-10,B,2
2026-08-05 22:47:00+00:00,1.2479485246505867e-06,1e-10,B,2
2026-08-05 22:48:00+00:00,3.1502326569835643e-06,5.627273215603309e-07,B,2
2026-08-05 22:49:00+00:00,1.0089939289113462e-06,1e-10,B,2
2026-08-05 22:50:00+00:00,1e-10,1e-10,B,3
2026-08-05 22:51:00+00:00,1.5122593387156866e-07,4.554332896817969e-07,B,3
2026-08-05 22:52:00+00:00,1.204982305724012e-06,3.3296601883437747e-06,B,3
2026-08-05 22:53:00+00:00,1e-10,1.2245803964352059e-06,B,3
2026-08-05 22:54:00+00:00,1e-10,3.957112834567279e-08,B,3
2026-08-05 22:55:00+00:00,1e-10,3.4652727944945418e-06,B,3
2026-08-05 22:56:00+00:00,2.010878224082111e-07,1e-10,B,3
2026-08-05 22:57:00+00:00,2.2045383796879367e-06,6.95211227161205e-07,B,3
2026-08-05 22:58:00+00:00,1e-10,2.092509874372055e-06,B,3
2026-08-05 22:59:00+00:00,1.3236947633755453e-06,1e-10,B,3
2026-08-05 23:00:00+00:00,5.140727175592964e-08,3.649868064054065e-07,B,3
2026-08-05 23:01:00+00:00,1e-10,1e-10,B,3
2026-08-05 23:02:00+00:00,8.790131433260695e-07,1e-10,B,3
2026-08-05 23:03:00+00:00,1e-10,4.781101345614135e-07,B,3
2026-08-05 23:04:00+00:00,2.1388777363925126e-06,1e-10,B,3
2026-08-05 23:05:00+00:00,8.824573241823726e-07,1e-10,B,3
2026-08-05 23:06:00+00:00,1.4302135006976273e-06,6.006350927522074e-08,B,3
2026-08-05 23:07:00+00:00,1e-10,1e-10,B,3
2026-08-05 23:08:00+00:00,7.938464866954581e-07,1e-10,B,3
2026-08-05 23:09:00+00:00,1.2623325100177915e-06,1e-10,B,3
2026-08-05 23:10:00+00:00,1.44315487950433e-07,1e-10,B,3
2026-08-05 23:11:00+00:00,1e-10,1.0398721900638535e-06,B,3
2026-08-05 23:12:00+00:00,1e-10,1.2110167692242493e-07,B,3
2026-08-05 23:13:00+00:00,1e-10,1e-10,B,3
2026-08-05 23:14:00+00:00,4.385952951681774e-07,1e-10,B,3
2026-08-05 23:15:00+00:00,1e-10,3.584875565429865e-07,B,3
2026-08-05 23:16:00+00:00,1e-10,1e-10,B,3
2026-08-05 23:17:00+00:00,9.280182852839494e-07,1e-10,B,3
2026-08-05 23:18:00+00:00,1e-10,1.1758008032837544e-06,B,3
2026-08-05 23:19:00+00:00,1e-10,1e-10,B,3
2026-08-05 23:20:00+00:00,1.1947185981739275e-06,1.5057527709652216e-06,B,3
2026-08-05 23:21:00+00:00,7.39479139167382e-07,1e-10,B,3
2026-08-05 23:22:00+00:00,1e-10,8.448211892798573e-07,B,3
2026-08-05 23:23:00+00:00,1e-10,2.931637118770972e-07,B,3
2026-08-05 23:24:00+00:00,1e-10,6.346716207894747e-07,B,3
2026-08-05 23:25:00+00:00,8.965004332069547e-08,3.302548765789415e-07,B,3
2026-08-05 23:26:00+00:00,1.422932849720789e-06,8.042626439339152e-07,B,3
2026-08-05 23:27:00+00:00,1.7190073862542531e-06,1.6312122488468922e-06,B,3
2026-08-05 23:28:00+00:00,9.42613539022293e-07,1e-10,B,3
2026-08-05 23:29:00+00:00,2.2372408460916694e-06,1.6696523690894795e-06,B,3
2026-08-05 23:30:00+00:00,3.2851044386837356e-07,1e-10,B,3
2026-08-05 23:31:00+00:00,1.3297496260484668e-06,1e-10,B,3
2026-08-05 23:32:00+00:00,1e-10,7.707313971776942e-07,B,3
2026-08-05 23:33:00+00:00,1e-10,9.321787305067528e-07,B,3
2026-08-05 23:34:00+00:00,1e-10,5.671812546425452e-07,B,3
2026-08-05 23:35:00+00:00,1e-10,1e-10,B,3
2026-08-05 23:36:00+00:00,2.9398058594701325e-06,1e-10,B,3
2026-08-05 23:37:00+00:00,7.860084508136609e-08,1e-10,B,3
2026-08-05 23:38:00+00:00,1e-10,1.9248837987191377e-07,B,3
2026-08-05 23:39:00+00:00,1.1485308182049302e-06,1e-10,B,3
2026-08-05 23:40:00+00:00,1e-10,1e-10,B,3
2026-08-05 23:41:00+00:00,2.363497418102882e-07,1e-10,B,3
2026-08-05 23:42:00+00:00,1.039381576030219e-06,1e-10,B,3
2026-08-05 23:43:00+00:00,1e-10,1e-10,B,3
2026-08-05 23:44:00+00:00,1.7510845104281864e-06,8.194947263358987e-07,B,3
2026-08-05 23:45:00+00:00,1.3153775523562225e-06,1e-10,B,3
2026-08-05 23:46:00+00:00,4.566822088385592e-07,3.727643218265385e-07,B,3
2026-08-05 23:47:00+00:00,2.003693198248407e-06,1e-10,B,3
2026-08-05 23:48:00+00:00,1e-10,3.0779964572453994e-07,B,3
2026-08-05 23:49:00+00:00,9.363235362777298e-07,1e-10,B,3
2026-08-05 23:50:00+00:00,3.7035792360869177e-07,1e-10,B,3
2026-08-05 23:51:00+00:00,1e-10,1e-10,B,3
2026-08-05 23:52:00+00:00,1e-10,3.292098330423837e-07,B,3
2026-08-05 23:53:00+00:00,2.3098931543283994e-06,1e-10,B,3
2026-08-05 23:54:00+00:00,1.2262654262704546e-06,1e-10,B,3
2026-08-05 23:55:00+00:00,1.0368384241496883e-06,1e-10,B,3
2026-08-05 23:56:00+00:00,1e-10,1e-10,B,3
2026-08-05 23:57:00+00:00,8.359830991866873e-07,1e-10,B,3
2026-08-05 23:58:00+00:00,1e-10,7.937101315730023e-07,B,3
2026-08-05 23:59:00+00:00,1.9301486796273516e-06,1e-10,B,3
2026-08-06 00:00:00+00:00,1.3985616404800648e-06,1e-10,B,3
2026-08-06 00:01:00+00:00,1.0678493999500352e-06,1.2454708184498245e-06,B,3
2026-08-06 00:02:00+00:00,9.557276849708934e-07,1e-10,B,3
2026-08-06 00:03:00+00:00,1e-10,1e-10,B,3
2026-08-06 00:04:00+00:00,5.88971774094926e-07,1e-10,-,0
2026-08-06 00:05:00+00:00,1.751949140843832e-06,1e-10,-,0
2026-08-06 00:06:00+00:00,5.604465424862038e-07,1e-10,-,0
2026-08-06 00:07:00+00:00,1e-10,2.4233121602079036e-07,-,0
2026-08-06 00:08:00+00:00,1.4336459190327894e-06,1e-10,-,0
2026-08-06 00:09:00+00:00,1e-10,3.327264350551056e-08,-,0
2026-08-06 00:10:00+00:00,1.3323004010955274e-08,1e-10,-,0
2026-08-06 00:11:00+00:00,1e-10,1e-10,-,0
2026-08-06 00:12:00+00:00,1e-10,9.76038398847996e-07,-,0
2026-08-06 00:13:00+00:00,2.3483055797236442e-07,1.1049612847865558e-06,-,0
2026-08-06 00:14:00+00:00,2.449795507291328e-06,1.7477419255889688e-06,-,0
2026-08-06 00:15:00+00:00,3.9471906670881446e-07,1e-10,-,0
2026-08-06 00:16:00+00:00,3.3213798800233277e-06,3.740941010772435e-07,-,0
2026-08-06 00:17:00+00:00,1e-10,8.374466452759969e-07,-,0
2026-08-06 00:18:00+00:00,2.8609205114101147e-07,1e-10,-,0
2026-08-06 00:19:00+00:00,1e-10,1e-10,-,0
2026-08-06 00:20:00+00:00,1.0626860569463555e-07,1.455911915164811e-06,-,0
2026-08-06 00:21:00+00:00,4.522261617728506e-07,1e-10,-,0
2026-08-06 00:22:00+00:00,1.710528087774538e-06,1.416778327205292e-06,-,0
2026-08-06 00:23:00+00:00,1e-10,1e-10,-,0
2026-08-06 00:24:00+00:00,4.7814391681017914e-08,4.777073692262808e-07,-,0
2026-08-06 00:25:00+00:00,7.248518890443049e-07,1.000464141870756e-06,-,0
2026-08-06 00:26:00+00:00,1.4544538272830711e-06,1e-10,-,0
2026-08-06 00:27:00+00:00,1e-10,4.4563412353476814e-07,-,0
2026-08-06 00:28:00+00:00,1e-10,1e-10,-,0
2026-08-06 00:29:00+00:00,8.190158874756796e-08,1.3263647270295392e-06,-,0
2026-08-06 00:30:00+00:00,1.2771931631695295e-06,1e-10,-,0
2026-08-06 00:31:00+00:00,1e-10,1e-10,-,0
2026-08-06 00:32:00+00:00,7.779331754861725e-07,1e-10,-,0
2026-08-06 00:33:00+00:00,2.226892126800126e-06,1e-10,-,0
2026-08-06 00:34:00+00:00,4.7662546236169325e-08,5.990396147902694e-07,-,0
2026-08-06 00:35:00+00:00,1e-10,7.083322415692256e-08,-,0
2026-08-06 00:36:00+00:00,5.590940863022475e-07,2.466900138082889e-06,-,0
2026-08-06 00:37:00+00:00,2.3569773603292927e-07,1e-10,-,0
2026-08-06 00:38:00+00:00,3.2143190667683604e-07,1e-10,-,0
2026-08-06 00:39:00+00:00,1e-10,1e-10,-,0
2026-08-06 00:40:00+00:00,1e-10,3.865355236980273e-07,-,0
2026-08-06 00:41:00+00:00,1e-10,1e-10,-,0
2026-08-06 00:42:00+00:00,7.151545922132296e-07,1.4697994835146827e-06,-,0
2026-08-06 00:43:00+00:00,1e-10,1e-10,-,0
2026-08-06 00:44:00+00:00,1e-10,1.8992721149379317e-06,-,0
2026-08-06 00:45:00+00:00,1e-10,1.4961368199258604e-06,-,0
2026-08-06 00:46:00+00:00,1e-10,7.45006353595311e-07,-,0
2026-08-06 00:47:00+00:00,6.315368515245367e-08,1e-10,-,0
2026-08-06 00:48:00+00:00,1e-10,1e-10,-,0
2026-08-06 00:49:00+00:00,1e-10,1e-10,-,0
2026-08-06 00:50:00+00:00,2.173116427599525e-07,1e-10,-,0
2026-08-06 00:51:00+00:00,1e-10,1e-10,-,0
2026-08-06 00:52:00+00:00,1e-10,3.2704802083544064e-07,-,0
2026-08-06 00:53:00+00:00,2.03022620505031e-06,3.705812049386932e-07,-,0
2026-08-06 00:54:00+00:00,1e-10,1e-10,-,0
2026-08-06 00:55:00+00:00,8.173390641873903e-07,1e-10,-,0
2026-08-06 00:56:00+00:00,1e-10,1e-10,-,0
2026-08-06 00:57:00+00:00,2.5659798446230566e-07,1.633631524362209e-06,-,0
2026-08-06 00:58:00+00:00,1e-10,1e-10,-,0
2026-08-06 00:59:00+00:00,1e-10,2.148157562060916e-06,-,0
2026-08-06 01:00:00+00:00,1e-10,6.542180290651907e-07,-,0
2026-08-06 01:01:00+00:00,5.260939985033923e-07,1e-10,-,0
2026-08-06 01:02:00+00:00,7.828580123813758e-07,1e-10,-,0
2026-08-06 01:03:00+00:00,1.9100972754308288e-07,5.042686846998595e-07,-,0
2026-08-06 01:04:00+00:00,1e-10,1e-10,-,0
2026-08-06 01:05:00+00:00,1.0486441262495713e-06,1e-10,-,0
2026-08-06 01:06:00+00:00,1e-10,2.5480562586381815e-06,-,0
2026-08-06 01:07:00+00:00,1e-10,1e-10,-,0
2026-08-06 01:08:00+00:00,1e-10,1e-10,-,0
2026-08-06 01:09:00+00:00,1e-10,1.0299378039071847e-06,-,0
2026-08-06 01:10:00+00:00,1e-10,1e-10,-,0
2026-08-06 01:11:00+00:00,3.5675982886247037e-07,7.909122551623003e-07,-,0
2026-08-06 01:12:00+00:00,1e-10,6.588457740645979e-07,-,0
2026-08-06 01:13:00+00:00,1e-10,2.045034031031035e-06,-,0
2026-08-06 01:14:00+00:00,1e-10,4.695786815056448e-07,-,0
2026-08-06 01:15:00+00:00,5.060019553788761e-07,1e-10,-,0
2026-08-06 01:16:00+00:00,3.6698821668973514e-07,1e-10,-,0
2026-08-06 01:17:00+00:00,1e-10,2.394095757910398e-06,-,0
2026-08-06 01:18:00+00:00,5.755407058124258e-07,7.682675938467067e-08,-,0
2026-08-06 01:19:00+00:00,1e-10,1e-10,-,0
2026-08-06 01:20:00+00:00,9.115143446809171e-07,1e-10,-,0
2026-08-06 01:21:00+00:00,1e-10,5.37447806405066e-07,-,0
2026-08-06 01:22:00+00:00,6.833725389346531e-07,1e-10,-,0
2026-08-06 01:23:00+00:00,9.911546898971989e-07,1e-10,-,0
2026-08-06 01:24:00+00:00,1.0883613777964465e-07,1e-10,-,0
2026-08-06 01:25:00+00:00,2.3569113907225236e-06,1e-10,-,0
2026-08-06 01:26:00+00:00,5.771489485788414e-07,1e-10,-,0
2026-08-06 01:27:00+00:00,1.987493021766034e-06,1e-10,-,0
2026-08-06 01:28:00+00:00,2.825555631651825e-06,1e-10,-,0
2026-08-06 01:29:00+00:00,1e-10,1e-10,-,0
2026-08-06 01:30:00+00:00,1.31098574454948e-06,3.007555452914787e-07,-,0
2026-08-06 01:31:00+00:00,6.061134091645505e-07,1e-10,-,0
2026-08-06 01:32:00+00:00,3.050667735840299e-07,1.9079906228461404e-06,-,0
2026-08-06 01:33:00+00:00,1e-10,1.3976289503917629e-06,-,0
2026-08-06 01:34:00+00:00,1e-10,6.086301245928478e-07,-,0
2026-08-06 01:35:00+00:00,1e-10,8.296429980589399e-07,-,0
2026-08-06 01:36:00+00:00,2.4970773551745852e-06,1e-10,-,0
2026-08-06 01:37:00+00:00,5.685733665736995e-07,1e-10,-,0
2026-08-06 01:38:00+00:00,1e-10,1e-10,-,0
2026-08-06 01:39:00+00:00,1e-10,1e-10,-,0
2026-08-06 01:40:00+00:00,1e-10,1e-10,-,0
2026-08-06 01:41:00+00:00,1.3509529482506746e-06,2.54238805487148e-06,-,0
2026-08-06 01:42:00+00:00,8.636076510999718e-08,1.254988582494845e-07,-,0
2026-08-06 01:43:00+00:00,5.961803410345103e-07,1.7160239082015488e-06,-,0
2026-08-06 01:44:00+00:00,3.5744833976198374e-08,1.6408583002318486e-06,-,0
2026-08-06 01:45:00+00:00,1.081907785539071e-06,1e-10,-,0
2026-08-06 01:46:00+00:00,1e-10,4.671475331941981e-08,-,0
2026-08-06 01:47:00+00:00,3.567780552120131e-07,1e-10,-,0
2026-08-06 01:48:00+00:00,3.4096471509372706e-07,1.047135329834e-06,-,0
2026-08-06 01:49:00+00:00,1e-10,5.321939941217191e-07,-,0
2026-08-06 01:50:00+00:00,1e-10,1.8666367214504063e-06,-,0
2026-08-06 01:51:00+00:00,1e-10,2.36986958359199e-07,-,0
2026-08-06 01:52:00+00:00,3.895795222375341e-07,9.300037775889148e-07,M,1
2026-08-06 01:53:00+00:00,1.574397122445601e-06,1e-10,M,1
2026-08-06 01:54:00+00:00,1.6400715147687017e-07,1e-10,M,1
2026-08-06 01:55:00+00:00,1e-10,7.561964879179165e-07,M,1
2026-08-06 01:56:00+00:00,3.739062617238214e-07,1.7248279237143947e-07,M,1
2026-08-06 01:57:00+00:00,1e-10,6.244547835331809e-07,M,1
2026-08-06 01:58:00+00:00,5.273156035555198e-09,1.586748494778989e-06,M,1
2026-08-06 01:59:00+00:00,1.711087437491995e-06,3.815173377572e-07,M,1
2026-08-06 02:00:00+00:00,1e-10,9.315790599155059e-07,M,1
2026-08-06 02:01:00+00:00,3.2486606926009635e-07,1.1477688732950748e-06,M,1
2026-08-06 02:02:00+00:00,1e-10,1e-10,M,1
2026-08-06 02:03:00+00:00,1.4311097731994101e-06,1e-10,M,1
2026-08-06 02:04:00+00:00,1e-10,2.2161103994502492e-06,M,1
2026-08-06 02:05:00+00:00,1e-10,4.379889753994291e-07,M,1
2026-08-06 02:06:00+00:00,1.1216403125616264e-06,3.2599016891413595e-07,M,1
2026-08-06 02:07:00+00:00,1e-10,1e-10,M,1
2026-08-06 02:08:00+00:00,9.922904458840298e-07,2.822127847827181e-07,M,1
2026-08-06 02:09:00+00:00,1e-10,3.6650296404420534e-07,M,1
2026-08-06 02:10:00+00:00,1e-10,1e-10,M,1
2026-08-06 02:11:00+00:00,1e-10,8.31735492756948e-07,M,1
2026-08-06 02:12:00+00:00,2.721357951542503e-06,1e-10,M,1
2026-08-06 02:13:00+00:00,2.270191728448875e-07,1e-10,M,1
2026-08-06 02:14:00+00:00,2.6679303687611706e-07,1e-10,M,1
2026-08-06 02:15:00+00:00,1.3616428231357256e-06,1.0877196028872068e-06,M,1
2026-08-06 02:16:00+00:00,1e-10,1e-10,M,1
2026-08-06 02:17:00+00:00,1e-10,2.706862615190691e-06,M,1
2026-08-06 02:18:00+00:00,2.1471116071012408e-06,5.397906542234556e-07,M,1
2026-08-06 02:19:00+00:00,9.868724224851804e-07,2.5036508587144152e-06,M,1
2026-08-06 02:20:00+00:00,1e-10,1e-10,M,1
2026-08-06 02:21:00+00:00,6.664502483175085e-07,1e-10,M,1
2026-08-06 02:22:00+00:00,1.8547792963993964e-06,1e-10,M,1
2026-08-06 02:23:00+00:00,8.767893667797737e-07,1e-10,M,1
2026-08-06 02:24:00+00:00,1.3203090510014668e-06,1e-10,M,1
2026-08-06 02:25:00+00:00,4.089349567805796e-06,1.7805281744287391e-06,M,1
2026-08-06 02:26:00+00:00,7.624592100275766e-07,1e-10,M,1
2026-08-06 02:27:00+00:00,3.3369651818034957e-06,1e-10,M,1
2026-08-06 02:28:00+00:00,2.260910383932197e-06,3.433134643787309e-07,M,1
2026-08-06 02:29:00+00:00,5.6862421810144185e-06,1.4830557790507329e-06,M,1
2026-08-06 02:30:00+00:00,5.361025393348858e-06,1e-10,M,1
2026-08-06 02:31:00+00:00,5.952793701564283e-06,1e-10,M,1
2026-08-06 02:32:00+00:00,6.68434862898256e-06,6.863334022499892e-08,M,1
2026-08-06 02:33:00+00:00,1.0782029383198317e-05,1e-10,M,1
2026-08-06 02:34:00+00:00,1.146541335119773e-05,1e-10,M,1
2026-08-06 02:35:00+00:00,1.6813117800667627e-05,1.6231972103546267e-06,M,1
2026-08-06 02:36:00+00:00,1.5283369136245597e-05,1e-10,M,1
2026-08-06 02:37:00+00:00,1.8324550164942025e-05,6.482008929215e-07,M,1
2026-08-06 02:38:00+00:00,2.1840728274342895e-05,9.948830755014504e-07,M,1
2026-08-06 02:39:00+00:00,2.4544684266205317e-05,2.533651720292553e-07,M,1
2026-08-06 02:40:00+00:00,2.9603979681101933e-05,2.096545562782727e-06,M,1
2026-08-06 02:41:00+00:00,3.106101172164146e-05,8.684264170233498e-06,M,1
2026-08-06 02:42:00+00:00,3.389470592160741e-05,1.3644196039856757e-05,M,1
2026-08-06 02:43:00+00:00,3.898042145036492e-05,2.7109713514674923e-05,M,1
2026-08-06 02:44:00+00:00,4.4930113159109157e-05,4.102318610648239e-05,M,1
2026-08-06 02:45:00+00:00,4.3494751462777327e-05,8.096284496857441e-05,M,2
2026-08-06 02:46:00+00:00,5.0513538673169075e-05,7.959416366710797e-05,M,2
2026-08-06 02:47:00+00:00,5.7546627062880815e-05,0.00010353299417030565,M,2
2026-08-06 02:48:00+00:00,6.07364761239433e-05,0.00011307043007712407,M,2
2026-08-06 02:49:00+00:00,5.894733349751225e-05,9.100564598454346e-05,M,2
2026-08-06 02:50:00+00:00,5.246787073627889e-05,8.439950236143242e-05,M,2
2026-08-06 02:51:00+00:00,6.192455606465851e-05,7.88963863474665e-05,M,2
2026-08-06 02:52:00+00:00,6.374839269882741e-05,6.72592552240433e-05,M,2
2026-08-06 02:53:00+00:00,5.620660723471362e-05,6.561230719357447e-05,M,2
2026-08-06 02:54:00+00:00,5.5389591148852465e-05,5.612527007604347e-05,M,2
2026-08-06 02:55:00+00:00,5.873638053096918e-05,5.3962387856109415e-05,M,2
2026-08-06 02:56:00+00:00,5.8875372033172025e-05,4.029850812551439e-05,M,2
2026-08-06 02:57:00+00:00,5.166362430033218e-05,4.008981547305543e-05,M,2
2026-08-06 02:58:00+00:00,5.497465268077299e-05,3.619992636566974e-05,M,2
2026-08-06 02:59:00+00:00,5.0126722491997464e-05,4.102153627893569e-05,M,2
2026-08-06 03:00:00+00:00,4.904673027360814e-05,2.784456999873037e-05,M,2
2026-08-06 03:01:00+00:00,4.8204904782341335e-05,3.1779039915927e-05,M,2
2026-08-06 03:02:00+00:00,4.113522552197084e-05,3.0492213730217195e-05,M,3
2026-08-06 03:03:00+00:00,4.494063253198025e-05,2.0264627081484362e-05,M,3
2026-08-06 03:04:00+00:00,4.342169062204528e-05,2.4279534738144395e-05,M,3
2026-08-06 03:05:00+00:00,3.9391287190314494e-05,1.630877365379748e-05,M,3
2026-08-06 03:06:00+00:00,4.471720663067353e-05,1.8460898519703386e-05,M,3
2026-08-06 03:07:00+00:00,3.990684247597819e-05,1.679690985292527e-05,M,3
2026-08-06 03:08:00+00:00,4.0090855077445824e-05,1.4606486238501843e-05,M,3
2026-08-06 03:09:00+00:00,3.564459822683246e-05,1.1597034782079327e-05,M,3
2026-08-06 03:10:00+00:00,3.747934108860508e-05,1.290824823425586e-05,M,3
2026-08-06 03:11:00+00:00,3.653168109563962e-05,1.2174441050221778e-05,M,3
2026-08-06 03:12:00+00:00,3.7667973773281774e-05,9.353628871508985e-06,M,3
2026-08-06 03:13:00+00:00,3.1606633394619186e-05,8.193679602254473e-06,M,3
2026-08-06 03:14:00+00:00,3.159030540463156e-05,9.703725612507032e-06,M,3
2026-08-06 03:15:00+00:00,3.19439394458236e-05,4.027721392026988e-06,M,3
2026-08-06 03:16:00+00:00,2.892307320575258e-05,6.0693786872533155e-06,M,3
2026-08-06 03:17:00+00:00,2.9573193742842885e-05,6.0020669096655754e-06,M,3
2026-08-06 03:18:00+00:00,3.0300824217517446e-05,4.880071279943656e-06,M,3
2026-08-06 03:19:00+00:00,2.614691104572354e-05,2.3572055645786403e-06,M,3
2026-08-06 03:20:00+00:00,3.22598206432512e-05,4.000795663732001e-06,M,3
2026-08-06 03:21:00+00:00,2.9928158008196556e-05,3.3244531193274278e-06,M,3
2026-08-06 03:22:00+00:00,2.661998406905845e-05,3.756469386954233e-06,M,3
2026-08-06 03:23:00+00:00,2.6005633639424278e-05,6.19311207257663e-06,M,3
2026-08-06 03:24:00+00:00,2.7339761069715462e-05,3.505512447391436e-06,M,3
2026-08-06 03:25:00+00:00,2.4149482115307236e-05,3.035208789733709e-06,M,3
2026-08-06 03:26:00+00:00,2.3850134180935118e-05,1.4945234465666887e-06,M,3
2026-08-06 03:27:00+00:00,2.304877456851371e-05,2.0397819198108643e-06,M,3
2026-08-06 03:28:00+00:00,2.289645201354971e-05,1.7682201045309511e-06,M,3
2026-08-06 03:29:00+00:00,2.2554041568479048e-05,1.0412194913490739e-06,M,3
2026-08-06 03:30:00+00:00,2.2910705740741027e-05,7.500085033345539e-07,M,3
2026-08-06 03:31:00+00:00,2.1751341575673147e-05,2.0086123270208794e-06,M,3
2026-08-06 03:32:00+00:00,2.2148836730634034e-05,5.090987459791275e-07,M,3
2026-08-06 03:33:00+00:00,1.8856489586649898e-05,1.5935850554110185e-07,M,3
2026-08-06 03:34:00+00:00,1.8739064340248405e-05,2.616880488155638e-06,M,3
2026-08-06 03:35:00+00:00,1.697968227399287e-05,2.565368360851329e-06,M,3
2026-08-06 03:36:00+00:00,1.4546227834455272e-05,1e-10,M,3
2026-08-06 03:37:00+00:00,1.7819898723491826e-05,2.0493020958621695e-06,M,3
2026-08-06 03:38:00+00:00,1.7868478980989568e-05,1e-10,M,3
2026-08-06 03:39:00+00:00,2.052175891676708e-05,1e-10,M,3
2026-08-06 03:40:00+00:00,1.5763274590109237e-05,1e-10,M,3
2026-08-06 03:41:00+00:00,1.5042066209852e-05,1.1219604423073856e-09,M,3
2026-08-06 03:42:00+00:00,1.3516256303660994e-05,5.650097743775306e-07,M,3
2026-08-06 03:43:00+00:00,1.3584940081733244e-05,1e-10,M,3
2026-08-06 03:44:00+00:00,1.6372416317432383e-05,1e-10,M,3
2026-08-06 03:45:00+00:00,1.1332969807824746e-05,1e-10,M,3
2026-08-06 03:46:00+00:00,1.2611020757541646e-05,6.342355795056986e-07,M,3
2026-08-06 03:47:00+00:00,1.3031859544483106e-05,4.488891029631441e-07,M,3
2026-08-06 03:48:00+00:00,1.3202220864807827e-05,1.8379696453602833e-06,M,3
2026-08-06 03:49:00+00:00,1.25194342814791e-05,1e-10,M,3
2026-08-06 03:50:00+00:00,1.3893114135286414e-05,1.506764700910139e-06,M,3
2026-08-06 03:51:00+00:00,1.2808744153622144e-05,1.4669758436919495e-06,M,3
2026-08-06 03:52:00+00:00,1.2218423158120935e-05,1e-10,M,3
2026-08-06 03:53:00+00:00,1.163742436990517e-05,1e-10,M,3
2026-08-06 03:54:00+00:00,1.4106393376756696e-05,5.397847724334937e-07,M,3
2026-08-06 03:55:00+00:00,1.3435885674089375e-05,1.248149743570608e-06,M,3
2026-08-06 03:56:00+00:00,9.761354145004267e-06,1e-10,M,3
2026-08-06 03:57:00+00:00,1.0311536479231224e-05,1e-10,M,3
2026-08-06 03:58:00+00:00,1.1267794724073854e-05,5.860855607963272e-07,M,3
2026-08-06 03:59:00+00:00,9.942760406370297e-06,1.614375736073844e-07,M,3
2026-08-06 04:00:00+00:00,9.073241929228466e-06,1.0771994911152095e-07,M,3
2026-08-06 04:01:00+00:00,9.180697228336405e-06,1e-10,M,3
2026-08-06 04:02:00+00:00,9.220352597214823e-06,1e-10,M,3
2026-08-06 04:03:00+00:00,6.731463450160462e-06,1e-10,M,3
2026-08-06 04:04:00+00:00,1.0067584805216189e-05,1e-10,M,3
2026-08-06 04:05:00+00:00,9.454734555799966e-06,1.2951231858656116e-06,M,3
2026-08-06 04:06:00+00:00,7.6081484780560185e-06,1e-10,M,3
2026-08-06 04:07:00+00:00,6.601899087487405e-06,1e-10,M,3
2026-08-06 04:08:00+00:00,5.9516057209131e-06,2.232142057784625e-06,M,3
2026-08-06 04:09:00+00:00,8.080154479600993e-06,5.397215410511822e-07,M,3
2026-08-06 04:10:00+00:00,6.54837592717039e-06,2.1096180402218147e-07,M,3
2026-08-06 04:11:00+00:00,5.161137998506577e-06,1e-10,M,3
2026-08-06 04:12:00+00:00,9.965323687626812e-06,1e-10,M,3
2026-08-06 04:13:00+00:00,4.014554727037784e-06,1e-10,M,3
2026-08-06 04:14:00+00:00,3.945499190022302e-06,1e-10,M,3
2026-08-06 04:15:00+00:00,7.4003307808779255e-06,1e-10,M,3
2026-08-06 04:16:00+00:00,7.603065622442859e-06,1e-10,M,3
2026-08-06 04:17:00+00:00,5.074066340951417e-06,1.0268440086554163e-06,M,3
2026-08-06 04:18:00+00:00,4.906920867015005e-06,1e-10,M,3
2026-08-06 04:19:00+00:00,5.621461235910383e-06,9.709234296277804e-07,M,3
2026-08-06 04:20:00+00:00,6.135920343125925e-06,1e-10,M,3
2026-08-06 04:21:00+00:00,4.216179831632536e-06,4.470657880333604e-07,M,3
2026-08-06 04:22:00+00:00,6.419354023682374e-06,1e-10,M,3
2026-08-06 04:23:00+00:00,5.645930137519838e-06,1e-10,M,3
2026-08-06 04:24:00+00:00,6.362933818791624e-06,1e-10,M,3
2026-08-06 04:25:00+00:00,4.68484373367664e-06,2.915884411093087e-07,M,3
2026-08-06 04:26:00+00:00,5.4995069219740155e-06,1e-10,M,3
2026-08-06 04:27:00+00:00,4.15248380528816e-06,1.632038822529634e-06,M,3
2026-08-06 04:28:00+00:00,5.05787604706256e-06,1e-10,M,3
2026-08-06 04:29:00+00:00,4.316866456219949e-06,1e-10,M,3
2026-08-06 04:30:00+00:00,4.869692829188958e-06,1e-10,M,3
2026-08-06 04:31:00+00:00,4.796472635384975e-06,3.494363426215265e-07,M,3
2026-08-06 04:32:00+00:00,1.7223063315387627e-06,1.2314775002735202e-06,M,3
2026-08-06 04:33:00+00:00,2.906316639447108e-06,1e-10,M,3
2026-08-06 04:34:00+00:00,3.885983729924847e-06,1e-10,M,3
2026-08-06 04:35:00+00:00,4.166106297727366e-06,1e-10,M,3
2026-08-06 04:36:00+00:00,4.03037763920802e-06,1e-10,M,3
2026-08-06 04:37:00+00:00,4.04066329251867e-06,1e-10,M,3
2026-08-06 04:38:00+00:00,2.446135208549832e-06,4.4911294905205317e-07,M,3
2026-08-06 04:39:00+00:00,4.262537124183823e-06,1.314472105196662e-06,M,3
2026-08-06 04:40:00+00:00,2.135087311239186e-06,1e-10,M,3
2026-08-06 04:41:00+00:00,4.427348488102276e-06,1e-10,M,3
2026-08-06 04:42:00+00:00,4.024348912313575e-06,1e-10,M,3
2026-08-06 04:43:00+00:00,2.628258346911516e-06,2.7081588830006054e-06,M,3
2026-08-06 04:44:00+00:00,2.1167929533748544e-06,1e-10,M,3
2026-08-06 04:45:00+00:00,2.2849938036373718e-06,5.661639144412407e-07,M,3
2026-08-06 04:46:00+00:00,1.4143682585187905e-06,1e-10,M,3
2026-08-06 04:47:00+00:00,1.3741578091692228e-06,1e-10,M,3
2026-08-06 04:48:00+00:00,2.2518789883635487e-06,1.207648879178437e-06,M,3
2026-08-06 04:49:00+00:00,1.6200253293913305e-06,1e-10,M,3
2026-08-06 04:50:00+00:00,6.925952942120126e-07,1e-10,M,3
2026-08-06 04:51:00+00:00,1.711182560471633e-06,4.052484937033045e-07,M,3
2026-08-06 04:52:00+00:00,2.420131727005244e-06,1e-10,M,3
2026-08-06 04:53:00+00:00,1.7257456880934019e-06,6.107841617428246e-07,M,3
2026-08-06 04:54:00+00:00,1.2141088917417583e-06,1e-10,M,3
2026-08-06 04:55:00+00:00,1e-10,1e-10,M,3
2026-08-06 04:56:00+00:00,3.2247461926577877e-06,7.297590609106343e-07,M,3
2026-08-06 04:57:00+00:00,1.9188896719533554e-06,1e-10,M,3
2026-08-06 04:58:00+00:00,2.1752506133543364e-06,1e-10,M,3
2026-08-06 04:59:00+00:00,2.0391636417880905e-06,1e-10,M,3
2026-08-06 05:00:00+00:00,2.338411783677591e-06,1e-10,M,3
2026-08-06 05:01:00+00:00,2.0782237102105907e-06,1e-10,M,3
2026-08-06 05:02:00+00:00,1.8298193962078984e-06,1.2896641448261533e-08,M,3
2026-08-06 05:03:00+00:00,2.4973316096367066e-06,1.136702384530451e-08,M,3
2026-08-06 05:04:00+00:00,2.7364256601199438e-06,1.0151983856726744e-06,M,3
2026-08-06 05:05:00+00:00,2.9360765776475726e-06,1e-10,M,3
2026-08-06 05:06:00+00:00,4.995717500937381e-07,1e-10,M,3
2026-08-06 05:07:00+00:00,1.6036270163644138e-06,1.5325534049418425e-06,M,3
2026-08-06 05:08:00+00:00,1e-10,3.672847132528137e-07,M,3
2026-08-06 05:09:00+00:00,8.723826645460868e-07,1.0596764578780977e-06,M,3
2026-08-06 05:10:00+00:00,1.2275364522962972e-06,1e-10,M,3
2026-08-06 05:11:00+00:00,2.14659021931113e-06,9.030579683030183e-07,M,3
2026-08-06 05:12:00+00:00,1.0859526696882543e-06,1e-10,M,3
2026-08-06 05:13:00+00:00,1.985288231071588e-06,1e-10,M,3
2026-08-06 05:14:00+00:00,6.809617900279563e-07,7.267801105145638e-07,M,3
2026-08-06 05:15:00+00:00,4.977580702330541e-07,4.1659890700649507e-07,M,3
2026-08-06 05:16:00+00:00,8.702202242655745e-08,4.8576261030175765e-08,-,0
2026-08-06 05:17:00+00:00,1.8911329370657725e-06,1e-10,-,0
2026-08-06 05:18:00+00:00,6.384134731791824e-07,1.7432042901707663e-06,-,0
2026-08-06 05:19:00+00:00,1e-10,8.91911861437471e-07,-,0
2026-08-06 05:20:00+00:00,1.6656565415468345e-06,1e-10,-,0
2026-08-06 05:21:00+00:00,1e-10,1.5936831568956757e-06,-,0
2026-08-06 05:22:00+00:00,1.2195525608542122e-06,1.533215109560294e-06,-,0
2026-08-06 05:23:00+00:00,1e-10,1e-10,-,0
2026-08-06 05:24:00+00:00,9.592189677784728e-07,1e-10,-,0
2026-08-06 05:25:00+00:00,1e-10,5.315657976247105e-07,-,0
2026-08-06 05:26:00+00:00,7.427268216736371e-07,1e-10,-,0
2026-08-06 05:27:00+00:00,1e-10,3.012315612907201e-06,-,0
2026-08-06 05:28:00+00:00,1e-10,1e-10,-,0
2026-08-06 05:29:00+00:00,1.6210000461029426e-06,1.752635677741543e-06,-,0
2026-08-06 05:30:00+00:00,6.227876774624409e-07,1e-10,-,0
2026-08-06 05:31:00+00:00,4.77699370108655e-07,1e-10,-,0
2026-08-06 05:32:00+00:00,1e-10,1e-10,-,0
2026-08-06 05:33:00+00:00,1.6830847053625173e-06,1.3852016932774506e-07,-,0
2026-08-06 05:34:00+00:00,2.3897514878149643e-07,1e-10,-,0
2026-08-06 05:35:00+00:00,2.4150543008323753e-06,1e-10,-,0
2026-08-06 05:36:00+00:00,2.012428474155085e-06,1e-10,-,0
2026-08-06 05:37:00+00:00,2.265755596257963e-06,1e-10,-,0
2026-08-06 05:38:00+00:00,1.7161831323164074e-06,1e-10,-,0
2026-08-06 05:39:00+00:00,1e-10,1.4595996273439775e-06,-,0
2026-08-06 05:40:00+00:00,6.559756185443178e-07,2.7839112864891116e-07,-,0
2026-08-06 05:41:00+00:00,3.532101929218628e-07,1e-10,-,0
2026-08-06 05:42:00+00:00,1.546011660515805e-06,2.9178052134855316e-06,-,0
2026-08-06 05:43:00+00:00,5.917401192265433e-07,1e-10,-,0
2026-08-06 05:44:00+00:00,2.820572990348951e-07,3.1389122280401775e-07,-,0
2026-08-06 05:45:00+00:00,2.3991946176638757e-06,1e-10,-,0
2026-08-06 05:46:00+00:00,1.4491948751612475e-07,4.630188583379265e-08,-,0
2026-08-06 05:47:00+00:00,1e-10,1e-10,-,0
2026-08-06 05:48:00+00:00,4.3983761696999945e-08,1e-10,-,0
2026-08-06 05:49:00+00:00,1.6907773015561456e-06,3.028226181212569e-07,-,0
2026-08-06 05:50:00+00:00,7.027053440104929e-07,1e-10,-,0
2026-08-06 05:51:00+00:00,9.767690508525038e-07,1e-10,-,0
2026-08-06 05:52:00+00:00,6.802315444169616e-07,1e-10,-,0
2026-08-06 05:53:00+00:00,1e-10,8.481757542304378e-07,-,0
2026-08-06 05:54:00+00:00,1e-10,1e-10,-,0
2026-08-06 05:55:00+00:00,1.1929628839902594e-07,1e-10,-,0
2026-08-06 05:56:00+00:00,7.481214660963884e-07,1e-10,-,0
2026-08-06 05:57:00+00:00,1e-10,3.0110270984779744e-07,-,0
2026-08-06 05:58:00+00:00,1e-10,1e-10,-,0
2026-08-06 05:59:00+00:00,1.51058779683583e-08,1.8166305906054804e-07,-,0
2026-08-06 06:00:00+00:00,1.8202721198426474e-06,2.825440168275957e-06,-,0
2026-08-06 06:01:00+00:00,1e-10,8.962075236496995e-07,-,0
2026-08-06 06:02:00+00:00,1e-10,1e-10,-,0
2026-08-06 06:03:00+00:00,2.2630729432200716e-06,1e-10,-,0
2026-08-06 06:04:00+00:00,1e-10,1.812068757891779e-06,-,0
2026-08-06 06:05:00+00:00,1e-10,8.017106762841334e-08,-,0
2026-08-06 06:06:00+00:00,1e-10,2.7278388525629363e-06,-,0
2026-08-06 06:07:00+00:00,1e-10,1e-10,-,0
2026-08-06 06:08:00+00:00,1.0800838542696333e-07,1e-10,-,0
2026-08-06 06:09:00+00:00,2.1004693990312556e-06,1.6017867971116046e-06,-,0
2026-08-06 06:10:00+00:00,1.0706838235294424e-06,2.7712521371731376e-07,-,0
2026-08-06 06:11:00+00:00,1e-10,1.3912219269969409e-06,-,0
2026-08-06 06:12:00+00:00,1e-10,1e-10,-,0
2026-08-06 06:13:00+00:00,8.102566065344619e-07,1e-10,-,0
2026-08-06 06:14:00+00:00,1e-10,1e-10,-,0
2026-08-06 06:15:00+00:00,1e-10,1e-10,-,0
2026-08-06 06:16:00+00:00,1.5534581824207293e-06,1e-10,-,0
2026-08-06 06:17:00+00:00,1e-10,1e-10,-,0
2026-08-06 06:18:00+00:00,1e-10,8.997865100513622e-08,-,0
2026-08-06 06:19:00+00:00,9.300115767506126e-07,1e-10,-,0
2026-08-06 06:20:00+00:00,1e-10,1e-10,-,0
2026-08-06 06:21:00+00:00,1.6676972503783068e-06,5.755433639880643e-07,-,0
2026-08-06 06:22:00+00:00,1e-10,1.8384778080834603e-07,-,0
2026-08-06 06:23:00+00:00,1.2548544135351465e-07,1.4902429268438121e-06,-,0
2026-08-06 06:24:00+00:00,1e-10,2.0682938851284978e-06,-,0
2026-08-06 06:25:00+00:00,1e-10,1.5336503934701884e-07,-,0
2026-08-06 06:26:00+00:00,1e-10,4.889039757071156e-07,-,0
2026-08-06 06:27:00+00:00,1.0694255380981342e-06,6.579071656513081e-07,-,0
2026-08-06 06:28:00+00:00,1e-10,2.157707688548354e-06,-,0
2026-08-06 06:29:00+00:00,1e-10,1e-10,-,0
2026-08-06 06:30:00+00:00,1e-10,1e-10,-,0
2026-08-06 06:31:00+00:00,6.277814391648563e-07,1e-10,-,0
2026-08-06 06:32:00+00:00,1e-10,1e-10,-,0
2026-08-06 06:33:00+00:00,5.626849250968914e-08,1e-10,-,0
2026-08-06 06:34:00+00:00,7.32343178325323e-08,1e-10,-,0
2026-08-06 06:35:00+00:00,1e-10,4.7268166185300983e-07,-,0
2026-08-06 06:36:00+00:00,1.903545505307011e-06,5.677096798799024e-07,-,0
2026-08-06 06:37:00+00:00,1e-10,1e-10,-,0
2026-08-06 06:38:00+00:00,8.122245333453307e-07,3.673046151454446e-07,-,0
2026-08-06 06:39:00+00:00,1.4480241009196164e-06,1.988521386370666e-06,-,0
2026-08-06 06:40:00+00:00,1e-10,4.082568733595764e-07,-,0
2026-08-06 06:41:00+00:00,9.98169300978734e-08,1e-10,-,0
2026-08-06 06:42:00+00:00,6.25688320538207e-07,1e-10,-,0
2026-08-06 06:43:00+00:00,1e-10,1e-10,-,0
2026-08-06 06:44:00+00:00,1e-10,1.5871858780933996e-06,-,0
2026-08-06 06:45:00+00:00,1e-10,1e-10,-,0
2026-08-06 06:46:00+00:00,1.8536047056286528e-06,1e-10,-,0
2026-08-06 06:47:00+00:00,6.635424367783061e-07,1e-10,-,0
2026-08-06 06:48:00+00:00,1.1913423333171122e-07,1e-10,-,0
2026-08-06 06:49:00+00:00,8.690750730926985e-07,1e-10,-,0
2026-08-06 06:50:00+00:00,1e-10,1e-10,-,0
2026-08-06 06:51:00+00:00,6.590117518858853e-08,9.827233121815994e-07,-,0
2026-08-06 06:52:00+00:00,1e-10,1e-10,-,0
2026-08-06 06:53:00+00:00,5.593356024485494e-07,1e-10,-,0
2026-08-06 06:54:00+00:00,1e-10,8.413022843564009e-07,-,0
2026-08-06 06:55:00+00:00,1e-10,9.249264494008491e-07,-,0
2026-08-06 06:56:00+00:00,1.0057929280955616e-06,1e-10,-,0
2026-08-06 06:57:00+00:00,1e-10,1.3522166812297761e-06,-,0
2026-08-06 06:58:00+00:00,6.604506281448768e-07,1e-10,-,0
2026-08-06 06:59:00+00:00,7.493313754025037e-07,1e-10,-,0
2026-08-06 07:00:00+00:00,1e-10,1.0234668852462933e-06,-,0
2026-08-06 07:01:00+00:00,1e-10,4.4427169827934047e-07,-,0
2026-08-06 07:02:00+00:00,1e-10,3.344374782199321e-07,-,0
2026-08-06 07:03:00+00:00,1e-10,1e-10,-,0
2026-08-06 07:04:00+00:00,7.114591598527271e-07,4.4228099193421544e-09,-,0
2026-08-06 07:05:00+00:00,6.853349019597649e-07,1e-10,-,0
2026-08-06 07:06:00+00:00,1e-10,1e-10,-,0
2026-08-06 07:07:00+00:00,4.727504838063018e-07,1e-10,-,0
2026-08-06 07:08:00+00:00,2.747187587881561e-07,2.7945342950384773e-07,-,0
2026-08-06 07:09:00+00:00,1.06898016040181e-06,1.7238686498566601e-06,-,0
2026-08-06 07:10:00+00:00,2.4328168656880676e-06,1e-10,-,0
2026-08-06 07:11:00+00:00,6.668561898973101e-07,8.835994126930432e-07,-,0
2026-08-06 07:12:00+00:00,1e-10,1.53787163342708e-07,-,0
2026-08-06 07:13:00+00:00,8.548584465868997e-07,1.286867920061909e-06,-,0
2026-08-06 07:14:00+00:00,1e-10,1.907836237725718e-06,-,0
2026-08-06 07:15:00+00:00,2.492372333135234e-06,1e-10,-,0
2026-08-06 07:16:00+00:00,1e-10,1e-10,-,0
2026-08-06 07:17:00+00:00,5.166609681669799e-07,1e-10,-,0
2026-08-06 07:18:00+00:00,3.3911634077823086e-08,1.1072168551800773e-06,-,0
2026-08-06 07:19:00+00:00,1e-10,3.6152973516465074e-07,-,0
2026-08-06 07:20:00+00:00,1e-10,1e-10,-,0
2026-08-06 07:21:00+00:00,1.5406639335041786e-06,1.7963457373348074e-06,-,0
2026-08-06 07:22:00+00:00,6.610937781108385e-07,1e-10,-,0
2026-08-06 07:23:00+00:00,1e-10,1e-10,-,0
2026-08-06 07:24:00+00:00,1.9543252769863087e-06,1e-10,-,0
2026-08-06 07:25:00+00:00,1e-10,1.4200017461113947e-06,-,0
2026-08-06 07:26:00+00:00,8.480741434748719e-07,1e-10,-,0
2026-08-06 07:27:00+00:00,1e-10,1.4355968585940626e-06,-,0
2026-08-06 07:28:00+00:00,1e-10,6.347406047509164e-07,-,0
2026-08-06 07:29:00+00:00,8.183285044177971e-07,1.5310846150546426e-06,-,0
2026-08-06 07:30:00+00:00,3.7410745055526956e-07,8.614089548071917e-07,-,0
2026-08-06 07:31:00+00:00,2.4131442744273935e-06,3.993375371531412e-07,-,0
2026-08-06 07:32:00+00:00,1e-10,7.833570890307789e-07,-,0
2026-08-06 07:33:00+00:00,7.782252546160946e-07,1.1019225890916608e-07,-,0
2026-08-06 07:34:00+00:00,1e-10,1e-10,-,0
2026-08-06 07:35:00+00:00,9.735522751095983e-07,7.449185344863678e-07,-,0
2026-08-06 07:36:00+00:00,8.841433379647067e-07,1e-10,-,0
2026-08-06 07:37:00+00:00,1e-10,1.416755760675988e-06,-,0
2026-08-06 07:38:00+00:00,1e-10,1.3764708453385492e-06,-,0
2026-08-06 07:39:00+00:00,1e-10,6.576964657960034e-07,-,0
2026-08-06 07:40:00+00:00,1e-10,1.113991229614147e-06,-,0
2026-08-06 07:41:00+00:00,4.38896664280725e-07,5.562598355096639e-07,-,0
2026-08-06 07:42:00+00:00,1e-10,5.662204607515487e-07,-,0
2026-08-06 07:43:00+00:00,1e-10,1e-10,-,0
2026-08-06 07:44:00+00:00,1.0324471332172714e-06,2.8951729862742733e-07,-,0
2026-08-06 07:45:00+00:00,1.0100109001881917e-06,5.041217789321953e-07,-,0
2026-08-06 07:46:00+00:00,1e-10,4.171777986102129e-07,-,0
2026-08-06 07:47:00+00:00,6.762322340051085e-07,3.111531842989184e-07,-,0
2026-08-06 07:48:00+00:00,1e-10,2.4122847374580543e-07,-,0
2026-08-06 07:49:00+00:00,1e-10,2.330503019287775e-06,-,0
2026-08-06 07:50:00+00:00,8.817730273383412e-07,1.5713601724626026e-07,-,0
2026-08-06 07:51:00+00:00,1e-10,8.368170906557905e-07,-,0
2026-08-06 07:52:00+00:00,1.611722847024817e-06,4.1719106937627394e-08,-,0
2026-08-06 07:53:00+00:00,3.1683484160824663e-07,3.875116890188581e-07,-,0
2026-08-06 07:54:00+00:00,5.469403449728032e-07,1e-10,-,0
2026-08-06 07:55:00+00:00,1.229726543831149e-06,1e-10,-,0
2026-08-06 07:56:00+00:00,1.0151275440614414e-06,1e-10,-,0
2026-08-06 07:57:00+00:00,9.228869290173347e-07,1e-10,-,0
2026-08-06 07:58:00+00:00,1e-10,1.6517077784785473e-07,-,0
2026-08-06 07:59:00+00:00,1e-10,1e-10,-,0
2026-08-06 08:00:00+00:00,1e-10,1e-10,-,0
2026-08-06 08:01:00+00:00,5.583939724243042e-07,2.4345575708389908e-06,-,0
2026-08-06 08:02:00+00:00,1e-10,1.3207402666729906e-06,-,0
2026-08-06 08:03:00+00:00,6.791609583730502e-07,2.3288478146454197e-06,-,0
2026-08-06 08:04:00+00:00,4.4643086998359915e-07,1e-10,-,0
2026-08-06 08:05:00+00:00,1e-10,1e-10,-,0
2026-08-06 08:06:00+00:00,1.0316552605785766e-07,4.989658439870675e-07,-,0
2026-08-06 08:07:00+00:00,1.0309135069268333e-07,4.882221767185715e-07,-,0
2026-08-06 08:08:00+00:00,5.176917947546726e-07,1e-10,-,0
2026-08-06 08:09:00+00:00,8.559906178414577e-07,1e-10,-,0
2026-08-06 08:10:00+00:00,3.2102533761794522e-06,7.370555330387677e-07,-,0
2026-08-06 08:11:00+00:00,2.2256437776959918e-07,1e-10,-,0
2026-08-06 08:12:00+00:00,1e-10,7.245772999978803e-07,-,0
2026-08-06 08:13:00+00:00,1e-10,1e-10,-,0
2026-08-06 08:14:00+00:00,1e-10,9.419024538650421e-07,-,0
2026-08-06 08:15:00+00:00,1e-10,1.2726507893321913e-06,-,0
2026-08-06 08:16:00+00:00,7.908051893687583e-07,7.134339253760261e-07,-,0
2026-08-06 08:17:00+00:00,1e-10,1e-10,-,0
2026-08-06 08:18:00+00:00,4.816013580788729e-07,1e-10,-,0
2026-08-06 08:19:00+00:00,1e-10,1e-10,-,0
2026-08-06 08:20:00+00:00,5.356644359597174e-07,1e-10,-,0
2026-08-06 08:21:00+00:00,9.968716212139821e-07,1e-10,-,0
2026-08-06 08:22:00+00:00,1e-10,1e-10,-,0
2026-08-06 08:23:00+00:00,5.112016833223029e-07,1e-10,-,0
2026-08-06 08:24:00+00:00,1e-10,1e-10,-,0
2026-08-06 08:25:00+00:00,1e-10,1.8257244790834595e-08,-,0
2026-08-06 08:26:00+00:00,6.506956499649212e-07,4.625109501388064e-07,-,0
2026-08-06 08:27:00+00:00,4.875613291487242e-07,1e-10,-,0
2026-08-06 08:28:00+00:00,6.931157438843297e-07,1e-10,-,0
2026-08-06 08:29:00+00:00,1.0879387618459702e-06,4.135196859818841e-07,-,0
2026-08-06 08:30:00+00:00,1e-10,1e-10,-,0
2026-08-06 08:31:00+00:00,1e-10,1e-10,-,0
2026-08-06 08:32:00+00:00,1e-10,7.76795009250707e-07,-,0
2026-08-06 08:33:00+00:00,4.148046954917376e-07,1e-10,-,0
2026-08-06 08:34:00+00:00,1e-10,9.404548633449742e-07,-,0
2026-08-06 08:35:00+00:00,1.7247017075887523e-07,2.564040452876292e-06,-,0
2026-08-06 08:36:00+00:00,1e-10,3.273085023510959e-07,-,0
2026-08-06 08:37:00+00:00,1e-10,1e-10,-,0
2026-08-06 08:38:00+00:00,1e-10,1e-10,-,0
2026-08-06 08:39:00+00:00,4.931775435226814e-07,1e-10,-,0
2026-08-06 08:40:00+00:00,1e-10,4.14967589816817e-07,-,0
2026-08-06 08:41:00+00:00,1e-10,1e-10,-,0
2026-08-06 08:42:00+00:00,7.639192929143503e-07,1e-10,-,0
2026-08-06 08:43:00+00:00,1.6440820390613608e-06,1e-10,-,0
2026-08-06 08:44:00+00:00,1e-10,1e-10,-,0
2026-08-06 08:45:00+00:00,1e-10,1e-10,-,0
2026-08-06 08:46:00+00:00,1.0808550378789214e-06,1e-10,-,0
2026-08-06 08:47:00+00:00,4.8320023762331455e-08,1.1614991908039779e-07,-,0
2026-08-06 08:48:00+00:00,1e-10,1.8000739830305464e-07,-,0
2026-08-06 08:49:00+00:00,1.1613919099066776e-06,1.5679944182811333e-06,-,0
2026-08-06 08:50:00+00:00,1e-10,1e-10,-,0
2026-08-06 08:51:00+00:00,4.7140693910565235e-07,8.26041243486385e-07,-,0
2026-08-06 08:52:00+00:00,2.1270412643338057e-07,9.52338257597704e-07,-,0
2026-08-06 08:53:00+00:00,3.626472379294332e-06,1e-10,-,0
2026-08-06 08:54:00+00:00,1e-10,1e-10,-,0
2026-08-06 08:55:00+00:00,1.071499535466746e-06,1.4980384417158537e-06,-,0
2026-08-06 08:56:00+00:00,1e-10,1e-10,-,0
2026-08-06 08:57:00+00:00,5.308396568533072e-07,1e-10,-,0
2026-08-06 08:58:00+00:00,1e-10,1e-10,-,0
2026-08-06 08:59:00+00:00,9.106622489601874e-07,1e-10,-,0
2026-08-06 09:00:00+00:00,1e-10,1e-10,-,0
2026-08-06 09:01:00+00:00,5.888575064461206e-07,1.6622077702576134e-06,-,0
2026-08-06 09:02:00+00:00,1e-10,1e-10,-,0
2026-08-06 09:03:00+00:00,1e-10,2.355529752892055e-06,-,0
2026-08-06 09:04:00+00:00,1e-10,1.0107418716243197e-06,-,0
2026-08-06 09:05:00+00:00,4.4016694322007015e-07,1e-10,-,0
2026-08-06 09:06:00+00:00,1e-10,1e-10,-,0
2026-08-06 09:07:00+00:00,2.459843753155901e-06,2.2494947134549915e-07,-,0
2026-08-06 09:08:00+00:00,1e-10,9.118314184072627e-08,-,0
2026-08-06 09:09:00+00:00,1.4146347361014167e-06,1e-10,-,0
2026-08-06 09:10:00+00:00,1.3005424125280312e-06,1e-10,-,0
2026-08-06 09:11:00+00:00,1e-10,1e-10,-,0
2026-08-06 09:12:00+00:00,1e-10,1.969999257119032e-06,-,0
2026-08-06 09:13:00+00:00,1e-10,1.6196999919906493e-07,-,0
2026-08-06 09:14:00+00:00,1.2867014089986632e-06,1e-10,-,0
2026-08-06 09:15:00+00:00,2.560615991791044e-06,1e-10,-,0
2026-08-06 09:16:00+00:00,1e-10,1e-10,-,0
2026-08-06 09:17:00+00:00,4.6700764291638506e-08,1e-10,-,0
2026-08-06 09:18:00+00:00,1e-10,1.8808346152131954e-07,-,0
2026-08-06 09:19:00+00:00,1e-10,8.725241871916261e-07,-,0
2026-08-06 09:20:00+00:00,1.921583233234355e-06,1.756863163140565e-06,-,0
2026-08-06 09:21:00+00:00,1e-10,8.909999669922307e-07,-,0
2026-08-06 09:22:00+00:00,1e-10,8.423743753267322e-07,-,0
2026-08-06 09:23:00+00:00,2.549996895163628e-07,1.3080900391449324e-06,-,0
2026-08-06 09:24:00+00:00,4.534750932916437e-07,1e-10,-,0
2026-08-06 09:25:00+00:00,1e-10,1e-10,-,0
2026-08-06 09:26:00+00:00,1e-10,8.747932474449738e-07,-,0
2026-08-06 09:27:00+00:00,2.0690725563955732e-07,1e-10,-,0
2026-08-06 09:28:00+00:00,1e-10,1e-10,-,0
2026-08-06 09:29:00+00:00,5.005034394159463e-07,1e-10,-,0
2026-08-06 09:30:00+00:00,1e-10,1.2946287146857228e-06,-,0
2026-08-06 09:31:00+00:00,1.5665478973005958e-06,9.552051737847045e-07,-,0
2026-08-06 09:32:00+00:00,3.8343373210254924e-07,1e-10,-,0
2026-08-06 09:33:00+00:00,1e-10,1.1963115892297224e-07,-,0
2026-08-06 09:34:00+00:00,1e-10,1.1680491650706589e-06,-,0
2026-08-06 09:35:00+00:00,1e-10,1e-10,-,0
2026-08-06 09:36:00+00:00,1e-10,1e-10,-,0
2026-08-06 09:37:00+00:00,1e-10,1.0852055971507391e-06,-,0
2026-08-06 09:38:00+00:00,8.682644597214174e-08,1e-10,-,0
2026-08-06 09:39:00+00:00,1e-10,1e-10,-,0
2026-08-06 09:40:00+00:00,1.6157087816999614e-06,8.829454976178569e-07,-,0
2026-08-06 09:41:00+00:00,1e-10,1e-10,-,0
2026-08-06 09:42:00+00:00,1e-10,1e-10,-,0
2026-08-06 09:43:00+00:00,1e-10,1e-10,-,0
2026-08-06 09:44:00+00:00,1e-10,2.2481249882124995e-06,-,0
2026-08-06 09:45:00+00:00,1e-10,1.3711699910756044e-07,-,0
2026-08-06 09:46:00+00:00,1e-10,1.179346799362252e-06,-,0
2026-08-06 09:47:00+00:00,1e-10,1e-10,-,0
2026-08-06 09:48:00+00:00,1.2906521574747708e-06,1.3902480571276032e-06,-,0
2026-08-06 09:49:00+00:00,1.0683761457938393e-06,1e-10,-,0
2026-08-06 09:50:00+00:00,1e-10,1.5433911857218188e-06,-,0
2026-08-06 09:51:00+00:00,7.236727428455289e-08,1e-10,-,0
2026-08-06 09:52:00+00:00,4.992207048213184e-07,1e-10,-,0
2026-08-06 09:53:00+00:00,6.785350927794709e-07,1.2194626603758721e-06,-,0
2026-08-06 09:54:00+00:00,1.8084713740833682e-06,7.35087021229138e-08,-,0
2026-08-06 09:55:00+00:00,1e-10,1e-10,-,0
2026-08-06 09:56:00+00:00,1e-10,1e-10,-,0
2026-08-06 09:57:00+00:00,1e-10,4.6985505877671716e-07,-,0
2026-08-06 09:58:00+00:00,4.352356477025662e-07,1e-10,-,0
2026-08-06 09:59:00+00:00,1e-10,2.3665439113699798e-07,-,0
2026-08-06 10:00:00+00:00,1e-10,2.6745110707756945e-07,-,0
2026-08-06 10:01:00+00:00,1e-10,1e-10,-,0
2026-08-06 10:02:00+00:00,2.8847690346051282e-08,4.2989343899594295e-07,-,0
2026-08-06 10:03:00+00:00,2.319450599903065e-06,8.111296940229643e-07,-,0
2026-08-06 10:04:00+00:00,1.0294299714256373e-06,1e-10,-,0
2026-08-06 10:05:00+00:00,1e-10,5.854463642271142e-07,-,0
2026-08-06 10:06:00+00:00,1e-10,6.451730751914868e-07,-,0
2026-08-06 10:07:00+00:00,1e-10,1.1999539655176834e-06,-,0
2026-08-06 10:08:00+00:00,1.4617357432672066e-06,1e-10,-,0
2026-08-06 10:09:00+00:00,1e-10,1e-10,-,0
2026-08-06 10:10:00+00:00,1e-10,6.207952867071056e-07,-,0
2026-08-06 10:11:00+00:00,1e-10,2.346571560597551e-06,-,0
2026-08-06 10:12:00+00:00,1e-10,1.3256047695913396e-06,-,0
2026-08-06 10:13:00+00:00,1.8715475263501853e-06,1.3491674450752217e-06,-,0
2026-08-06 10:14:00+00:00,1e-10,2.9730419073289802e-06,-,0
2026-08-06 10:15:00+00:00,1e-10,1e-10,-,0
2026-08-06 10:16:00+00:00,1.7976992395792872e-06,2.3179195864023427e-06,-,0
2026-08-06 10:17:00+00:00,1e-10,7.683001844901221e-07,-,0
2026-08-06 10:18:00+00:00,1e-10,1e-10,-,0
2026-08-06 10:19:00+00:00,1e-10,1e-10,-,0
2026-08-06 10:20:00+00:00,3.005379447169867e-08,1e-10,-,0
2026-08-06 10:21:00+00:00,1e-10,7.443689368588119e-07,-,0
2026-08-06 10:22:00+00:00,1e-10,1e-10,-,0
2026-08-06 10:23:00+00:00,1e-10,1.3876765186615847e-07,-,0
2026-08-06 10:24:00+00:00,7.556552424749594e-08,2.146765726696785e-06,-,0
2026-08-06 10:25:00+00:00,1e-10,5.6066772571767563e-08,-,0
2026-08-06 10:26:00+00:00,1e-10,2.199418527506599e-06,-,0
2026-08-06 10:27:00+00:00,7.608112784353028e-07,8.698956496441218e-07,-,0
2026-08-06 10:28:00+00:00,1e-10,1.1964841259383185e-06,-,0
2026-08-06 10:29:00+00:00,1e-10,1e-10,-,0
2026-08-06 10:30:00+00:00,1.8828236514827695e-06,1e-10,-,0
2026-08-06 10:31:00+00:00,4.568314026508404e-07,2.529530394921491e-08,-,0
2026-08-06 10:32:00+00:00,1e-10,1e-10,-,0
2026-08-06 10:33:00+00:00,1e-10,7.325162099085454e-07,-,0
2026-08-06 10:34:00+00:00,1e-10,1.4470480250541852e-06,-,0
2026-08-06 10:35:00+00:00,9.021157769228203e-07,2.755905858672659e-06,-,0
2026-08-06 10:36:00+00:00,1e-10,1e-10,-,0
2026-08-06 10:37:00+00:00,1e-10,3.2069365205121264e-09,-,0
2026-08-06 10:38:00+00:00,1e-10,1.1170055982593022e-06,-,0
2026-08-06 10:39:00+00:00,1e-10,7.521128371946088e-08,-,0
2026-08-06 10:40:00+00:00,1e-10,1e-10,-,0
2026-08-06 10:41:00+00:00,2.640849438146916e-07,8.949393930930894e-07,-,0
2026-08-06 10:42:00+00:00,1.2562491061765977e-07,1e-10,-,0
2026-08-06 10:43:00+00:00,1.5956202923529764e-06,2.251808258238168e-07,-,0
2026-08-06 10:44:00+00:00,8.042569471284142e-08,1.928253940754814e-06,-,0
2026-08-06 10:45:00+00:00,1e-10,7.941478043768578e-07,-,0
2026-08-06 10:46:00+00:00,1.5682300530226384e-06,7.109456447392627e-07,-,0
2026-08-06 10:47:00+00:00,3.6107759033617144e-07,1.6737032592609002e-06,-,0
2026-08-06 10:48:00+00:00,1.6890118686593989e-07,1e-10,-,0
2026-08-06 10:49:00+00:00,1e-10,3.883652066476576e-07,-,0
2026-08-06 10:50:00+00:00,1.2845842354578914e-07,1e-10,-,0
2026-08-06 10:51:00+00:00,1e-10,8.835357091295433e-07,-,0
2026-08-06 10:52:00+00:00,1e-10,1e-10,-,0
2026-08-06 10:53:00+00:00,1e-10,1e-10,-,0
2026-08-06 10:54:00+00:00,3.468598490121154e-07,4.402910562514681e-08,-,0
2026-08-06 10:55:00+00:00,1.1874265530513828e-06,6.788480791860708e-07,-,0
2026-08-06 10:56:00+00:00,1.0208329724173234e-06,2.1327639139977332e-06,-,0
2026-08-06 10:57:00+00:00,5.189509305146607e-07,1e-10,-,0
2026-08-06 10:58:00+00:00,1e-10,1e-10,-,0
2026-08-06 10:59:00+00:00,1e-10,2.9098096857743723e-07,-,0
2026-08-06 11:00:00+00:00,1e-10,1e-10,-,0
2026-08-06 11:01:00+00:00,1.1518025102877722e-06,1e-10,-,0
2026-08-06 11:02:00+00:00,1e-10,1e-10,-,0
2026-08-06 11:03:00+00:00,1e-10,6.252292076173663e-07,-,0
2026-08-06 11:04:00+00:00,1e-10,1e-10,-,0
2026-08-06 11:05:00+00:00,1.3545068612638577e-06,1.3766879196955593e-06,-,0
2026-08-06 11:06:00+00:00,6.503734239040789e-08,4.740414883050495e-07,-,0
2026-08-06 11:07:00+00:00,1e-10,1e-10,-,0
2026-08-06 11:08:00+00:00,9.35662885103493e-08,1e-10,-,0
2026-08-06 11:09:00+00:00,1.7683406990395273e-07,4.347917536905154e-07,-,0
2026-08-06 11:10:00+00:00,1e-10,1e-10,-,0
2026-08-06 11:11:00+00:00,1.3472986036988159e-06,6.089539099544397e-07,-,0
2026-08-06 11:12:00+00:00,1.342836189144115e-06,1.2964868679613016e-06,-,0
2026-08-06 11:13:00+00:00,5.3654722459247517e-08,1e-10,-,0
2026-08-06 11:14:00+00:00,1e-10,1e-10,-,0
2026-08-06 11:15:00+00:00,3.1667334046202416e-07,1.434344669408117e-06,-,0
2026-08-06 11:16:00+00:00,1e-10,1.5590904809964093e-06,-,0
2026-08-06 11:17:00+00:00,1.5308968768242426e-06,1e-10,-,0
2026-08-06 11:18:00+00:00,1.6897586658533046e-06,1e-10,-,0
2026-08-06 11:19:00+00:00,7.543745123225091e-07,1e-10,-,0
2026-08-06 11:20:00+00:00,1e-10,2.706824274012666e-07,-,0
2026-08-06 11:21:00+00:00,1e-10,1e-10,-,0
2026-08-06 11:22:00+00:00,1e-10,4.344723751537571e-08,-,0
2026-08-06 11:23:00+00:00,1e-10,1e-10,-,0
2026-08-06 11:24:00+00:00,1e-10,1e-10,-,0
2026-08-06 11:25:00+00:00,2.0876431790778298e-07,1.0698346184693618e-07,-,0
2026-08-06 11:26:00+00:00,5.423583149322981e-07,1.048788930600061e-07,-,0
2026-08-06 11:27:00+00:00,1.376704243733697e-06,1e-10,-,0
2026-08-06 11:28:00+00:00,1e-10,1.883342499514361e-06,-,0
2026-08-06 11:29:00+00:00,1e-10,1e-10,-,0
2026-08-06 11:30:00+00:00,1e-10,5.3089828637308376e-08,-,0
2026-08-06 11:31:00+00:00,3.4101065792212264e-07,1e-10,-,0
2026-08-06 11:32:00+00:00,1e-10,1.0894685308610948e-06,-,0
2026-08-06 11:33:00+00:00,1e-10,1e-10,-,0
2026-08-06 11:34:00+00:00,1e-10,1.7254808319710012e-07,-,0
2026-08-06 11:35:00+00:00,1e-10,1e-10,-,0
2026-08-06 11:36:00+00:00,7.5185828396695e-07,1e-10,-,0
2026-08-06 11:37:00+00:00,1e-10,1e-10,-,0
2026-08-06 11:38:00+00:00,1.6850256543450142e-06,1e-10,-,0
2026-08-06 11:39:00+00:00,1e-10,6.058467543916012e-07,-,0
2026-08-06 11:40:00+00:00,1.3426074832823197e-06,1e-10,-,0
2026-08-06 11:41:00+00:00,1e-10,1e-10,-,0
2026-08-06 11:42:00+00:00,1e-10,1e-10,-,0
2026-08-06 11:43:00+00:00,5.051613129735658e-07,1.8745438587588694e-07,-,0
2026-08-06 11:44:00+00:00,1.093672507282221e-06,5.287535192052707e-07,-,0
2026-08-06 11:45:00+00:00,1.134530245577006e-06,2.0256217817195202e-07,-,0
2026-08-06 11:46:00+00:00,1.1134808336564203e-06,1e-10,-,0
2026-08-06 11:47:00+00:00,1e-10,3.597124921462358e-07,-,0
2026-08-06 11:48:00+00:00,1.961375692928087e-06,1e-10,-,0
2026-08-06 11:49:00+00:00,6.362611692833773e-07,1e-10,-,0
2026-08-06 11:50:00+00:00,1e-10,1e-10,-,0
2026-08-06 11:51:00+00:00,2.378134549630386e-08,1e-10,-,0
2026-08-06 11:52:00+00:00,1e-10,8.785145298981884e-07,-,0
2026-08-06 11:53:00+00:00,1e-10,1e-10,-,0
2026-08-06 11:54:00+00:00,6.928123175565428e-07,1e-10,-,0
2026-08-06 11:55:00+00:00,3.228256274277731e-07,7.104907935625003e-07,-,0
2026-08-06 11:56:00+00:00,1e-10,1e-10,-,0
2026-08-06 11:57:00+00:00,1.6510869962040557e-06,2.0828165417154122e-07,-,0
2026-08-06 11:58:00+00:00,1e-10,1.1652397842905532e-07,-,0
2026-08-06 11:59:00+00:00,1e-10,1e-10,-,0
2026-08-06 12:00:00+00:00,1e-10,2.010722537641878e-06,-,0
2026-08-06 12:01:00+00:00,4.814499978484119e-07,1e-10,-,0
2026-08-06 12:02:00+00:00,3.9182625876887315e-07,2.125476329464262e-06,-,0
2026-08-06 12:03:00+00:00,1e-10,6.154596577198421e-07,-,0
2026-08-06 12:04:00+00:00,1e-10,3.0943299773078393e-07,-,0
2026-08-06 12:05:00+00:00,1e-10,1e-10,-,0
2026-08-06 12:06:00+00:00,1e-10,3.875854092770524e-07,-,0
2026-08-06 12:07:00+00:00,8.699772163120352e-07,1e-10,-,0
2026-08-06 12:08:00+00:00,1.7222627480764492e-06,1e-10,-,0
2026-08-06 12:09:00+00:00,1e-10,1e-10,-,0
2026-08-06 12:10:00+00:00,3.694037741224295e-07,9.842927673490415e-07,-,0
2026-08-06 12:11:00+00:00,1.0836056925698255e-07,1.0350773373310413e-06,-,0
2026-08-06 12:12:00+00:00,1.4990353420019175e-06,1e-10,-,0
2026-08-06 12:13:00+00:00,2.134429652390225e-06,1e-10,-,0
2026-08-06 12:14:00+00:00,1e-10,1e-10,-,0
2026-08-06 12:15:00+00:00,2.260335600354893e-08,3.8520347232556985e-07,-,0
2026-08-06 12:16:00+00:00,9.35236881296247e-07,1.6626071360287853e-07,-,0
2026-08-06 12:17:00+00:00,3.655191382774473e-07,1e-10,-,0
2026-08-06 12:18:00+00:00,1e-10,5.475142244124385e-07,-,0
2026-08-06 12:19:00+00:00,1e-10,2.0907778999526786e-06,-,0
2026-08-06 12:20:00+00:00,1e-10,1e-10,-,0
2026-08-06 12:21:00+00:00,3.488972092993771e-07,1.1587801044045845e-06,-,0
2026-08-06 12:22:00+00:00,1e-10,1.964383040132602e-06,-,0
2026-08-06 12:23:00+00:00,1e-10,1.7105756189655456e-06,-,0
2026-08-06 12:24:00+00:00,1e-10,7.418607365562322e-07,-,0
2026-08-06 12:25:00+00:00,2.0147532095319767e-06,7.361204553652683e-07,-,0
2026-08-06 12:26:00+00:00,1e-10,4.868584304405279e-07,-,0
2026-08-06 12:27:00+00:00,1e-10,1.8951848720376289e-06,-,0
2026-08-06 12:28:00+00:00,1e-10,1e-10,-,0
2026-08-06 12:29:00+00:00,2.1512672489632305e-06,1e-10,-,0
2026-08-06 12:30:00+00:00,1e-10,1e-10,-,0
2026-08-06 12:31:00+00:00,1e-10,2.7293778228202806e-06,-,0
2026-08-06 12:32:00+00:00,6.048010401924719e-08,1.7200831201882895e-06,-,0
2026-08-06 12:33:00+00:00,1.7667218247606993e-07,1e-10,-,0
2026-08-06 12:34:00+00:00,1.2280697244947668e-06,1e-10,-,0
2026-08-06 12:35:00+00:00,1.1177732555631066e-06,1e-10,-,0
2026-08-06 12:36:00+00:00,1e-10,8.460854119692643e-08,-,0
2026-08-06 12:37:00+00:00,3.3357772038724053e-07,2.9093272706171415e-07,-,0
2026-08-06 12:38:00+00:00,1e-10,1e-10,-,0
2026-08-06 12:39:00+00:00,1e-10,1e-10,-,0
2026-08-06 12:40:00+00:00,1.1139423675508025e-06,1.3628545466854218e-06,-,0
2026-08-06 12:41:00+00:00,2.6748971317076543e-07,6.894324846755627e-07,-,0
2026-08-06 12:42:00+00:00,1.7512809063955945e-06,1e-10,-,0
2026-08-06 12:43:00+00:00,5.128670539505018e-07,1.0862727003909086e-06,-,0
2026-08-06 12:44:00+00:00,1.0134755235835805e-06,1.0968532344877747e-06,-,0
2026-08-06 12:45:00+00:00,1e-10,2.48978322498297e-06,-,0
2026-08-06 12:46:00+00:00,8.639335272354321e-08,1e-10,-,0
2026-08-06 12:47:00+00:00,4.679673382750997e-07,1e-10,-,0
2026-08-06 12:48:00+00:00,5.734486306610477e-07,1e-10,-,0
2026-08-06 12:49:00+00:00,1.7057974587988323e-06,1.0402316799797362e-06,-,0
2026-08-06 12:50:00+00:00,6.798144338319433e-07,1e-10,-,0
2026-08-06 12:51:00+00:00,1e-10,1.0438236874127911e-08,-,0
2026-08-06 12:52:00+00:00,5.929980395107262e-07,4.948039386427279e-08,-,0
2026-08-06 12:53:00+00:00,9.210919760867229e-07,1.4901192538782353e-06,-,0
2026-08-06 12:54:00+00:00,1e-10,1e-10,-,0
2026-08-06 12:55:00+00:00,1e-10,1e-10,-,0
2026-08-06 12:56:00+00:00,8.683376853010375e-07,5.89133922395481e-07,-,0
2026-08-06 12:57:00+00:00,1e-10,1e-10,-,0
2026-08-06 12:58:00+00:00,1.2077735846863796e-06,1e-10,-,0
2026-08-06 12:59:00+00:00,2.0358051615885742e-07,2.0970437666117528e-06,-,0
2026-08-06 13:00:00+00:00,1e-10,6.285979612174175e-07,-,0
2026-08-06 13:01:00+00:00,6.630561970815809e-08,1.3635198770295125e-06,-,0
2026-08-06 13:02:00+00:00,1e-10,8.176901624893992e-07,-,0
2026-08-06 13:03:00+00:00,6.829509848466024e-07,1e-10,-,0
2026-08-06 13:04:00+00:00,4.707963502909739e-07,1e-10,-,0
2026-08-06 13:05:00+00:00,1e-10,1e-10,-,0
2026-08-06 13:06:00+00:00,2.2192640824633113e-07,1e-10,-,0
2026-08-06 13:07:00+00:00,5.97718351696281e-07,1e-10,-,0
2026-08-06 13:08:00+00:00,4.906979181110944e-07,1e-10,-,0
2026-08-06 13:09:00+00:00,1.084950770138468e-06,8.776869708911598e-07,-,0
2026-08-06 13:10:00+00:00,1e-10,1e-10,-,0
2026-08-06 13:11:00+00:00,1e-10,1.5619394062495635e-06,-,0
2026-08-06 13:12:00+00:00,1e-10,8.471996023288731e-07,-,0
2026-08-06 13:13:00+00:00,1.3123262977846552e-06,7.566218854478193e-07,-,0
2026-08-06 13:14:00+00:00,1.352275889454301e-07,2.7244219882499506e-07,-,0
2026-08-06 13:15:00+00:00,1e-10,4.715851574658312e-07,-,0
2026-08-06 13:16:00+00:00,1e-10,1e-10,-,0
2026-08-06 13:17:00+00:00,5.60083054121243e-07,1e-10,-,0
2026-08-06 13:18:00+00:00,1.182055618093829e-06,1e-10,-,0
2026-08-06 13:19:00+00:00,1e-10,1e-10,-,0
2026-08-06 13:20:00+00:00,4.849638615803012e-07,5.171757244061836e-07,-,0
2026-08-06 13:21:00+00:00,4.712684744737695e-07,1e-10,-,0
2026-08-06 13:22:00+00:00,1e-10,7.329226510304141e-07,-,0
2026-08-06 13:23:00+00:00,1e-10,7.650324455658867e-07,-,0
2026-08-06 13:24:00+00:00,5.129769343403633e-07,2.9642965359862717e-07,-,0
2026-08-06 13:25:00+00:00,1.3980003893302535e-06,1e-10,-,0
2026-08-06 13:26:00+00:00,1.5371868287132993e-06,1e-10,-,0
2026-08-06 13:27:00+00:00,1e-10,1e-10,-,0
2026-08-06 13:28:00+00:00,1.1391327788322481e-06,1e-10,-,0
2026-08-06 13:29:00+00:00,1.1739613661653594e-06,1e-10,-,0
2026-08-06 13:30:00+00:00,4.891333939478442e-07,1e-10,-,0
2026-08-06 13:31:00+00:00,1e-10,2.1349597764670676e-06,-,0
2026-08-06 13:32:00+00:00,1e-10,2.081117807149594e-06,-,0
2026-08-06 13:33:00+00:00,1.5036706645186334e-07,1.7113821231325129e-06,-,0
2026-08-06 13:34:00+00:00,1e-10,1e-10,-,0
2026-08-06 13:35:00+00:00,1e-10,1e-10,-,0
2026-08-06 13:36:00+00:00,1e-10,2.1199582594745862e-07,-,0
2026-08-06 13:37:00+00:00,1e-10,1e-10,-,0
2026-08-06 13:38:00+00:00,6.828201595017948e-07,4.8390652195636124e-08,-,0
2026-08-06 13:39:00+00:00,5.634831247707234e-07,4.897248459602093e-07,-,0
2026-08-06 13:40:00+00:00,6.094994833608981e-07,7.923263466554235e-07,-,0
2026-08-06 13:41:00+00:00,1e-10,1e-10,-,0
2026-08-06 13:42:00+00:00,5.5966005335857396e-08,1.4534686451441032e-06,-,0
2026-08-06 13:43:00+00:00,1e-10,1.0753710697836824e-06,-,0
2026-08-06 13:44:00+00:00,1.0419411615380337e-06,1e-10,-,0
2026-08-06 13:45:00+00:00,1e-10,9.995287946680928e-07,-,0
2026-08-06 13:46:00+00:00,1e-10,1e-10,-,0
2026-08-06 13:47:00+00:00,1.096154552860336e-06,4.559665254675121e-08,-,0
2026-08-06 13:48:00+00:00,9.383857950307035e-07,1e-10,-,0
2026-08-06 13:49:00+00:00,5.462458335049908e-07,1e-10,-,0
2026-08-06 13:50:00+00:00,1.7818697800376234e-06,1e-10,-,0
2026-08-06 13:51:00+00:00,2.3432335454679517e-06,3.0584855378605478e-06,-,0
2026-08-06 13:52:00+00:00,1.3927666465625927e-06,7.07649138815152e-07,-,0
2026-08-06 13:53:00+00:00,1e-10,1.6044047152597553e-07,-,0
2026-08-06 13:54:00+00:00,9.544874356280095e-07,2.0302548733833006e-06,-,0
2026-08-06 13:55:00+00:00,1.5374179991930406e-07,1e-10,-,0
2026-08-06 13:56:00+00:00,1e-10,1e-10,-,0
2026-08-06 13:57:00+00:00,1e-10,1e-10,-,0
2026-08-06 13:58:00+00:00,3.267484238871266e-07,1e-10,-,0
2026-08-06 13:59:00+00:00,9.344496939772745e-07,4.0158595915716006e-08,-,0
2026-08-06 14:00:00+00:00,1.5609379777875352e-06,1e-10,-,0
2026-08-06 14:01:00+00:00,7.769404381260128e-07,1e-10,-,0
2026-08-06 14:02:00+00:00,6.639161184216114e-07,1e-10,-,0
2026-08-06 14:03:00+00:00,1e-10,1e-10,-,0
2026-08-06 14:04:00+00:00,2.6978268406898286e-07,1e-10,-,0
2026-08-06 14:05:00+00:00,1e-10,1e-10,-,0
2026-08-06 14:06:00+00:00,6.559043339202077e-07,1e-10,-,0
2026-08-06 14:07:00+00:00,5.110751226753559e-07,1e-10,-,0
2026-08-06 14:08:00+00:00,2.148089676654958e-06,1e-10,-,0
2026-08-06 14:09:00+00:00,1e-10,1e-10,-,0
2026-08-06 14:10:00+00:00,1.3512573928748081e-06,2.4829376017809814e-07,-,0
2026-08-06 14:11:00+00:00,1e-10,1e-10,-,0
2026-08-06 14:12:00+00:00,1.9092195500494454e-06,1e-10,-,0
2026-08-06 14:13:00+00:00,1.6370130801458402e-06,9.043199254369508e-07,-,0
2026-08-06 14:14:00+00:00,1.2799042878077598e-06,6.846821125402924e-07,-,0
2026-08-06 14:15:00+00:00,9.763307447969611e-08,2.6081915993061075e-06,-,0
2026-08-06 14:16:00+00:00,1e-10,1.9755902971189163e-06,-,0
2026-08-06 14:17:00+00:00,1e-10,1e-10,-,0
2026-08-06 14:18:00+00:00,1e-10,1e-10,-,0
2026-08-06 14:19:00+00:00,5.48509544296772e-07,4.102231276262381e-08,-,0
2026-08-06 14:20:00+00:00,1e-10,1.430726418761143e-06,-,0
2026-08-06 14:21:00+00:00,4.5673742331851374e-07,1e-10,-,0
2026-08-06 14:22:00+00:00,2.1930646190801995e-07,1.508014345844569e-06,-,0
2026-08-06 14:23:00+00:00,1e-10,3.2235968124791113e-07,-,0
2026-08-06 14:24:00+00:00,1.2036623056746458e-06,1e-10,-,0
2026-08-06 14:25:00+00:00,1.3795192553462582e-07,1e-10,-,0
2026-08-06 14:26:00+00:00,9.895574515102191e-07,1.142617571614112e-06,-,0
2026-08-06 14:27:00+00:00,1e-10,1.08646792636025e-06,-,0
2026-08-06 14:28:00+00:00,1e-10,1.2276502966615402e-06,-,0
2026-08-06 14:29:00+00:00,1e-10,1e-10,-,0
2026-08-06 14:30:00+00:00,3.025441604211417e-07,1e-10,-,0
2026-08-06 14:31:00+00:00,1e-10,1.4055648162098933e-06,-,0
2026-08-06 14:32:00+00:00,1.5409334738401569e-06,1e-10,-,0
2026-08-06 14:33:00+00:00,1.175626995862958e-06,6.411811002851395e-07,-,0
2026-08-06 14:34:00+00:00,1e-10,1e-10,-,0
2026-08-06 14:35:00+00:00,3.292634773655354e-06,1e-10,-,0
2026-08-06 14:36:00+00:00,1e-10,1e-10,-,0
2026-08-06 14:37:00+00:00,1.4611226784060494e-06,1.7705468359636192e-06,-,0
2026-08-06 14:38:00+00:00,1e-10,1.0057880962337582e-06,-,0
2026-08-06 14:39:00+00:00,7.220486284314138e-07,1e-10,-,0
2026-08-06 14:40:00+00:00,1.0789427697030759e-06,2.4637721980817033e-06,-,0
2026-08-06 14:41:00+00:00,1e-10,1e-10,-,0
2026-08-06 14:42:00+00:00,1.9661408525876393e-06,1e-10,-,0
2026-08-06 14:43:00+00:00,1e-10,1.7923792154691958e-06,-,0
2026-08-06 14:44:00+00:00,1e-10,1e-10,-,0
2026-08-06 14:45:00+00:00,1e-10,1e-10,-,0
2026-08-06 14:46:00+00:00,1e-10,1e-10,-,0
2026-08-06 14:47:00+00:00,1e-10,1e-10,-,0
2026-08-06 14:48:00+00:00,1e-10,1.0428772489581898e-06,-,0
2026-08-06 14:49:00+00:00,8.764841836642055e-07,1e-10,-,0
2026-08-06 14:50:00+00:00,1.6032931643630396e-07,3.0083058036007823e-06,-,0
2026-08-06 14:51:00+00:00,1e-10,1e-10,-,0
2026-08-06 14:52:00+00:00,1.1604690780685794e-06,1.895548045989904e-06,-,0
2026-08-06 14:53:00+00:00,1.988505785942087e-06,9.285385701902481e-07,-,0
2026-08-06 14:54:00+00:00,1e-10,1e-10,-,0
2026-08-06 14:55:00+00:00,1.829193238744898e-06,2.9322306152952414e-07,-,0
2026-08-06 14:56:00+00:00,1.0131342063215306e-08,9.491148853575239e-07,-,0
2026-08-06 14:57:00+00:00,1e-10,7.050575255431776e-07,-,0
2026-08-06 14:58:00+00:00,4.925154371301163e-07,1e-10,-,0
2026-08-06 14:59:00+00:00,1e-10,4.3806122294511934e-07,-,0
2026-08-06 15:00:00+00:00,9.841349366570019e-07,1e-10,-,0
2026-08-06 15:01:00+00:00,1.911048062553589e-07,1.1758940430326566e-06,-,0
2026-08-06 15:02:00+00:00,4.2781443722882163e-07,1.2014603369959076e-06,-,0
2026-08-06 15:03:00+00:00,1e-10,1e-10,-,0
2026-08-06 15:04:00+00:00,1e-10,1e-10,-,0
2026-08-06 15:05:00+00:00,8.535360524285496e-07,1e-10,-,0
2026-08-06 15:06:00+00:00,1e-10,1e-10,-,0
2026-08-06 15:07:00+00:00,4.770563505306007e-07,1.3785919957287827e-08,-,0
2026-08-06 15:08:00+00:00,1.6738314294741709e-06,4.764422315474545e-07,-,0
2026-08-06 15:09:00+00:00,1e-10,1e-10,-,0
2026-08-06 15:10:00+00:00,8.057225085644408e-07,1.2168790782584768e-07,-,0
2026-08-06 15:11:00+00:00,4.191313606621794e-10,1e-10,-,0
2026-08-06 15:12:00+00:00,1e-10,1e-10,-,0
2026-08-06 15:13:00+00:00,1e-10,6.808044884130238e-07,-,0
2026-08-06 15:14:00+00:00,1e-10,5.86607032517623e-07,-,0
2026-08-06 15:15:00+00:00,1e-10,1e-10,-,0
2026-08-06 15:16:00+00:00,1e-10,1e-10,-,0
2026-08-06 15:17:00+00:00,1e-10,1.7392913905175673e-06,-,0
2026-08-06 15:18:00+00:00,1e-10,1.916864074058317e-06,-,0
2026-08-06 15:19:00+00:00,2.009054815450334e-06,1.2780034165330018e-06,-,0
2026-08-06 15:20:00+00:00,7.491552044340741e-08,7.133123273731123e-07,-,0
2026-08-06 15:21:00+00:00,1e-10,1e-10,-,0
2026-08-06 15:22:00+00:00,1e-10,1.4363846768480356e-06,-,0
2026-08-06 15:23:00+00:00,4.018673354493704e-08,6.524241228508211e-07,-,0
2026-08-06 15:24:00+00:00,5.280017902078925e-07,1e-10,-,0
2026-08-06 15:25:00+00:00,1e-10,7.944403482055648e-07,-,0
2026-08-06 15:26:00+00:00,2.2702242982136574e-06,1e-10,-,0
2026-08-06 15:27:00+00:00,2.325011442221546e-06,9.319111969780162e-07,-,0
2026-08-06 15:28:00+00:00,4.5783716856278947e-07,1.283628422178773e-06,-,0
2026-08-06 15:29:00+00:00,1e-10,5.872550160546854e-07,-,0
2026-08-06 15:30:00+00:00,4.5654078141463974e-07,1e-10,-,0
2026-08-06 15:31:00+00:00,1e-10,6.960598501418872e-07,-,0
2026-08-06 15:32:00+00:00,1.138840984109384e-06,6.331213433275746e-07,-,0
2026-08-06 15:33:00+00:00,2.194550507251507e-07,1e-10,-,0
2026-08-06 15:34:00+00:00,1e-10,1e-10,-,0
2026-08-06 15:35:00+00:00,1e-10,2.1329971141329203e-06,-,0
2026-08-06 15:36:00+00:00,6.660070002297889e-07,1.8562517961070634e-06,-,0
2026-08-06 15:37:00+00:00,1e-10,1e-10,-,0
2026-08-06 15:38:00+00:00,1e-10,1e-10,-,0
2026-08-06 15:39:00+00:00,1e-10,1.6604120204566117e-06,-,0
2026-08-06 15:40:00+00:00,1.1119474248807476e-06,2.3741601330773987e-06,-,0
2026-08-06 15:41:00+00:00,1.930204667154934e-06,1.7631143511721175e-06,-,0
2026-08-06 15:42:00+00:00,4.5169832645909606e-07,1e-10,-,0
2026-08-06 15:43:00+00:00,1e-10,7.542861726120531e-07,-,0
2026-08-06 15:44:00+00:00,1e-10,1e-10,-,0
2026-08-06 15:45:00+00:00,3.900352739631691e-06,1.2134613616942335e-06,-,0
2026-08-06 15:46:00+00:00,2.0343488067159435e-07,1e-10,-,0
2026-08-06 15:47:00+00:00,1e-10,1e-10,-,0
2026-08-06 15:48:00+00:00,2.6610088684972426e-06,1e-10,-,0
2026-08-06 15:49:00+00:00,1e-10,1e-10,-,0
2026-08-06 15:50:00+00:00,6.677614059468978e-07,8.263522758924892e-07,-,0
2026-08-06 15:51:00+00:00,1e-10,1e-10,-,0
2026-08-06 15:52:00+00:00,2.4654329489746285e-06,2.894623021829677e-06,-,0
2026-08-06 15:53:00+00:00,1e-10,6.209513379980121e-07,-,0
2026-08-06 15:54:00+00:00,1e-10,1e-10,-,0
2026-08-06 15:55:00+00:00,1.1938764147100365e-06,1e-10,-,0
2026-08-06 15:56:00+00:00,1e-10,1e-10,-,0
2026-08-06 15:57:00+00:00,5.693127810828048e-07,1e-10,-,0
2026-08-06 15:58:00+00:00,9.506416935505287e-07,1e-10,-,0
2026-08-06 15:59:00+00:00,2.262154996663938e-07,1e-10,-,0
2026-08-06 16:00:00+00:00,1e-10,1e-10,-,0
2026-08-06 16:01:00+00:00,1e-10,1.0183843806654807e-06,-,0
2026-08-06 16:02:00+00:00,1e-10,1.5834250786985047e-06,-,0
2026-08-06 16:03:00+00:00,6.841097916375211e-07,1e-10,-,0
2026-08-06 16:04:00+00:00,9.360883625002597e-07,1e-10,-,0
2026-08-06 16:05:00+00:00,2.6170909348684153e-07,1e-10,-,0
2026-08-06 16:06:00+00:00,8.094538889963265e-07,1e-10,-,0
2026-08-06 16:07:00+00:00,1e-10,2.2050523653312117e-06,-,0
2026-08-06 16:08:00+00:00,3.607434538576831e-07,1.3456078051320051e-06,-,0
2026-08-06 16:09:00+00:00,1e-10,6.972866881903912e-07,-,0
2026-08-06 16:10:00+00:00,5.821710388716828e-07,1e-10,-,0
2026-08-06 16:11:00+00:00,8.667690472704717e-07,1e-10,-,0
2026-08-06 16:12:00+00:00,1e-10,1e-10,-,0
2026-08-06 16:13:00+00:00,1e-10,1.1463766407055155e-06,-,0
2026-08-06 16:14:00+00:00,1.5115244143804424e-06,1.459927962968379e-06,-,0
2026-08-06 16:15:00+00:00,3.6777142352918245e-07,1.5107363849211715e-08,-,0
2026-08-06 16:16:00+00:00,1e-10,1.0210429382320406e-06,-,0
2026-08-06 16:17:00+00:00,1e-10,1e-10,-,0
2026-08-06 16:18:00+00:00,6.342007649851223e-07,3.75793000385116e-07,-,0
2026-08-06 16:19:00+00:00,1e-10,1.1889218437162175e-06,-,0
2026-08-06 16:20:00+00:00,1e-10,1.7993407990255217e-06,-,0
2026-08-06 16:21:00+00:00,1e-10,1e-10,-,0
2026-08-06 16:22:00+00:00,4.6695482964688894e-07,1.6402930628050483e-06,-,0
2026-08-06 16:23:00+00:00,1e-10,2.7140550782562146e-06,-,0
2026-08-06 16:24:00+00:00,1e-10,1e-10,-,0
2026-08-06 16:25:00+00:00,1e-10,1e-10,-,0
2026-08-06 16:26:00+00:00,1e-10,1.8457668123774818e-06,-,0
2026-08-06 16:27:00+00:00,2.7051881076036077e-07,1e-10,-,0
2026-08-06 16:28:00+00:00,1e-10,1e-10,-,0
2026-08-06 16:29:00+00:00,1e-10,1.4097928522728735e-06,-,0
2026-08-06 16:30:00+00:00,2.1432630539765005e-07,1e-10,-,0
2026-08-06 16:31:00+00:00,1.142900065144147e-06,3.90625325541989e-07,-,0
2026-08-06 16:32:00+00:00,8.581677820889548e-07,1e-10,-,0
2026-08-06 16:33:00+00:00,1e-10,1.0688804013425215e-06,-,0
2026-08-06 16:34:00+00:00,8.827547957228173e-07,1.064997939129886e-06,-,0
2026-08-06 16:35:00+00:00,1.5450458663635893e-06,2.97848955473062e-07,-,0
2026-08-06 16:36:00+00:00,8.083943285552135e-07,1.207778636990747e-07,-,0
2026-08-06 16:37:00+00:00,1e-10,9.132270898638488e-08,-,0
2026-08-06 16:38:00+00:00,3.2441146379359596e-07,1e-10,-,0
2026-08-06 16:39:00+00:00,1.5656418784448388e-06,2.436108100681559e-08,-,0
2026-08-06 16:40:00+00:00,1e-10,1.0805769360350247e-06,-,0
2026-08-06 16:41:00+00:00,3.2410502523598634e-06,1e-10,-,0
2026-08-06 16:42:00+00:00,1e-10,2.1552809056153864e-06,-,0
2026-08-06 16:43:00+00:00,1.9419286038651963e-07,3.159813590645965e-07,-,0
2026-08-06 16:44:00+00:00,8.331845035537914e-07,2.6217187942012195e-06,-,0
2026-08-06 16:45:00+00:00,2.2344556577670688e-07,3.8713385624291334e-07,-,0
2026-08-06 16:46:00+00:00,2.0143548583373862e-07,1.1864116511741565e-07,-,0
2026-08-06 16:47:00+00:00,1e-10,8.060347418264885e-07,-,0
2026-08-06 16:48:00+00:00,1e-10,1e-10,-,0
2026-08-06 16:49:00+00:00,6.698309204534275e-07,1e-10,-,0
2026-08-06 16:50:00+00:00,1e-10,1e-10,-,0
2026-08-06 16:51:00+00:00,1.0325923926806287e-06,1.9063359560654465e-07,-,0
2026-08-06 16:52:00+00:00,1e-10,1.2571211039598853e-06,-,0
2026-08-06 16:53:00+00:00,6.478654817554572e-07,1.929231334574628e-07,-,0
2026-08-06 16:54:00+00:00,9.702613673523017e-07,1.7264267621249443e-06,-,0
2026-08-06 16:55:00+00:00,4.1598425787758666e-06,1e-10,-,0
2026-08-06 16:56:00+00:00,1.5817763986387382e-06,2.12465028470921e-06,-,0
2026-08-06 16:57:00+00:00,1e-10,1e-10,-,0
2026-08-06 16:58:00+00:00,2.4254062726130265e-06,8.682058708081984e-07,-,0
2026-08-06 16:59:00+00:00,1e-10,1.4444389485891696e-06,-,0
2026-08-06 17:00:00+00:00,1e-10,1e-10,-,0
2026-08-06 17:01:00+00:00,2.2412946436611882e-07,1.719478896715492e-06,-,0
2026-08-06 17:02:00+00:00,1e-10,9.470593848022117e-07,-,0
2026-08-06 17:03:00+00:00,3.4635129120130686e-07,2.087037209951736e-06,-,0
2026-08-06 17:04:00+00:00,1e-10,1.912699485251246e-07,-,0
2026-08-06 17:05:00+00:00,1.4516728925678385e-06,1.0203364490036838e-07,-,0
2026-08-06 17:06:00+00:00,1e-10,1e-10,-,0
2026-08-06 17:07:00+00:00,1e-10,1e-10,-,0
2026-08-06 17:08:00+00:00,1.9912598047695326e-06,3.3063219071761654e-08,-,0
2026-08-06 17:09:00+00:00,1.104872404350372e-06,7.568320103861817e-07,-,0
2026-08-06 17:10:00+00:00,1e-10,9.429241798363976e-07,-,0
2026-08-06 17:11:00+00:00,5.508100633325446e-07,1e-10,-,0
2026-08-06 17:12:00+00:00,2.103840288652508e-06,1e-10,-,0
2026-08-06 17:13:00+00:00,1e-10,3.558848979200118e-07,-,0
2026-08-06 17:14:00+00:00,1e-10,1e-10,-,0
2026-08-06 17:15:00+00:00,1e-10,1.063326388907816e-06,-,0
2026-08-06 17:16:00+00:00,2.705032315293566e-07,1e-10,-,0
2026-08-06 17:17:00+00:00,1.1066492444881523e-06,1.1568145244037489e-07,-,0
2026-08-06 17:18:00+00:00,1e-10,1.7265936249067416e-06,-,0
2026-08-06 17:19:00+00:00,1e-10,1e-10,-,0
2026-08-06 17:20:00+00:00,1e-10,1e-10,-,0
2026-08-06 17:21:00+00:00,1e-10,1e-10,-,0
2026-08-06 17:22:00+00:00,1e-10,8.615346017539843e-09,-,0
2026-08-06 17:23:00+00:00,1e-10,1.309563491493587e-06,-,0
2026-08-06 17:24:00+00:00,1e-10,1e-10,-,0
2026-08-06 17:25:00+00:00,1e-10,1e-10,-,0
2026-08-06 17:26:00+00:00,1e-10,2.6625232438697405e-07,-,0
2026-08-06 17:27:00+00:00,1.9097560375944096e-06,1e-10,-,0
2026-08-06 17:28:00+00:00,1e-10,1e-10,-,0
2026-08-06 17:29:00+00:00,1.1529701787874965e-06,2.5208371978181634e-07,-,0
2026-08-06 17:30:00+00:00,1.8806535135918044e-06,2.1320558429982055e-06,-,0
2026-08-06 17:31:00+00:00,1.1005724184713783e-06,1.2899861418853712e-07,-,0
2026-08-06 17:32:00+00:00,4.1193444565406687e-07,3.4884987823974525e-07,-,0
2026-08-06 17:33:00+00:00,1.4824541774349583e-06,6.198997732434484e-07,-,0
2026-08-06 17:34:00+00:00,7.336508926399961e-07,1e-10,-,0
2026-08-06 17:35:00+00:00,1.2609363583457197e-06,4.433905464094978e-07,-,0
2026-08-06 17:36:00+00:00,1.6035023535652483e-07,1e-10,-,0
2026-08-06 17:37:00+00:00,1e-10,1.1146643678179948e-07,-,0
2026-08-06 17:38:00+00:00,1.3171301622185624e-06,1.3029758145494336e-06,-,0
2026-08-06 17:39:00+00:00,2.9218791178197783e-06,1e-10,-,0
2026-08-06 17:40:00+00:00,1e-10,1.2803402052992249e-06,-,0
2026-08-06 17:41:00+00:00,5.3186185393302524e-08,1e-10,-,0
2026-08-06 17:42:00+00:00,1.5551134063513933e-07,3.890565256447625e-07,-,0
2026-08-06 17:43:00+00:00,1e-10,4.082553415614912e-07,-,0
2026-08-06 17:44:00+00:00,1e-10,1e-10,-,0
2026-08-06 17:45:00+00:00,3.704752138338698e-07,6.514797164200419e-07,-,0
2026-08-06 17:46:00+00:00,1e-10,1e-10,-,0
2026-08-06 17:47:00+00:00,5.397371774660898e-08,2.690650083804933e-07,-,0
2026-08-06 17:48:00+00:00,6.189096523316988e-08,5.763088672833082e-07,-,0
2026-08-06 17:49:00+00:00,1e-10,1e-10,-,0
2026-08-06 17:50:00+00:00,1e-10,2.626058892099859e-07,-,0
2026-08-06 17:51:00+00:00,5.156580527336837e-07,2.6045906735356107e-06,-,0
2026-08-06 17:52:00+00:00,3.9472833435982593e-07,1e-10,-,0
2026-08-06 17:53:00+00:00,1e-10,1e-10,-,0
2026-08-06 17:54:00+00:00,4.866661149036639e-07,2.353427926704173e-06,-,0
2026-08-06 17:55:00+00:00,1e-10,2.879671536947114e-07,-,0
2026-08-06 17:56:00+00:00,7.565094152767167e-07,1.3627936532233538e-06,-,0
2026-08-06 17:57:00+00:00,1e-10,1e-10,-,0
2026-08-06 17:58:00+00:00,4.6912946984562894e-07,1e-10,-,0
2026-08-06 17:59:00+00:00,2.2306889741027975e-07,1e-10,-,0
2026-08-06 18:00:00+00:00,1e-10,1e-10,-,0
2026-08-06 18:01:00+00:00,3.954210984579784e-07,1e-10,-,0
2026-08-06 18:02:00+00:00,9.640255139602003e-07,1e-10,-,0
2026-08-06 18:03:00+00:00,1.6780463459583872e-07,1e-10,-,0
2026-08-06 18:04:00+00:00,1.4759441225827186e-07,2.840866578095182e-07,-,0
2026-08-06 18:05:00+00:00,1e-10,1e-10,-,0
2026-08-06 18:06:00+00:00,1e-10,1e-10,-,0
2026-08-06 18:07:00+00:00,6.879830153654684e-08,1e-10,-,0
2026-08-06 18:08:00+00:00,1e-10,1e-10,-,0
2026-08-06 18:09:00+00:00,1e-10,1.2172636191607796e-06,-,0
2026-08-06 18:10:00+00:00,1e-10,1e-10,-,0
2026-08-06 18:11:00+00:00,1e-10,1.1181947159753342e-06,-,0
2026-08-06 18:12:00+00:00,1e-10,9.92782829558322e-07,-,0
2026-08-06 18:13:00+00:00,5.680699451180657e-07,1e-10,-,0
2026-08-06 18:14:00+00:00,3.9851789349755253e-07,7.828773529083712e-07,-,0
2026-08-06 18:15:00+00:00,1.50841184836476e-07,1.3061719403056257e-06,-,0
2026-08-06 18:16:00+00:00,1.373935027506284e-06,1.2506107008791033e-06,-,0
2026-08-06 18:17:00+00:00,3.4163321533732572e-06,4.1910739613678087e-07,-,0
2026-08-06 18:18:00+00:00,5.933946766460163e-07,1e-10,-,0
2026-08-06 18:19:00+00:00,1.0403262505891484e-06,1e-10,-,0
2026-08-06 18:20:00+00:00,3.42199939576418e-07,1.3472156837111814e-06,-,0
2026-08-06 18:21:00+00:00,7.503815717955571e-07,1e-10,-,0
2026-08-06 18:22:00+00:00,1e-10,1e-10,-,0
2026-08-06 18:23:00+00:00,1e-10,1.2299033604578444e-06,-,0
2026-08-06 18:24:00+00:00,1e-10,1e-10,-,0
2026-08-06 18:25:00+00:00,1e-10,6.602669560981471e-09,-,0
2026-08-06 18:26:00+00:00,1.5432389413453927e-06,1e-10,-,0
2026-08-06 18:27:00+00:00,3.1797145252653453e-07,1e-10,-,0
2026-08-06 18:28:00+00:00,1e-10,1e-10,-,0
2026-08-06 18:29:00+00:00,6.604859123447709e-07,1e-10,-,0
2026-08-06 18:30:00+00:00,4.219908391921797e-07,6.490475710191295e-07,-,0
2026-08-06 18:31:00+00:00,1e-10,7.506194349643323e-07,-,0
2026-08-06 18:32:00+00:00,5.513573550865381e-07,1e-10,-,0
2026-08-06 18:33:00+00:00,9.542082619069384e-07,3.178242040011778e-07,-,0
2026-08-06 18:34:00+00:00,2.358058556058023e-06,1e-10,-,0
2026-08-06 18:35:00+00:00,1e-10,1e-10,-,0
2026-08-06 18:36:00+00:00,1.9065309667688677e-06,1e-10,-,0
2026-08-06 18:37:00+00:00,1e-10,1e-10,-,0
2026-08-06 18:38:00+00:00,2.6065227812219484e-06,1e-10,-,0
2026-08-06 18:39:00+00:00,1e-10,2.3664282074632087e-06,-,0
2026-08-06 18:40:00+00:00,7.423101304153481e-07,1.3568406276149652e-06,-,0
2026-08-06 18:41:00+00:00,3.4656837052949144e-07,2.750295689537574e-06,-,0
2026-08-06 18:42:00+00:00,1.6779514387125187e-06,1.2780419319914743e-06,-,0
2026-08-06 18:43:00+00:00,1.5323503743530566e-06,3.61428003137928e-07,-,0
2026-08-06 18:44:00+00:00,1e-10,1e-10,-,0
2026-08-06 18:45:00+00:00,1e-10,1.1786729447040088e-06,-,0
2026-08-06 18:46:00+00:00,2.3841939430666324e-06,1.524802306194559e-06,-,0
2026-08-06 18:47:00+00:00,1.423365658437642e-07,1e-10,-,0
2026-08-06 18:48:00+00:00,9.329139669409057e-07,6.445826594022809e-07,-,0
2026-08-06 18:49:00+00:00,1e-10,1.9032515234550635e-07,-,0
2026-08-06 18:50:00+00:00,1e-10,1e-10,-,0
2026-08-06 18:51:00+00:00,1e-10,6.360127584660021e-07,-,0
2026-08-06 18:52:00+00:00,1.0585366528331288e-06,5.430562139242305e-07,-,0
2026-08-06 18:53:00+00:00,8.497816772022314e-07,1e-10,-,0
2026-08-06 18:54:00+00:00,1.3870046645262211e-06,1.1043939553786603e-06,-,0
2026-08-06 18:55:00+00:00,1e-10,1e-10,-,0
2026-08-06 18:56:00+00:00,6.404333181276302e-07,5.648066376062072e-07,-,0
2026-08-06 18:57:00+00:00,5.5212771159656376e-08,3.504145579925971e-07,-,0
2026-08-06 18:58:00+00:00,1e-10,1e-10,-,0
2026-08-06 18:59:00+00:00,5.445996355760837e-07,1.4135874713935413e-06,-,0
2026-08-06 19:00:00+00:00,1.4635266473504383e-06,1e-10,-,0
2026-08-06 19:01:00+00:00,1.7712368675574899e-06,3.195796587345954e-07,-,0
2026-08-06 19:02:00+00:00,1e-10,2.3807956329520742e-07,-,0
2026-08-06 19:03:00+00:00,9.494809744908019e-07,1.7856050241956012e-06,-,0
2026-08-06 19:04:00+00:00,6.346295516447429e-07,7.540309842628664e-07,-,0
2026-08-06 19:05:00+00:00,1e-10,1e-10,-,0
2026-08-06 19:06:00+00:00,1e-10,1e-10,-,0
2026-08-06 19:07:00+00:00,1e-10,1.8195688647637311e-06,-,0
2026-08-06 19:08:00+00:00,1e-10,1e-10,-,0
2026-08-06 19:09:00+00:00,1.2939534916517635e-07,1e-10,-,0
2026-08-06 19:10:00+00:00,1e-10,1e-10,-,0
2026-08-06 19:11:00+00:00,2.687072025985949e-07,1.879791151242584e-06,-,0
2026-08-06 19:12:00+00:00,1e-10,1e-10,-,0
2026-08-06 19:13:00+00:00,1.7213323829928593e-06,1e-10,-,0
2026-08-06 19:14:00+00:00,1e-10,1e-10,-,0
2026-08-06 19:15:00+00:00,1e-10,1e-10,-,0
2026-08-06 19:16:00+00:00,1e-10,8.294968575301047e-07,-,0
2026-08-06 19:17:00+00:00,1e-10,1e-10,-,0
2026-08-06 19:18:00+00:00,1e-10,3.996396846396867e-07,-,0
2026-08-06 19:19:00+00:00,1e-10,1.8251474419335147e-06,-,0
2026-08-06 19:20:00+00:00,2.938604767213482e-07,1e-10,-,0
2026-08-06 19:21:00+00:00,1e-10,1.163869108710975e-06,-,0
2026-08-06 19:22:00+00:00,4.588412209733153e-07,1.0165782862853806e-06,-,0
2026-08-06 19:23:00+00:00,1e-10,1e-10,-,0
2026-08-06 19:24:00+00:00,1.9341539007621443e-06,1.5433518044508614e-06,-,0
2026-08-06 19:25:00+00:00,1e-10,1e-10,-,0
2026-08-06 19:26:00+00:00,1e-10,1e-10,-,0
2026-08-06 19:27:00+00:00,2.409237147294591e-07,1e-10,-,0
2026-08-06 19:28:00+00:00,1e-10,1e-10,-,0
2026-08-06 19:29:00+00:00,1e-10,1e-10,-,0
2026-08-06 19:30:00+00:00,1.3939931393307633e-06,1e-10,-,0
2026-08-06 19:31:00+00:00,1.058663371037025e-06,6.409927436800001e-07,-,0
2026-08-06 19:32:00+00:00,4.117567144383888e-07,1e-10,-,0
2026-08-06 19:33:00+00:00,1.1785669933568018e-07,2.1207981283388626e-07,-,0
2026-08-06 19:34:00+00:00,5.936029402600757e-07,7.644386772795944e-07,-,0
2026-08-06 19:35:00+00:00,1e-10,1.7081853067230138e-06,-,0
2026-08-06 19:36:00+00:00,2.421422087293713e-07,1e-10,-,0
2026-08-06 19:37:00+00:00,1.4030499467455953e-06,1e-10,-,0
2026-08-06 19:38:00+00:00,1.181570394516862e-06,8.987519743039606e-07,-,0
2026-08-06 19:39:00+00:00,1e-10,1.408178847451807e-06,-,0
2026-08-06 19:40:00+00:00,2.381613793874748e-07,9.550232720605357e-08,-,0
2026-08-06 19:41:00+00:00,1e-10,8.49542225049798e-08,-,0
2026-08-06 19:42:00+00:00,2.047705656339672e-07,1e-10,-,0
2026-08-06 19:43:00+00:00,1e-10,1e-10,-,0
2026-08-06 19:44:00+00:00,1e-10,1e-10,-,0
2026-08-06 19:45:00+00:00,4.2753889087501084e-07,1e-10,-,0
2026-08-06 19:46:00+00:00,1e-10,7.452165721966758e-07,-,0
2026-08-06 19:47:00+00:00,1e-10,9.422266913365641e-07,-,0
2026-08-06 19:48:00+00:00,4.2332845631460914e-07,1e-10,-,0
2026-08-06 19:49:00+00:00,1e-10,7.740769256529278e-08,-,0
2026-08-06 19:50:00+00:00,1e-10,1e-10,-,0
2026-08-06 19:51:00+00:00,1e-10,1e-10,-,0
2026-08-06 19:52:00+00:00,1e-10,1.514946179160464e-07,-,0
2026-08-06 19:53:00+00:00,1.328568238232124e-06,1.0772239898992162e-06,-,0
2026-08-06 19:54:00+00:00,1e-10,1e-10,-,0
2026-08-06 19:55:00+00:00,1e-10,5.023515928866215e-07,-,0
2026-08-06 19:56:00+00:00,9.76676189545467e-07,1e-10,-,0
2026-08-06 19:57:00+00:00,1.8200228784624308e-06,1e-10,-,0
2026-08-06 19:58:00+00:00,3.0783995342564064e-07,1e-10,-,0
2026-08-06 19:59:00+00:00,1.161048864386957e-06,3.732392718812162e-06,-,0
2026-08-06 20:00:00+00:00,1e-10,1e-10,-,0
2026-08-06 20:01:00+00:00,9.46382085290967e-08,1.772165323645206e-07,-,0
2026-08-06 20:02:00+00:00,4.012666899397117e-08,4.6242902115065613e-07,-,0
2026-08-06 20:03:00+00:00,3.890264848730553e-07,4.251824516847627e-08,-,0
2026-08-06 20:04:00+00:00,1.098757659017135e-06,1e-10,-,0
2026-08-06 20:05:00+00:00,1e-10,6.265330810291038e-07,-,0
2026-08-06 20:06:00+00:00,1e-10,1e-10,-,0
2026-08-06 20:07:00+00:00,1e-10,4.2996861027034917e-07,-,0
2026-08-06 20:08:00+00:00,1e-10,1e-10,-,0
2026-08-06 20:09:00+00:00,2.8832785934226484e-07,1.119357312750392e-06,-,0
2026-08-06 20:10:00+00:00,2.7213405966157963e-07,1e-10,-,0
2026-08-06 20:11:00+00:00,9.934753231213955e-08,1e-10,-,0
2026-08-06 20:12:00+00:00,1e-10,1e-10,-,0
2026-08-06 20:13:00+00:00,1.5244070172199034e-06,9.285922284812116e-07,-,0
2026-08-06 20:14:00+00:00,2.7098383999453067e-07,9.44034271477727e-07,-,0
2026-08-06 20:15:00+00:00,1e-10,1e-10,-,0
2026-08-06 20:16:00+00:00,1.0578555267540347e-07,1e-10,-,0
2026-08-06 20:17:00+00:00,8.560559485997513e-07,1.0465385521438753e-06,-,0
2026-08-06 20:18:00+00:00,2.6869853190393586e-07,1e-10,-,0
2026-08-06 20:19:00+00:00,1e-10,6.877349301210833e-07,-,0
2026-08-06 20:20:00+00:00,1.9833589760072673e-06,1e-10,-,0
2026-08-06 20:21:00+00:00,5.451792646333704e-07,1.849413752864436e-07,-,0
2026-08-06 20:22:00+00:00,1e-10,1.1105602568377861e-06,-,0
2026-08-06 20:23:00+00:00,1e-10,1e-10,-,0
2026-08-06 20:24:00+00:00,7.927830239777221e-07,1e-10,-,0
2026-08-06 20:25:00+00:00,1.4645459078773774e-06,1e-10,-,0
2026-08-06 20:26:00+00:00,5.332616589050888e-07,3.0929733734551186e-07,-,0
2026-08-06 20:27:00+00:00,7.082105792524963e-07,1e-10,-,0
2026-08-06 20:28:00+00:00,7.38094826132805e-07,1.037062948138055e-06,-,0
2026-08-06 20:29:00+00:00,4.215006616351647e-08,1e-10,-,0
2026-08-06 20:30:00+00:00,1e-10,5.770720106901671e-07,-,0
2026-08-06 20:31:00+00:00,1e-10,1e-10,-,0
2026-08-06 20:32:00+00:00,9.129128904288226e-07,9.087211819977511e-07,-,0
2026-08-06 20:33:00+00:00,6.801309526629404e-07,1.3328880549377528e-06,-,0
2026-08-06 20:34:00+00:00,1e-10,8.56356523809649e-07,-,0
2026-08-06 20:35:00+00:00,1e-10,1e-10,-,0
2026-08-06 20:36:00+00:00,2.2576593544849136e-07,1.636059969534619e-06,-,0
2026-08-06 20:37:00+00:00,1e-10,7.782091515555235e-07,-,0
2026-08-06 20:38:00+00:00,1e-10,1e-10,-,0
2026-08-06 20:39:00+00:00,1.7897395532505188e-07,3.1665415762044963e-07,-,0
2026-08-06 20:40:00+00:00,1e-10,1.722600888006059e-06,-,0
2026-08-06 20:41:00+00:00,9.202359649432949e-07,1e-10,-,0
2026-08-06 20:42:00+00:00,1e-10,1e-10,-,0
2026-08-06 20:43:00+00:00,5.757139118910709e-07,1e-10,-,0
2026-08-06 20:44:00+00:00,1.009966799890356e-07,1e-10,-,0
2026-08-06 20:45:00+00:00,1.7424386531976155e-06,1.2742439439431484e-07,-,0
2026-08-06 20:46:00+00:00,6.366856352985626e-07,8.213138830174078e-07,-,0
2026-08-06 20:47:00+00:00,4.830232788953827e-07,1.9643898229434743e-07,-,0
2026-08-06 20:48:00+00:00,4.429409454573232e-07,1e-10,-,0
2026-08-06 20:49:00+00:00,2.3397523250474277e-06,1.0198490075433333e-06,-,0
2026-08-06 20:50:00+00:00,1e-10,1e-10,-,0
2026-08-06 20:51:00+00:00,2.1237754288341823e-07,1e-10,-,0
2026-08-06 20:52:00+00:00,1.4864143128254943e-07,2.940613002142718e-07,-,0
2026-08-06 20:53:00+00:00,1e-10,1.3516402953946749e-06,-,0
2026-08-06 20:54:00+00:00,1.3355005617512202e-07,1e-10,-,0
2026-08-06 20:55:00+00:00,1.155888618611691e-06,1.793336127979238e-06,-,0
2026-08-06 20:56:00+00:00,6.030554881813369e-07,9.301222665875027e-08,-,0
2026-08-06 20:57:00+00:00,1.7059461862508108e-06,1.4843522092308827e-07,-,0
2026-08-06 20:58:00+00:00,9.009801850044831e-07,1.3525911131665836e-07,-,0
2026-08-06 20:59:00+00:00,5.887816139331046e-07,1e-10,-,0
2026-08-06 21:00:00+00:00,1.0155417831723919e-06,1e-10,-,0
2026-08-06 21:01:00+00:00,4.39200221927847e-07,2.190187755518414e-06,-,0
2026-08-06 21:02:00+00:00,1e-10,1e-10,-,0
2026-08-06 21:03:00+00:00,1e-10,1.3942928161385118e-06,-,0
2026-08-06 21:04:00+00:00,1e-10,1.9371300774137165e-06,-,0
2026-08-06 21:05:00+00:00,1.7992798712160123e-06,1e-10,-,0
2026-08-06 21:06:00+00:00,1e-10,6.970200794612418e-07,-,0
2026-08-06 21:07:00+00:00,1e-10,7.775254042904459e-07,-,0
2026-08-06 21:08:00+00:00,1e-10,7.789022671869988e-07,-,0
2026-08-06 21:09:00+00:00,1.977705188705996e-06,1e-10,-,0
2026-08-06 21:10:00+00:00,1.1374034483408673e-07,1e-10,-,0
2026-08-06 21:11:00+00:00,3.148130574969073e-07,9.046990468572885e-07,-,0
2026-08-06 21:12:00+00:00,2.3436656845979e-06,1e-10,-,0
2026-08-06 21:13:00+00:00,9.583229451035084e-07,1e-10,-,0
2026-08-06 21:14:00+00:00,1e-10,1.2309151060071772e-07,-,0
2026-08-06 21:15:00+00:00,1e-10,1e-10,-,0
2026-08-06 21:16:00+00:00,7.403032785467408e-07,1.819136615013573e-07,-,0
2026-08-06 21:17:00+00:00,1e-10,1e-10,-,0
2026-08-06 21:18:00+00:00,7.640466298362977e-07,8.823939853030796e-07,-,0
2026-08-06 21:19:00+00:00,1e-10,9.52845299356446e-07,-,0
2026-08-06 21:20:00+00:00,4.844568400794789e-07,1.889920970267516e-07,-,0
2026-08-06 21:21:00+00:00,1.0223011866157517e-06,1e-10,-,0
2026-08-06 21:22:00+00:00,1e-10,1.169837404539517e-06,-,0
2026-08-06 21:23:00+00:00,1.7307226347336103e-07,1e-10,-,0
2026-08-06 21:24:00+00:00,1.29620521824509e-08,1e-10,-,0
2026-08-06 21:25:00+00:00,3.5419942600036895e-07,8.536165267806641e-07,-,0
2026-08-06 21:26:00+00:00,5.932860459702439e-07,1e-10,-,0
2026-08-06 21:27:00+00:00,1.9889902532160663e-07,1e-10,-,0
2026-08-06 21:28:00+00:00,1e-10,1.5502441524078907e-07,-,0
2026-08-06 21:29:00+00:00,1e-10,1.0345483729618867e-06,-,0
2026-08-06 21:30:00+00:00,1e-10,6.538589313578253e-07,-,0
2026-08-06 21:31:00+00:00,1.6505259369855813e-07,1.4820964952106745e-06,-,0
2026-08-06 21:32:00+00:00,6.176151742750353e-07,1e-10,-,0
2026-08-06 21:33:00+00:00,1e-10,1e-10,-,0
2026-08-06 21:34:00+00:00,9.501162487624151e-07,1e-10,-,0
2026-08-06 21:35:00+00:00,1e-10,1.3118475648542673e-07,-,0
2026-08-06 21:36:00+00:00,1e-10,3.123733803928828e-07,-,0
2026-08-06 21:37:00+00:00,1e-10,2.7396600572824733e-06,-,0
2026-08-06 21:38:00+00:00,1e-10,6.914227372660442e-07,-,0
2026-08-06 21:39:00+00:00,1.0536961790667032e-06,1e-10,-,0
2026-08-06 21:40:00+00:00,1.5802007070593828e-06,1.289763356437608e-06,-,0
2026-08-06 21:41:00+00:00,1e-10,1e-10,-,0
2026-08-06 21:42:00+00:00,9.912629009994515e-07,1e-10,-,0
2026-08-06 21:43:00+00:00,1.5976019442165448e-06,1.1615439797566139e-06,-,0
2026-08-06 21:44:00+00:00,1e-10,9.447778878378662e-07,-,0
2026-08-06 21:45:00+00:00,3.856684027663751e-07,1.2227700515502538e-06,-,0
2026-08-06 21:46:00+00:00,2.431552079511643e-07,1e-10,-,0
2026-08-06 21:47:00+00:00,1.215956184095203e-06,2.4885921531584824e-06,-,0
2026-08-06 21:48:00+00:00,1e-10,1.0291415716905505e-06,-,0
2026-08-06 21:49:00+00:00,3.843645036728419e-07,1e-10,-,0
2026-08-06 21:50:00+00:00,1e-10,2.4821056606302252e-06,-,0
2026-08-06 21:51:00+00:00,5.04266778299984e-07,6.50866844457202e-07,-,0
2026-08-06 21:52:00+00:00,1.3845791315761938e-06,1e-10,-,0
2026-08-06 21:53:00+00:00,1.6640965652240214e-06,1e-10,-,0
2026-08-06 21:54:00+00:00,1.3985875122803722e-06,1e-10,-,0
2026-08-06 21:55:00+00:00,1e-10,8.6048687368531e-07,-,0
2026-08-06 21:56:00+00:00,1e-10,1e-10,-,0
2026-08-06 21:57:00+00:00,1.145509640225255e-06,1e-10,-,0
2026-08-06 21:58:00+00:00,7.016381994266934e-07,1e-10,-,0
2026-08-06 21:59:00+00:00,1e-10,1e-10,-,0
2026-08-06 22:00:00+00:00,1e-10,5.853372678645915e-07,-,0
2026-08-06 22:01:00+00:00,1e-10,1e-10,-,0
2026-08-06 22:02:00+00:00,1e-10,1e-10,-,0
2026-08-06 22:03:00+00:00,1e-10,7.862641643126987e-08,-,0
2026-08-06 22:04:00+00:00,1e-10,1e-10,-,0
2026-08-06 22:05:00+00:00,4.862169649185067e-07,1e-10,-,0
2026-08-06 22:06:00+00:00,7.006798365594439e-07,1e-10,-,0
2026-08-06 22:07:00+00:00,2.534852113717021e-06,1.928126473041044e-07,-,0
2026-08-06 22:08:00+00:00,1e-10,1.6224751022072793e-07,-,0
2026-08-06 22:09:00+00:00,1e-10,1.5595667675085606e-06,-,0
2026-08-06 22:10:00+00:00,1e-10,1.3170616785555293e-06,-,0
2026-08-06 22:11:00+00:00,1.8891684031388316e-06,4.970576120660683e-07,-,0
2026-08-06 22:12:00+00:00,4.664376333102581e-08,1e-10,-,0
2026-08-06 22:13:00+00:00,1.1559851723501694e-06,1e-10,-,0
2026-08-06 22:14:00+00:00,1e-10,4.953337421324781e-07,-,0
2026-08-06 22:15:00+00:00,1e-10,1.1148724173398077e-06,-,0
2026-08-06 22:16:00+00:00,1e-10,6.132405321749324e-07,-,0
2026-08-06 22:17:00+00:00,1e-10,1e-10,-,0
2026-08-06 22:18:00+00:00,4.717112067777405e-08,2.377067167233052e-07,-,0
2026-08-06 22:19:00+00:00,9.93358734812741e-07,1e-10,-,0
2026-08-06 22:20:00+00:00,6.55419409281048e-07,1e-10,-,0
2026-08-06 22:21:00+00:00,2.2352330157122317e-06,1e-10,-,0
2026-08-06 22:22:00+00:00,1e-10,1e-10,-,0
2026-08-06 22:23:00+00:00,2.9991844749738895e-07,8.931100565501478e-07,-,0
2026-08-06 22:24:00+00:00,2.079286552541873e-08,1e-10,-,0
2026-08-06 22:25:00+00:00,1e-10,1e-10,-,0
2026-08-06 22:26:00+00:00,4.860663250954528e-07,1.1856634512340627e-06,-,0
2026-08-06 22:27:00+00:00,1e-10,1e-10,-,0
2026-08-06 22:28:00+00:00,1.8738480041033654e-06,1e-10,-,0
2026-08-06 22:29:00+00:00,1e-10,5.603323381771063e-07,-,0
2026-08-06 22:30:00+00:00,1e-10,8.016332207438595e-07,-,0
2026-08-06 22:31:00+00:00,1e-10,1.5654182551854931e-06,-,0
2026-08-06 22:32:00+00:00,4.073422350616624e-07,1e-10,-,0
2026-08-06 22:33:00+00:00,1e-10,1e-10,-,0
2026-08-06 22:34:00+00:00,2.488646522147001e-08,1e-10,-,0
2026-08-06 22:35:00+00:00,1e-10,1e-10,-,0
2026-08-06 22:36:00+00:00,1e-10,4.907821778413845e-07,-,0
2026-08-06 22:37:00+00:00,1e-10,1e-10,-,0
2026-08-06 22:38:00+00:00,8.375182514030313e-07,1e-10,-,0
2026-08-06 22:39:00+00:00,1e-10,1e-10,-,0
2026-08-06 22:40:00+00:00,1e-10,1e-10,-,0
2026-08-06 22:41:00+00:00,6.605879522111088e-07,6.983428497249629e-07,-,0
2026-08-06 22:42:00+00:00,1e-10,1e-10,-,0
2026-08-06 22:43:00+00:00,1e-10,1e-10,-,0
2026-08-06 22:44:00+00:00,1e-10,1.719727923693702e-06,-,0
2026-08-06 22:45:00+00:00,1e-10,1e-10,-,0
2026-08-06 22:46:00+00:00,1e-10,1.0108143294108488e-06,-,0
2026-08-06 22:47:00+00:00,6.525411936047174e-07,1.1810165890068401e-06,-,0
2026-08-06 22:48:00+00:00,1e-10,1.692411146452046e-06,-,0
2026-08-06 22:49:00+00:00,1.160745213737221e-06,1e-10,-,0
2026-08-06 22:50:00+00:00,4.3330133712741655e-07,1e-10,-,0
2026-08-06 22:51:00+00:00,1e-10,1e-10,-,0
2026-08-06 22:52:00+00:00,1e-10,1e-10,-,0
2026-08-06 22:53:00+00:00,1e-10,1.9011191308920397e-06,-,0
2026-08-06 22:54:00+00:00,1.8584249165787113e-07,8.895130050142176e-08,-,0
2026-08-06 22:55:00+00:00,4.4870174282631125e-07,1.5219692161477443e-06,-,0
2026-08-06 22:56:00+00:00,1e-10,1e-10,-,0
2026-08-06 22:57:00+00:00,1.6613853779288e-07,1.6285649945706798e-06,-,0
2026-08-06 22:58:00+00:00,1.4941661577835349e-06,7.59678521765762e-07,-,0
2026-08-06 22:59:00+00:00,4.985170002746422e-08,1.5174338854740774e-07,-,0
2026-08-06 23:00:00+00:00,4.2090063836021437e-07,1.0545523191855269e-06,-,0
2026-08-06 23:01:00+00:00,1.7992047723592525e-06,1e-10,-,0
2026-08-06 23:02:00+00:00,1e-10,5.234014536090747e-07,-,0
2026-08-06 23:03:00+00:00,1.924865367160057e-06,1e-10,-,0
2026-08-06 23:04:00+00:00,1e-10,1e-10,-,0
2026-08-06 23:05:00+00:00,1e-10,1e-10,-,0
2026-08-06 23:06:00+00:00,1e-10,1e-10,-,0
2026-08-06 23:07:00+00:00,1e-10,1e-10,-,0
2026-08-06 23:08:00+00:00,1e-10,2.546927769845897e-06,-,0
2026-08-06 23:09:00+00:00,1e-10,1e-10,-,0
2026-08-06 23:10:00+00:00,8.516712862595673e-07,1.159781483336129e-06,-,0
2026-08-06 23:11:00+00:00,8.145199509344735e-07,1e-10,-,0
2026-08-06 23:12:00+00:00,2.248892200672005e-07,1e-10,-,0
2026-08-06 23:13:00+00:00,1.2707012682117037e-06,1e-10,-,0
2026-08-06 23:14:00+00:00,7.466412363496802e-07,1.5947597743937394e-06,-,0
2026-08-06 23:15:00+00:00,1e-10,3.7606736702703055e-07,-,0
2026-08-06 23:16:00+00:00,1.6254540710646606e-07,1e-10,-,0
2026-08-06 23:17:00+00:00,1e-10,1e-10,-,0
2026-08-06 23:18:00+00:00,1e-10,1.3312381578925744e-06,-,0
2026-08-06 23:19:00+00:00,5.060214294815379e-07,1.178477301317952e-06,-,0
2026-08-06 23:20:00+00:00,1e-10,1e-10,-,0
2026-08-06 23:21:00+00:00,1e-10,1e-10,-,0
2026-08-06 23:22:00+00:00,1e-10,1e-10,-,0
2026-08-06 23:23:00+00:00,1.1063641426131021e-07,7.648999555637781e-07,-,0
2026-08-06 23:24:00+00:00,1e-10,1e-10,-,0
2026-08-06 23:25:00+00:00,6.604640482847583e-07,1e-10,-,0
2026-08-06 23:26:00+00:00,1e-10,1e-10,-,0
2026-08-06 23:27:00+00:00,1e-10,1e-10,-,0
2026-08-06 23:28:00+00:00,8.929245748005094e-08,5.774777248744578e-07,-,0
2026-08-06 23:29:00+00:00,1e-10,1e-10,-,0
2026-08-06 23:30:00+00:00,1e-10,7.820313019228118e-07,-,0
2026-08-06 23:31:00+00:00,1e-10,1.3739575806157256e-06,-,0
2026-08-06 23:32:00+00:00,1e-10,4.17145882167065e-06,-,0
2026-08-06 23:33:00+00:00,1e-10,1.0202811276312291e-06,-,0
2026-08-06 23:34:00+00:00,5.305853917919139e-07,6.782471928744561e-07,-,0
2026-08-06 23:35:00+00:00,1e-10,1e-10,-,0
2026-08-06 23:36:00+00:00,1e-10,1.005653867773478e-06,-,0
2026-08-06 23:37:00+00:00,2.1202638041328286e-06,1.7523141416163792e-06,-,0
2026-08-06 23:38:00+00:00,1e-10,1e-10,-,0
2026-08-06 23:39:00+00:00,1e-10,1e-10,-,0
2026-08-06 23:40:00+00:00,1e-10,1e-10,-,0
2026-08-06 23:41:00+00:00,8.849017278967626e-07,1e-10,-,0
2026-08-06 23:42:00+00:00,7.39936580275896e-07,1e-10,-,0
2026-08-06 23:43:00+00:00,1e-10,1e-10,-,0
2026-08-06 23:44:00+00:00,1e-10,1e-10,-,0
2026-08-06 23:45:00+00:00,1e-10,3.626296886531288e-07,-,0
2026-08-06 23:46:00+00:00,3.783779968833806e-07,3.229170805918686e-07,-,0
2026-08-06 23:47:00+00:00,8.157313512876248e-08,1e-10,-,0
2026-08-06 23:48:00+00:00,1e-10,1e-10,-,0
2026-08-06 23:49:00+00:00,1e-10,1.3674026210384613e-06,-,0
2026-08-06 23:50:00+00:00,1e-10,1e-10,-,0
2026-08-06 23:51:00+00:00,1.6740294576156259e-06,1.3772237162766993e-07,-,0
2026-08-06 23:52:00+00:00,1e-10,1.6655198743371202e-06,-,0
2026-08-06 23:53:00+00:00,3.693524778435627e-06,1.086410950780532e-07,-,0
2026-08-06 23:54:00+00:00,1e-10,1.4339009412094461e-06,-,0
2026-08-06 23:55:00+00:00,1e-10,5.758897827100351e-07,-,0
2026-08-06 23:56:00+00:00,4.2240171522473324e-07,1e-10,-,0
2026-08-06 23:57:00+00:00,1.1929542975650184e-06,1.4708805858015409e-06,-,0
2026-08-06 23:58:00+00:00,5.560356356271282e-07,1e-10,-,0
2026-08-06 23:59:00+00:00,2.520557626868051e-07,1e-10,-,0
2026-08-07 00:00:00+00:00,1e-10,7.699561520257597e-07,-,0
2026-08-07 00:01:00+00:00,1e-10,1e-10,-,0
2026-08-07 00:02:00+00:00,1e-10,1.0568146324382431e-06,-,0
2026-08-07 00:03:00+00:00,9.85411144038504e-07,4.779253317539235e-07,-,0
2026-08-07 00:04:00+00:00,1e-10,1.8543520904242973e-06,-,0
2026-08-07 00:05:00+00:00,1.3061652436711102e-06,1.287978705225618e-06,-,0
2026-08-07 00:06:00+00:00,1e-10,1e-10,-,0
2026-08-07 00:07:00+00:00,1e-10,1e-10,-,0
2026-08-07 00:08:00+00:00,1.415361660525617e-06,1e-10,-,0
2026-08-07 00:09:00+00:00,1.5114283830359053e-06,1e-10,-,0
2026-08-07 00:10:00+00:00,9.629601037980206e-07,1e-10,-,0
2026-08-07 00:11:00+00:00,1e-10,1e-10,-,0
2026-08-07 00:12:00+00:00,1e-10,1e-10,-,0
2026-08-07 00:13:00+00:00,8.064008816916632e-07,1e-10,-,0
2026-08-07 00:14:00+00:00,1e-10,1.5339392355451635e-06,-,0
2026-08-07 00:15:00+00:00,1.162953969277613e-07,1e-10,-,0
2026-08-07 00:16:00+00:00,2.6350751135010395e-07,1e-10,-,0
2026-08-07 00:17:00+00:00,3.160036923347842e-07,1e-10,-,0
2026-08-07 00:18:00+00:00,1e-10,1.5304745678055766e-06,-,0
2026-08-07 00:19:00+00:00,1.1676566285160595e-06,1e-10,-,0
2026-08-07 00:20:00+00:00,1e-10,1e-10,-,0
2026-08-07 00:21:00+00:00,6.857925979619394e-07,3.2049347238738467e-07,-,0
2026-08-07 00:22:00+00:00,1e-10,5.922284493159235e-07,-,0
2026-08-07 00:23:00+00:00,2.159894256512281e-06,1e-10,-,0
2026-08-07 00:24:00+00:00,1.6344145878472198e-06,4.3862656658136836e-07,-,0
2026-08-07 00:25:00+00:00,2.3942000573109513e-06,1.0809369317354661e-06,-,0
2026-08-07 00:26:00+00:00,1.863187472813328e-06,1e-10,-,0
2026-08-07 00:27:00+00:00,1e-10,1e-10,-,0
2026-08-07 00:28:00+00:00,1e-10,1e-10,-,0
2026-08-07 00:29:00+00:00,1e-10,1e-10,-,0
2026-08-07 00:30:00+00:00,3.27310471046256e-07,1.3899163646053853e-06,-,0
2026-08-07 00:31:00+00:00,5.721250952159216e-08,1.0914952028305747e-06,-,0
2026-08-07 00:32:00+00:00,1e-10,1e-10,-,0
2026-08-07 00:33:00+00:00,1e-10,9.033135370594447e-07,-,0
2026-08-07 00:34:00+00:00,4.323591224895975e-07,2.3697177791510113e-06,-,0
2026-08-07 00:35:00+00:00,1e-10,1e-10,-,0
2026-08-07 00:36:00+00:00,1e-10,1e-10,-,0
2026-08-07 00:37:00+00:00,2.1190764184612783e-07,1e-10,-,0
2026-08-07 00:38:00+00:00,1e-10,4.258877083170111e-07,-,0
2026-08-07 00:39:00+00:00,1e-10,5.818709236173174e-07,-,0
2026-08-07 00:40:00+00:00,1e-10,1e-10,-,0
2026-08-07 00:41:00+00:00,6.2227911376505e-07,2.0682722820502894e-07,-,0
2026-08-07 00:42:00+00:00,1e-10,9.503322575795302e-07,-,0
2026-08-07 00:43:00+00:00,1e-10,1e-10,-,0
2026-08-07 00:44:00+00:00,8.082440975208775e-07,1.7369378639778738e-07,-,0
2026-08-07 00:45:00+00:00,1e-10,1e-10,-,0
2026-08-07 00:46:00+00:00,1e-10,1e-10,-,0
2026-08-07 00:47:00+00:00,1e-10,1.1023461327599485e-06,-,0
2026-08-07 00:48:00+00:00,2.195327389069432e-07,5.259161285294374e-07,-,0
2026-08-07 00:49:00+00:00,1e-10,1e-10,-,0
2026-08-07 00:50:00+00:00,4.988331962323415e-07,1.0290034130067655e-06,-,0
2026-08-07 00:51:00+00:00,1.1270241587442874e-06,2.3754011585490784e-06,-,0
2026-08-07 00:52:00+00:00,1.0187044042772514e-06,1.25234713174461e-07,-,0
2026-08-07 00:53:00+00:00,1.312094834380989e-06,1e-10,-,0
2026-08-07 00:54:00+00:00,1e-10,1e-10,-,0
2026-08-07 00:55:00+00:00,1.1729516010134508e-06,1e-10,-,0
2026-08-07 00:56:00+00:00,3.3177473855702554e-07,1e-10,-,0
2026-08-07 00:57:00+00:00,1e-10,1e-10,-,0
2026-08-07 00:58:00+00:00,5.48361202247272e-07,8.788432584104404e-07,-,0
2026-08-07 00:59:00+00:00,5.167997480930035e-07,1e-10,-,0
2026-08-07 01:00:00+00:00,1.7376451568437937e-06,1.0062832064004398e-06,-,0
2026-08-07 01:01:00+00:00,1.3579254934977689e-06,1e-10,-,0
2026-08-07 01:02:00+00:00,1e-10,1e-10,-,0
2026-08-07 01:03:00+00:00,4.0735262269514653e-07,1e-10,-,0
2026-08-07 01:04:00+00:00,3.9803246862545593e-07,1e-10,-,0
2026-08-07 01:05:00+00:00,3.097866846042019e-07,8.813894704867483e-07,-,0
2026-08-07 01:06:00+00:00,1e-10,1.2006857348764042e-06,-,0
2026-08-07 01:07:00+00:00,1.9762776621801983e-06,1e-10,-,0
2026-08-07 01:08:00+00:00,1e-10,5.865083904645972e-07,-,0
2026-08-07 01:09:00+00:00,1.877360681161558e-06,8.767317687088412e-07,-,0
2026-08-07 01:10:00+00:00,1e-10,1e-10,-,0
2026-08-07 01:11:00+00:00,1e-10,5.09717581312564e-07,-,0
2026-08-07 01:12:00+00:00,8.803323762885924e-07,1.87600723899382e-08,-,0
2026-08-07 01:13:00+00:00,1e-10,3.9801035783498457e-07,-,0
2026-08-07 01:14:00+00:00,1e-10,1e-10,-,0
2026-08-07 01:15:00+00:00,6.232583559102069e-07,1e-10,-,0
2026-08-07 01:16:00+00:00,1e-10,1.9347978626418714e-07,-,0
2026-08-07 01:17:00+00:00,1.2549768042210072e-06,1e-10,-,0
2026-08-07 01:18:00+00:00,1.670180748794839e-06,1e-10,-,0
2026-08-07 01:19:00+00:00,1.717364302412673e-06,1e-10,-,0
2026-08-07 01:20:00+00:00,3.952605736434932e-07,1.1246990377241096e-06,-,0
2026-08-07 01:21:00+00:00,1e-10,5.1423406482881804e-08,-,0
2026-08-07 01:22:00+00:00,1e-10,1e-10,-,0
2026-08-07 01:23:00+00:00,3.55005740728642e-07,1.5270503228401406e-06,-,0
2026-08-07 01:24:00+00:00,1.779274613548638e-07,4.829561232829896e-07,-,0
2026-08-07 01:25:00+00:00,1e-10,1.036495820955946e-06,-,0
2026-08-07 01:26:00+00:00,1.7842293962313985e-06,1e-10,-,0
2026-08-07 01:27:00+00:00,1e-10,1e-10,-,0
2026-08-07 01:28:00+00:00,1.622070985475081e-06,1.1955093455192354e-06,-,0
2026-08-07 01:29:00+00:00,1.4505148933980976e-07,4.930427797909976e-07,-,0
2026-08-07 01:30:00+00:00,7.695096046246284e-08,1e-10,-,0
2026-08-07 01:31:00+00:00,6.051130283821709e-07,1e-10,-,0
2026-08-07 01:32:00+00:00,5.905775841235555e-07,1e-10,-,0
2026-08-07 01:33:00+00:00,1e-10,1.026949037562686e-06,-,0
2026-08-07 01:34:00+00:00,6.560718157500452e-07,1.0614002896530815e-06,-,0
2026-08-07 01:35:00+00:00,7.944544700265563e-07,8.396097659713659e-07,-,0
2026-08-07 01:36:00+00:00,1.8638528217863972e-06,1.2811173856772828e-06,-,0
2026-08-07 01:37:00+00:00,1.1334666595789518e-07,1e-10,-,0
2026-08-07 01:38:00+00:00,1e-10,1e-10,-,0
2026-08-07 01:39:00+00:00,1e-10,1e-10,-,0
2026-08-07 01:40:00+00:00,2.6524707573851456e-06,1e-10,-,0
2026-08-07 01:41:00+00:00,1e-10,1e-10,-,0
2026-08-07 01:42:00+00:00,1e-10,1.9693404618047116e-07,-,0
2026-08-07 01:43:00+00:00,6.465947235937772e-08,1.1764172403180123e-06,-,0
2026-08-07 01:44:00+00:00,1e-10,5.857222455288896e-07,-,0
2026-08-07 01:45:00+00:00,9.403688021156826e-07,1e-10,-,0
2026-08-07 01:46:00+00:00,8.437965628671042e-07,1.0748466777367904e-06,-,0
2026-08-07 01:47:00+00:00,1e-10,3.489152328220192e-07,-,0
2026-08-07 01:48:00+00:00,1.6991476338249549e-06,1e-10,-,0
2026-08-07 01:49:00+00:00,1e-10,2.4150731507272095e-07,-,0
2026-08-07 01:50:00+00:00,1e-10,9.171832417784473e-07,-,0
2026-08-07 01:51:00+00:00,1.7720271810090075e-06,6.367800000393349e-07,-,0
2026-08-07 01:52:00+00:00,1e-10,1e-10,-,0
2026-08-07 01:53:00+00:00,4.143253067212977e-07,1e-10,-,0
2026-08-07 01:54:00+00:00,1.7696527584671259e-06,2.35614513550953e-06,-,0
2026-08-07 01:55:00+00:00,1e-10,1e-10,-,0
2026-08-07 01:56:00+00:00,1e-10,1.0986152464296029e-07,-,0
2026-08-07 01:57:00+00:00,1.0862799288839845e-06,1e-10,-,0
2026-08-07 01:58:00+00:00,1e-10,1.512444988758124e-06,-,0
2026-08-07 01:59:00+00:00,9.856909110615377e-08,9.309830903914752e-07,-,0
2026-08-07 02:00:00+00:00,2.401260566927815e-07,1.9774652891961507e-06,-,0
2026-08-07 02:01:00+00:00,3.809817459560915e-07,1e-10,-,0
2026-08-07 02:02:00+00:00,1e-10,1.4115781524010588e-06,-,0
2026-08-07 02:03:00+00:00,8.828043890798018e-07,1e-10,-,0
2026-08-07 02:04:00+00:00,3.143472549975785e-07,1.779518393728987e-06,-,0
2026-08-07 02:05:00+00:00,1e-10,1e-10,-,0
2026-08-07 02:06:00+00:00,1e-10,1.2136462530104728e-06,-,0
2026-08-07 02:07:00+00:00,1e-10,8.994793664602361e-08,-,0
2026-08-07 02:08:00+00:00,2.695602403786316e-07,8.107433749154822e-07,-,0
2026-08-07 02:09:00+00:00,5.759350882129193e-07,6.785416245082014e-07,-,0
2026-08-07 02:10:00+00:00,2.682466941736111e-07,5.597537870010732e-07,-,0
2026-08-07 02:11:00+00:00,6.416819961262917e-07,2.765230536222719e-06,-,0
2026-08-07 02:12:00+00:00,1.810575728831528e-07,2.1052756074402302e-06,-,0
2026-08-07 02:13:00+00:00,8.772929223307763e-07,7.020743081711242e-07,-,0
2026-08-07 02:14:00+00:00,1e-10,2.9249006055920517e-07,-,0
2026-08-07 02:15:00+00:00,8.041183694189385e-07,1.7179606229117094e-06,-,0
2026-08-07 02:16:00+00:00,1e-10,1.800073536158303e-06,-,0
2026-08-07 02:17:00+00:00,1e-10,1.9325314664507932e-07,-,0
2026-08-07 02:18:00+00:00,1.2503259079105977e-07,1.381585473902713e-07,-,0
2026-08-07 02:19:00+00:00,7.904141442674227e-07,1e-10,-,0
2026-08-07 02:20:00+00:00,1e-10,4.211735138210226e-07,-,0
2026-08-07 02:21:00+00:00,7.408252108660969e-07,3.1842642832520823e-07,-,0
2026-08-07 02:22:00+00:00,3.789402133587226e-07,1.1699141092909965e-06,-,0
2026-08-07 02:23:00+00:00,1e-10,2.09399852070114e-06,-,0
2026-08-07 02:24:00+00:00,2.600598623570753e-06,1.4517357787217775e-06,-,0
2026-08-07 02:25:00+00:00,1e-10,1.251623528995638e-06,-,0
2026-08-07 02:26:00+00:00,1e-10,1e-10,-,0
2026-08-07 02:27:00+00:00,1.3081711143930682e-06,1e-10,-,0
2026-08-07 02:28:00+00:00,5.143025147856709e-08,9.085994876733824e-07,-,0
2026-08-07 02:29:00+00:00,1e-10,7.209164587298024e-07,-,0
2026-08-07 02:30:00+00:00,1e-10,8.565112322357082e-07,-,0
2026-08-07 02:31:00+00:00,1e-10,1e-10,-,0
2026-08-07 02:32:00+00:00,1e-10,1e-10,-,0
2026-08-07 02:33:00+00:00,9.050140464424544e-07,1e-10,-,0
2026-08-07 02:34:00+00:00,1e-10,8.629385619520104e-07,-,0
2026-08-07 02:35:00+00:00,1e-10,6.149420477923337e-08,-,0
2026-08-07 02:36:00+00:00,1e-10,1.7709174404574346e-06,-,0
2026-08-07 02:37:00+00:00,1e-10,1e-10,-,0
2026-08-07 02:38:00+00:00,1e-10,1e-10,-,0
2026-08-07 02:39:00+00:00,1e-10,1e-10,-,0
2026-08-07 02:40:00+00:00,4.165755651850417e-07,1e-10,-,0
2026-08-07 02:41:00+00:00,1e-10,1e-10,-,0
2026-08-07 02:42:00+00:00,1e-10,1.196517039137158e-07,-,0
2026-08-07 02:43:00+00:00,1e-10,1.5792569298253112e-07,-,0
2026-08-07 02:44:00+00:00,1.5735546885027736e-06,1e-10,-,0
2026-08-07 02:45:00+00:00,2.4419027393004195e-06,1e-10,-,0
2026-08-07 02:46:00+00:00,8.780741122666461e-08,8.218991919616016e-07,-,0
2026-08-07 02:47:00+00:00,8.343401594750285e-07,1e-10,-,0
2026-08-07 02:48:00+00:00,1e-10,1e-10,-,0
2026-08-07 02:49:00+00:00,1e-10,1e-10,-,0
2026-08-07 02:50:00+00:00,5.29454049278059e-07,1e-10,-,0
2026-08-07 02:51:00+00:00,1e-10,2.001216214330508e-06,-,0
2026-08-07 02:52:00+00:00,8.905876554408955e-07,1.0007088257192423e-06,-,0
2026-08-07 02:53:00+00:00,1e-10,2.753285938769372e-06,-,0
2026-08-07 02:54:00+00:00,1e-10,1.2016988103523145e-07,-,0
2026-08-07 02:55:00+00:00,4.5910336025175544e-07,1e-10,-,0
2026-08-07 02:56:00+00:00,1.6289169168851555e-06,1e-10,-,0
2026-08-07 02:57:00+00:00,1e-10,5.187998258759503e-07,-,0
2026-08-07 02:58:00+00:00,3.565182757647576e-07,1e-10,-,0
2026-08-07 02:59:00+00:00,5.355942829259484e-07,1e-10,-,0
2026-08-07 03:00:00+00:00,2.990723542361469e-07,1.4852928123760502e-06,-,0
2026-08-07 03:01:00+00:00,1e-10,5.0068194656629375e-08,-,0
2026-08-07 03:02:00+00:00,2.7887126309071997e-07,2.9945718214498404e-07,-,0
2026-08-07 03:03:00+00:00,2.3660735279961777e-07,2.531394737258239e-07,-,0
2026-08-07 03:04:00+00:00,1e-10,4.6828907847479236e-07,M,1
2026-08-07 03:05:00+00:00,9.814410225451135e-07,1e-10,M,1
2026-08-07 03:06:00+00:00,1e-10,1e-10,M,1
2026-08-07 03:07:00+00:00,1.7361862056979918e-07,2.0636280266036595e-06,M,1
2026-08-07 03:08:00+00:00,1.7124819990779187e-06,1e-10,M,1
2026-08-07 03:09:00+00:00,1e-10,4.6901241705038324e-07,M,1
2026-08-07 03:10:00+00:00,1e-10,8.958988263377346e-07,M,1
2026-08-07 03:11:00+00:00,6.530751899088633e-07,1e-10,M,1
2026-08-07 03:12:00+00:00,1.5907256420483833e-06,1e-10,M,1
2026-08-07 03:13:00+00:00,1e-10,1e-10,M,1
2026-08-07 03:14:00+00:00,1e-10,1e-10,M,1
2026-08-07 03:15:00+00:00,1.3473658595120042e-06,1e-10,M,1
2026-08-07 03:16:00+00:00,1.0007250002128433e-06,1e-10,M,1
2026-08-07 03:17:00+00:00,4.877504561904283e-07,1e-10,M,1
2026-08-07 03:18:00+00:00,1e-10,1.0350524531338761e-06,M,1
2026-08-07 03:19:00+00:00,7.536204823631938e-07,1.6533067005270407e-06,M,1
2026-08-07 03:20:00+00:00,1.2569361949693714e-06,1e-10,M,1
2026-08-07 03:21:00+00:00,2.5284719096385117e-06,1e-10,M,1
2026-08-07 03:22:00+00:00,1e-10,7.411876314897689e-08,M,1
2026-08-07 03:23:00+00:00,4.5272099011797807e-07,1.6965155563534773e-06,M,1
2026-08-07 03:24:00+00:00,1e-10,1e-10,M,1
2026-08-07 03:25:00+00:00,1.5035224776656652e-06,1e-10,M,1
2026-08-07 03:26:00+00:00,1.6340366418033739e-06,1e-10,M,1
2026-08-07 03:27:00+00:00,1.2272286696059068e-06,2.9535906700163914e-07,M,1
2026-08-07 03:28:00+00:00,2.373349194505058e-06,1e-10,M,1
2026-08-07 03:29:00+00:00,5.083184735623663e-07,9.895363990355208e-07,M,1
2026-08-07 03:30:00+00:00,1.4312683463839544e-06,8.164131581029311e-07,M,1
2026-08-07 03:31:00+00:00,2.0317310656995928e-06,1.6758031360103669e-06,M,1
2026-08-07 03:32:00+00:00,4.144774029431002e-06,1.231309648844223e-06,M,1
2026-08-07 03:33:00+00:00,4.677547405979471e-06,1e-10,M,1
2026-08-07 03:34:00+00:00,5.21248996084286e-06,1e-10,M,1
2026-08-07 03:35:00+00:00,5.824375262056465e-06,1.2789413836053505e-06,M,1
2026-08-07 03:36:00+00:00,8.05088243045333e-06,1e-10,M,1
2026-08-07 03:37:00+00:00,7.183507403712805e-06,1e-10,M,1
2026-08-07 03:38:00+00:00,1.1810364681499761e-05,9.216640028946193e-08,M,1
2026-08-07 03:39:00+00:00,1.0672219192126998e-05,1e-10,M,1
2026-08-07 03:40:00+00:00,1.3860542138364511e-05,4.396678037960188e-07,M,1
2026-08-07 03:41:00+00:00,1.646384433859155e-05,1e-10,M,1
2026-08-07 03:42:00+00:00,1.9562317544544906e-05,1e-10,M,1
2026-08-07 03:43:00+00:00,2.4717062317012625e-05,3.221143989702135e-06,M,1
2026-08-07 03:44:00+00:00,2.737979516013579e-05,5.70682664209625e-06,M,1
2026-08-07 03:45:00+00:00,2.601787022675542e-05,1.4814547008133738e-05,M,1
2026-08-07 03:46:00+00:00,3.229922606551524e-05,2.271230437215969e-05,M,1
2026-08-07 03:47:00+00:00,3.216161864099525e-05,3.4832851478424635e-05,M,1
2026-08-07 03:48:00+00:00,3.7759871206045004e-05,5.844528509810186e-05,M,2
2026-08-07 03:49:00+00:00,3.837045999376978e-05,8.51715341373577e-05,M,2
2026-08-07 03:50:00+00:00,4.31440774675562e-05,8.257042558059154e-05,M,2
2026-08-07 03:51:00+00:00,4.379326301330979e-05,8.627560289006621e-05,M,2
2026-08-07 03:52:00+00:00,4.570780435292137e-05,8.978939581465752e-05,M,2
2026-08-07 03:53:00+00:00,5.084890011582968e-05,7.803931571428309e-05,M,2
2026-08-07 03:54:00+00:00,4.411550241780773e-05,5.8628051102403744e-05,M,2
2026-08-07 03:55:00+00:00,4.99629651502119e-05,6.42501593429634e-05,M,2
2026-08-07 03:56:00+00:00,4.766081108679613e-05,5.937387612193553e-05,M,2
2026-08-07 03:57:00+00:00,4.319181968717237e-05,5.00785851243758e-05,M,2
2026-08-07 03:58:00+00:00,4.544120631315097e-05,5.0774392981170126e-05,M,2
2026-08-07 03:59:00+00:00,4.519287238979571e-05,3.5240276752632504e-05,M,2
2026-08-07 04:00:00+00:00,4.514344215165123e-05,2.8460846264998902e-05,M,2
2026-08-07 04:01:00+00:00,4.453304797073789e-05,3.577210678745268e-05,M,2
2026-08-07 04:02:00+00:00,4.3004461526804706e-05,2.9000606872986428e-05,M,2
2026-08-07 04:03:00+00:00,3.977249081560272e-05,2.9257504117063284e-05,M,2
2026-08-07 04:04:00+00:00,4.398743420745314e-05,2.2367761417263385e-05,M,2
2026-08-07 04:05:00+00:00,3.802935387176271e-05,2.0176352667854177e-05,M,2
2026-08-07 04:06:00+00:00,3.249562732822893e-05,2.107161441085819e-05,M,3
2026-08-07 04:07:00+00:00,3.4192165511942565e-05,1.9519007868045527e-05,M,3
2026-08-07 04:08:00+00:00,3.5294453783592196e-05,1.4260197695931802e-05,M,3
2026-08-07 04:09:00+00:00,2.7682095605105254e-05,1.3526774397704001e-05,M,3
2026-08-07 04:10:00+00:00,3.6671024531333225e-05,1.492553193013605e-05,M,3
2026-08-07 04:11:00+00:00,3.229838146257422e-05,1.1191040438571677e-05,M,3
2026-08-07 04:12:00+00:00,2.955179709142539e-05,1.0114872462524754e-05,M,3
2026-08-07 04:13:00+00:00,2.9497015311456403e-05,8.109276678313713e-06,M,3
2026-08-07 04:14:00+00:00,3.343602148242557e-05,7.721379192943807e-06,M,3
2026-08-07 04:15:00+00:00,3.086615303946382e-05,9.404426922272833e-06,M,3
2026-08-07 04:16:00+00:00,2.584878646041365e-05,6.784546803952718e-06,M,3
2026-08-07 04:17:00+00:00,2.4868776001499505e-05,8.602915328073223e-06,M,3
2026-08-07 04:18:00+00:00,2.934626833577457e-05,8.824592790609238e-06,M,3
2026-08-07 04:19:00+00:00,2.847471618571011e-05,3.7320257213358465e-06,M,3
2026-08-07 04:20:00+00:00,2.757801581985333e-05,4.358074203398337e-06,M,3
2026-08-07 04:21:00+00:00,2.489807387964389e-05,5.407506624553492e-06,M,3
2026-08-07 04:22:00+00:00,2.4893265177752793e-05,6.620989792999141e-06,M,3
2026-08-07 04:23:00+00:00,2.3381562419644882e-05,3.6372543107235935e-06,M,3
2026-08-07 04:24:00+00:00,2.5264246713726123e-05,2.2351552780576956e-06,M,3
2026-08-07 04:25:00+00:00,2.512842713890795e-05,2.3659518927825503e-06,M,3
2026-08-07 04:26:00+00:00,2.4754044043462684e-05,2.6909515022795554e-06,M,3
2026-08-07 04:27:00+00:00,2.212659065997242e-05,1.952644362741217e-06,M,3
2026-08-07 04:28:00+00:00,2.243678722421662e-05,3.337701376218704e-06,M,3
2026-08-07 04:29:00+00:00,2.0501967063388965e-05,1.3050317540576723e-06,M,3
2026-08-07 04:30:00+00:00,1.9865864828293252e-05,2.3441196396395204e-06,M,3
2026-08-07 04:31:00+00:00,2.0994180544227256e-05,2.6394811522803418e-06,M,3
2026-08-07 04:32:00+00:00,1.731502701557402e-05,1.590421877726385e-06,M,3
2026-08-07 04:33:00+00:00,2.1073593074312215e-05,1.2026181432886786e-06,M,3
2026-08-07 04:34:00+00:00,1.4826174341348331e-05,1.253247033565309e-06,M,3
2026-08-07 04:35:00+00:00,1.8810047558313473e-05,2.5373329733191534e-07,M,3
2026-08-07 04:36:00+00:00,1.7297404734025263e-05,1.7354322772113822e-06,M,3
2026-08-07 04:37:00+00:00,1.5962110776034793e-05,6.448305426608459e-07,M,3
2026-08-07 04:38:00+00:00,1.2738888248129542e-05,5.414408805965008e-07,M,3
2026-08-07 04:39:00+00:00,1.4381478734233428e-05,1e-10,M,3
2026-08-07 04:40:00+00:00,1.4982220209314467e-05,2.7889162489095526e-06,M,3
2026-08-07 04:41:00+00:00,1.334453081837792e-05,1.6003248261187343e-06,M,3
2026-08-07 04:42:00+00:00,1.1815616178643604e-05,1e-10,M,3
2026-08-07 04:43:00+00:00,1.3401061365139213e-05,1.1215207085882626e-06,M,3
2026-08-07 04:44:00+00:00,1.2932255229160886e-05,1e-10,M,3
2026-08-07 04:45:00+00:00,1.4994013453820695e-05,1e-10,M,3
2026-08-07 04:46:00+00:00,1.3307498606388844e-05,1e-10,M,3
2026-08-07 04:47:00+00:00,1.2497372752771558e-05,9.55406807434037e-07,M,3
2026-08-07 04:48:00+00:00,1.241296569631176e-05,1.9300260340544483e-07,M,3
2026-08-07 04:49:00+00:00,1.056824492492737e-05,2.6081892717600704e-07,M,3
2026-08-07 04:50:00+00:00,1.2149976447407156e-05,6.106383821593091e-07,M,3
2026-08-07 04:51:00+00:00,1.2834797899622165e-05,1.2999471033400531e-06,M,3
2026-08-07 04:52:00+00:00,9.898044615512643e-06,2.801351426008932e-06,M,3
2026-08-07 04:53:00+00:00,1.0560520344811632e-05,1e-10,M,3
2026-08-07 04:54:00+00:00,9.635726930230733e-06,1e-10,M,3
2026-08-07 04:55:00+00:00,9.467316459675963e-06,2.877353119881269e-07,M,3
2026-08-07 04:56:00+00:00,8.609718194804085e-06,9.063323704818164e-07,M,3
2026-08-07 04:57:00+00:00,1.0350168537324644e-05,1.3695504834579084e-06,M,3
2026-08-07 04:58:00+00:00,7.722300375582532e-06,1e-10,M,3
2026-08-07 04:59:00+00:00,9.901780339783581e-06,2.8096135899177753e-06,M,3
2026-08-07 05:00:00+00:00,1.1016287081827395e-05,1e-10,M,3
2026-08-07 05:01:00+00:00,7.471838497261905e-06,1.086054815169758e-06,M,3
2026-08-07 05:02:00+00:00,9.902437826010748e-06,9.168263193977162e-07,M,3
2026-08-07 05:03:00+00:00,7.215907905293693e-06,1e-10,M,3
2026-08-07 05:04:00+00:00,5.8960447034245575e-06,3.591106162134281e-07,M,3
2026-08-07 05:05:00+00:00,7.7896797074117e-06,1e-10,M,3
2026-08-07 05:06:00+00:00,5.9072894128013375e-06,1e-10,M,3
2026-08-07 05:07:00+00:00,7.457077421763202e-06,1e-10,M,3
2026-08-07 05:08:00+00:00,6.9489980902255305e-06,2.016465091205771e-07,M,3
2026-08-07 05:09:00+00:00,6.1604439188740615e-06,1.4367562181204404e-06,M,3
2026-08-07 05:10:00+00:00,5.399631538709948e-06,1e-10,M,3
2026-08-07 05:11:00+00:00,5.4155035228646435e-06,4.4054749053003183e-07,M,3
2026-08-07 05:12:00+00:00,7.664121726969372e-06,1.0714132537754965e-06,M,3
2026-08-07 05:13:00+00:00,6.139469183294604e-06,1e-10,M,3
2026-08-07 05:14:00+00:00,6.0075385157735e-06,2.3440535099022064e-08,M,3
2026-08-07 05:15:00+00:00,5.8839744920495964e-06,1e-10,M,3
2026-08-07 05:16:00+00:00,4.986273446300535e-06,1e-10,M,3
2026-08-07 05:17:00+00:00,5.5475821492323365e-06,1e-10,M,3
2026-08-07 05:18:00+00:00,5.841154942042699e-06,1.576558366845772e-06,M,3
2026-08-07 05:19:00+00:00,5.0635886862507725e-06,1.5811987415798698e-06,M,3
2026-08-07 05:20:00+00:00,4.2957186809590406e-06,1.411269992895497e-06,M,3
2026-08-07 05:21:00+00:00,3.77593782362333e-06,4.318627952595265e-07,M,3
2026-08-07 05:22:00+00:00,3.7153901328081844e-06,6.005561184712021e-07,M,3
2026-08-07 05:23:00+00:00,4.008449181421025e-06,1e-10,M,3
2026-08-07 05:24:00+00:00,4.660313943347671e-06,1e-10,M,3
2026-08-07 05:25:00+00:00,2.4583006389572415e-06,1e-10,M,3
2026-08-07 05:26:00+00:00,4.86072127425956e-06,2.473947247747797e-07,M,3
2026-08-07 05:27:00+00:00,4.020143510965109e-06,5.393494142596565e-07,M,3
2026-08-07 05:28:00+00:00,2.992652135921754e-06,1e-10,M,3
2026-08-07 05:29:00+00:00,2.879822195866619e-06,1.0303801966404476e-06,M,3
2026-08-07 05:30:00+00:00,3.0799723566279447e-06,1.3844634935500376e-06,M,3
2026-08-07 05:31:00+00:00,2.1889478392072985e-06,1e-10,M,3
2026-08-07 05:32:00+00:00,3.0267852109197472e-06,2.5907310245829233e-06,M,3
2026-08-07 05:33:00+00:00,3.104612096297643e-06,6.176258794793205e-07,M,3
2026-08-07 05:34:00+00:00,4.374102044872358e-06,1.7412242510680912e-06,M,3
2026-08-07 05:35:00+00:00,3.5074607408647493e-06,1e-10,M,3
2026-08-07 05:36:00+00:00,4.53503702361638e-06,1.6299104328593916e-06,M,3
2026-08-07 05:37:00+00:00,2.922009177108835e-06,7.475387263847564e-07,M,3
2026-08-07 05:38:00+00:00,1.7730676499489527e-06,1e-10,M,3
2026-08-07 05:39:00+00:00,4.846737173432947e-06,1e-10,M,3
2026-08-07 05:40:00+00:00,2.5562551185182783e-06,1.9771381885066657e-08,M,3
2026-08-07 05:41:00+00:00,1.0794498208997236e-06,8.778297915804769e-07,M,3
2026-08-07 05:42:00+00:00,2.7262917561346314e-06,9.512365347928924e-08,M,3
2026-08-07 05:43:00+00:00,5.37698271669286e-07,1.0599809099724233e-07,M,3
2026-08-07 05:44:00+00:00,2.4233986562798543e-06,1e-10,M,3
2026-08-07 05:45:00+00:00,1.644893833203645e-06,1e-10,M,3
2026-08-07 05:46:00+00:00,3.0989082562964e-06,2.0434096241042226e-07,M,3
2026-08-07 05:47:00+00:00,3.224636734745469e-06,1e-10,M,3
2026-08-07 05:48:00+00:00,2.1997610898338115e-06,1.0690655150636463e-06,M,3
2026-08-07 05:49:00+00:00,1.6304725241763562e-06,9.455945289778934e-07,M,3
2026-08-07 05:50:00+00:00,3.0352161900420245e-06,1.8714660584613597e-06,M,3
2026-08-07 05:51:00+00:00,1.137983797218452e-06,1e-10,M,3
2026-08-07 05:52:00+00:00,2.073586466853303e-06,1e-10,M,3
2026-08-07 05:53:00+00:00,2.589386608484254e-06,1e-10,M,3
2026-08-07 05:54:00+00:00,1.1387668728621662e-06,1e-10,M,3
2026-08-07 05:55:00+00:00,1.644800574712076e-06,1e-10,M,3
2026-08-07 05:56:00+00:00,2.0041944510017857e-06,9.457818866920245e-08,M,3
2026-08-07 05:57:00+00:00,3.3475042791164947e-06,1e-10,M,3
2026-08-07 05:58:00+00:00,3.1464218679994094e-07,1e-10,M,3
2026-08-07 05:59:00+00:00,1.570815273735772e-06,2.792621813725919e-07,M,3
2026-08-07 06:00:00+00:00,3.091479297332068e-06,1e-10,M,3
2026-08-07 06:01:00+00:00,2.7512879593741983e-06,1.470134641056727e-06,M,3
2026-08-07 06:02:00+00:00,1.245450694130505e-06,2.8893693957239893e-07,M,3
2026-08-07 06:03:00+00:00,1.475275990946337e-06,1e-10,M,3
2026-08-07 06:04:00+00:00,1.9924957766166424e-06,1.2176326828712574e-06,M,3
2026-08-07 06:05:00+00:00,2.015780184346423e-06,1e-10,M,3
2026-08-07 06:06:00+00:00,2.8402637504522573e-06,1e-10,M,3
2026-08-07 06:07:00+00:00,2.4703075044622216e-06,1e-10,M,3
2026-08-07 06:08:00+00:00,1e-10,1e-10,M,3
2026-08-07 06:09:00+00:00,1e-10,1.5395110147625916e-06,M,3
2026-08-07 06:10:00+00:00,6.289123122120494e-07,2.168437519766133e-07,M,3
2026-08-07 06:11:00+00:00,1e-10,1e-10,M,3
2026-08-07 06:12:00+00:00,2.5122553172360326e-06,1e-10,M,3
2026-08-07 06:13:00+00:00,1e-10,3.0482964751646897e-07,M,3
2026-08-07 06:14:00+00:00,7.867725859645698e-07,3.312431768233049e-07,M,3
2026-08-07 06:15:00+00:00,5.70058347636572e-09,1e-10,M,3
2026-08-07 06:16:00+00:00,1e-10,8.661394966128087e-07,M,3
2026-08-07 06:17:00+00:00,2.34299236947448e-06,6.614566597932965e-07,M,3
2026-08-07 06:18:00+00:00,3.240359450403256e-07,1e-10,M,3
2026-08-07 06:19:00+00:00,3.0633024750988345e-06,2.714417914296802e-07,M,3
2026-08-07 06:20:00+00:00,2.479369137016204e-06,1e-10,-,0
2026-08-07 06:21:00+00:00,8.470477120658642e-07,6.899745869639552e-08,-,0
2026-08-07 06:22:00+00:00,1e-10,2.198680871256171e-07,-,0
2026-08-07 06:23:00+00:00,4.96294503191873e-07,1.1408039789845233e-06,-,0
2026-08-07 06:24:00+00:00,3.3515704557277363e-06,5.346541106002159e-07,-,0
2026-08-07 06:25:00+00:00,1.2772990683439094e-06,1.032589038624612e-08,-,0
2026-08-07 06:26:00+00:00,6.113212513092514e-07,1e-10,-,0
2026-08-07 06:27:00+00:00,1.4684843041135937e-07,7.474314409299287e-07,-,0
2026-08-07 06:28:00+00:00,1.74240368417096e-06,3.6032223665476155e-07,-,0
2026-08-07 06:29:00+00:00,1.0677738548106169e-06,1e-10,-,0
2026-08-07 06:30:00+00:00,9.873846678920968e-07,1e-10,-,0
2026-08-07 06:31:00+00:00,2.003438124322068e-06,8.146562730584923e-08,-,0
2026-08-07 06:32:00+00:00,1.8578254537702864e-06,1e-10,-,0
2026-08-07 06:33:00+00:00,1.1504553705120794e-06,1e-10,-,0
2026-08-07 06:34:00+00:00,1e-10,1.7631147298025102e-06,-,0
2026-08-07 06:35:00+00:00,1e-10,1.7965100370762607e-06,-,0
2026-08-07 06:36:00+00:00,1e-10,1.74431369362042e-07,-,0
2026-08-07 06:37:00+00:00,6.141031018048462e-07,6.085759462540103e-07,-,0
2026-08-07 06:38:00+00:00,2.252180833537105e-06,1e-10,-,0
2026-08-07 06:39:00+00:00,2.8572263781167395e-06,5.919554259575567e-07,-,0
2026-08-07 06:40:00+00:00,1.001213028016342e-06,1.4683237829790842e-07,-,0
2026-08-07 06:41:00+00:00,1.1819979127812993e-06,2.4234490852074797e-07,-,0
2026-08-07 06:42:00+00:00,1e-10,1e-10,-,0
2026-08-07 06:43:00+00:00,1.5868689855063936e-09,2.0209947131816026e-06,-,0
2026-08-07 06:44:00+00:00,1e-10,1e-10,-,0
2026-08-07 06:45:00+00:00,1e-10,9.698904525228772e-07,-,0
2026-08-07 06:46:00+00:00,1.1706629639384956e-06,1e-10,-,0
2026-08-07 06:47:00+00:00,1e-10,1e-10,-,0
2026-08-07 06:48:00+00:00,1e-10,1.0886659809173395e-06,-,0
2026-08-07 06:49:00+00:00,1.3564567432912605e-06,2.2277772380978715e-07,-,0
2026-08-07 06:50:00+00:00,1.7713981756866838e-06,1e-10,-,0
2026-08-07 06:51:00+00:00,7.499540892434712e-07,7.803126772605191e-07,-,0
2026-08-07 06:52:00+00:00,2.0587553008793922e-07,1e-10,-,0
2026-08-07 06:53:00+00:00,1e-10,2.076167271433369e-06,-,0
2026-08-07 06:54:00+00:00,1e-10,1e-10,-,0
2026-08-07 06:55:00+00:00,1.5621619816420746e-06,1e-10,-,0
2026-08-07 06:56:00+00:00,1e-10,9.620718238594812e-07,-,0
2026-08-07 06:57:00+00:00,2.638234972131004e-06,1e-10,-,0
2026-08-07 06:58:00+00:00,1.4273243492956552e-06,1e-10,-,0
2026-08-07 06:59:00+00:00,7.334151335696294e-07,3.002650280973833e-07,-,0
2026-08-07 07:00:00+00:00,3.3617703085985415e-06,1.2729756149137029e-06,-,0
2026-08-07 07:01:00+00:00,1.7439990298345315e-06,1e-10,-,0
2026-08-07 07:02:00+00:00,1e-10,1e-10,-,0
2026-08-07 07:03:00+00:00,1e-10,1e-10,-,0
2026-08-07 07:04:00+00:00,1e-10,1e-10,-,0
2026-08-07 07:05:00+00:00,2.19755200349409e-07,1e-10,-,0
2026-08-07 07:06:00+00:00,1e-10,1.4085759776710717e-06,-,0
2026-08-07 07:07:00+00:00,1e-10,8.345602608912709e-07,-,0
2026-08-07 07:08:00+00:00,5.088810394757338e-07,1e-10,-,0
2026-08-07 07:09:00+00:00,1.2610487506030276e-06,1e-10,-,0
2026-08-07 07:10:00+00:00,2.3134095142104468e-06,8.776857346512989e-07,-,0
2026-08-07 07:11:00+00:00,3.5036804557215824e-07,7.702553079656421e-07,-,0
2026-08-07 07:12:00+00:00,8.991549203826024e-07,1e-10,-,0
2026-08-07 07:13:00+00:00,1e-10,1e-10,-,0
2026-08-07 07:14:00+00:00,1.2002529834596314e-06,3.5578753415202886e-08,-,0
2026-08-07 07:15:00+00:00,1e-10,1e-10,-,0
2026-08-07 07:16:00+00:00,5.545156047002344e-07,1.2412302091721396e-06,-,0
2026-08-07 07:17:00+00:00,1.59711711694509e-07,8.223182381897961e-07,-,0
2026-08-07 07:18:00+00:00,1e-10,3.596957068822628e-07,-,0
2026-08-07 07:19:00+00:00,1e-10,1e-10,-,0
2026-08-07 07:20:00+00:00,1e-10,1e-10,-,0
2026-08-07 07:21:00+00:00,1e-10,1e-10,-,0
2026-08-07 07:22:00+00:00,1e-10,1e-10,-,0
2026-08-07 07:23:00+00:00,1.4911072483134634e-06,2.3689213259803785e-07,-,0
2026-08-07 07:24:00+00:00,1e-10,1.8000653735036125e-06,-,0
2026-08-07 07:25:00+00:00,1e-10,2.3268830122796256e-07,-,0
2026-08-07 07:26:00+00:00,8.931251670330946e-07,1e-10,-,0
2026-08-07 07:27:00+00:00,5.18055587284355e-07,7.966270250596667e-07,-,0
2026-08-07 07:28:00+00:00,2.4291915943387727e-06,1e-10,-,0
2026-08-07 07:29:00+00:00,1.288451893866404e-06,5.415986227985145e-07,-,0
2026-08-07 07:30:00+00:00,1e-10,1e-10,-,0
2026-08-07 07:31:00+00:00,1.0498945074074419e-06,6.7463586286738e-07,-,0
2026-08-07 07:32:00+00:00,7.952707577389114e-07,6.230863460901536e-07,-,0
2026-08-07 07:33:00+00:00,1.8687649781868405e-06,2.2431422640808367e-07,-,0
2026-08-07 07:34:00+00:00,1e-10,1e-10,-,0
2026-08-07 07:35:00+00:00,1.2494683401498748e-06,1e-10,-,0
2026-08-07 07:36:00+00:00,1e-10,6.02633619692965e-07,-,0
2026-08-07 07:37:00+00:00,3.5373969351958837e-07,2.3249580334976552e-07,-,0
2026-08-07 07:38:00+00:00,1e-10,2.0649231103551263e-06,-,0
2026-08-07 07:39:00+00:00,1e-10,1.8685777189131097e-07,-,0
2026-08-07 07:40:00+00:00,9.922618400833223e-07,8.986124581943421e-07,-,0
2026-08-07 07:41:00+00:00,3.4231542078968754e-08,1e-10,-,0
2026-08-07 07:42:00+00:00,1e-10,1e-10,-,0
2026-08-07 07:43:00+00:00,9.369912127112564e-07,1.3073294386051398e-06,-,0
2026-08-07 07:44:00+00:00,1e-10,1e-10,-,0
2026-08-07 07:45:00+00:00,1e-10,1e-10,-,0
2026-08-07 07:46:00+00:00,1e-10,1e-10,-,0
2026-08-07 07:47:00+00:00,1.3618886393438164e-06,4.1969933518804185e-07,-,0
2026-08-07 07:48:00+00:00,1e-10,1e-10,-,0
2026-08-07 07:49:00+00:00,1.1436285763797908e-07,1e-10,-,0
2026-08-07 07:50:00+00:00,3.645729128551271e-07,2.1560323567320697e-06,-,0
2026-08-07 07:51:00+00:00,9.280014618402724e-07,1e-10,-,0
2026-08-07 07:52:00+00:00,8.028940054298294e-07,1e-10,-,0
2026-08-07 07:53:00+00:00,9.186816678014988e-07,1.8186125128280936e-06,-,0
2026-08-07 07:54:00+00:00,1e-10,7.414964831190491e-08,-,0
2026-08-07 07:55:00+00:00,9.76559177793302e-07,2.7564405478774188e-06,-,0
2026-08-07 07:56:00+00:00,1e-10,8.8109313659629e-07,-,0
2026-08-07 07:57:00+00:00,1e-10,1e-10,-,0
2026-08-07 07:58:00+00:00,1e-10,8.451623739281197e-07,-,0
2026-08-07 07:59:00+00:00,1.8868123251956396e-06,1e-10,-,0
2026-08-07 08:00:00+00:00,1e-10,1e-10,-,0
2026-08-07 08:01:00+00:00,1.5904092137766105e-06,1e-10,-,0
2026-08-07 08:02:00+00:00,6.265798310681209e-07,1e-10,-,0
2026-08-07 08:03:00+00:00,2.5427541054580643e-07,8.162582595106843e-07,-,0
2026-08-07 08:04:00+00:00,4.3771255215207726e-07,1e-10,-,0
2026-08-07 08:05:00+00:00,1e-10,1e-10,-,0
2026-08-07 08:06:00+00:00,1.8119147710481511e-06,4.6429595137761774e-07,-,0
2026-08-07 08:07:00+00:00,1e-10,1e-10,-,0
2026-08-07 08:08:00+00:00,1.1567692488729324e-06,1.0336417434742233e-06,-,0
2026-08-07 08:09:00+00:00,1e-10,1e-10,-,0
2026-08-07 08:10:00+00:00,1e-10,1.1485059587779459e-06,-,0
2026-08-07 08:11:00+00:00,2.2256443194957238e-06,8.05380203580894e-07,-,0
2026-08-07 08:12:00+00:00,1e-10,5.832604948134782e-07,-,0
2026-08-07 08:13:00+00:00,5.444995714712374e-07,1e-10,-,0
2026-08-07 08:14:00+00:00,1e-10,1e-10,-,0
2026-08-07 08:15:00+00:00,1e-10,1.015495736616279e-06,-,0
2026-08-07 08:16:00+00:00,7.012183534582183e-07,1e-10,-,0
2026-08-07 08:17:00+00:00,1.8824253020676036e-07,1e-10,-,0
2026-08-07 08:18:00+00:00,1e-10,1e-10,-,0
2026-08-07 08:19:00+00:00,1e-10,1e-10,-,0
2026-08-07 08:20:00+00:00,9.963233262611655e-07,1e-10,-,0
2026-08-07 08:21:00+00:00,1e-10,1e-10,-,0
2026-08-07 08:22:00+00:00,1e-10,8.702612084232739e-07,-,0
2026-08-07 08:23:00+00:00,1.6192590056961488e-06,6.858491482292783e-07,-,0
2026-08-07 08:24:00+00:00,1e-10,1e-10,-,0
2026-08-07 08:25:00+00:00,1e-10,1e-10,-,0
2026-08-07 08:26:00+00:00,1e-10,1e-10,-,0
2026-08-07 08:27:00+00:00,3.6528717866194465e-07,5.503302392378679e-07,-,0
2026-08-07 08:28:00+00:00,6.377883233103353e-08,1e-10,-,0
2026-08-07 08:29:00+00:00,1e-10,1e-10,-,0
2026-08-07 08:30:00+00:00,5.8424464784965566e-08,1.1905234237996953e-07,-,0
2026-08-07 08:31:00+00:00,1.0239433286710351e-07,1e-10,-,0
2026-08-07 08:32:00+00:00,1e-10,1.878303140420803e-06,-,0
2026-08-07 08:33:00+00:00,1e-10,1e-10,-,0
2026-08-07 08:34:00+00:00,1e-10,8.243097287672483e-07,-,0
2026-08-07 08:35:00+00:00,1e-10,9.916547321716179e-07,-,0
2026-08-07 08:36:00+00:00,1.0589904389546938e-06,1e-10,B,1
2026-08-07 08:37:00+00:00,1.3518487571184326e-06,1e-10,B,1
2026-08-07 08:38:00+00:00,1e-10,1e-10,B,1
2026-08-07 08:39:00+00:00,1.369840198990412e-06,1.0172004325041905e-06,B,1
2026-08-07 08:40:00+00:00,4.793709290616758e-07,1e-10,B,1
2026-08-07 08:41:00+00:00,1e-10,1.0003420529419975e-06,B,1
2026-08-07 08:42:00+00:00,1e-10,1.8289402402717335e-06,B,1
2026-08-07 08:43:00+00:00,1e-10,1.934383366648588e-06,B,1
2026-08-07 08:44:00+00:00,1.057422351150153e-06,1e-10,B,1
2026-08-07 08:45:00+00:00,1e-10,1e-10,B,1
2026-08-07 08:46:00+00:00,2.3845703140009988e-06,1e-10,B,1
2026-08-07 08:47:00+00:00,1.3167374211476374e-06,1.2738202867646483e-06,B,1
2026-08-07 08:48:00+00:00,1e-10,8.46096707975732e-07,B,1
2026-08-07 08:49:00+00:00,1.8511670293019966e-06,7.655810387635446e-07,B,1
2026-08-07 08:50:00+00:00,8.530213617582321e-07,6.194784455794241e-07,B,1
2026-08-07 08:51:00+00:00,1e-10,1e-10,B,1
2026-08-07 08:52:00+00:00,8.077456140988383e-07,1.0724977068615426e-07,B,1
2026-08-07 08:53:00+00:00,1.1007641897389949e-06,3.833355295403938e-07,B,1
2026-08-07 08:54:00+00:00,1e-10,1.439499644426547e-07,B,1
2026-08-07 08:55:00+00:00,1.0347065812880586e-06,1e-10,B,1
2026-08-07 08:56:00+00:00,1e-10,1.9608593063007553e-06,B,1
2026-08-07 08:57:00+00:00,1.0830886530057195e-06,1e-10,B,1
2026-08-07 08:58:00+00:00,7.864333721569594e-08,2.135976594968809e-07,B,2
2026-08-07 08:59:00+00:00,1e-10,2.4994498944600605e-06,B,2
2026-08-07 09:00:00+00:00,1.013231113612907e-06,2.118110004147727e-06,B,2
2026-08-07 09:01:00+00:00,1e-10,1e-10,B,2
2026-08-07 09:02:00+00:00,5.791725074710939e-07,1e-10,B,2
2026-08-07 09:03:00+00:00,9.59011137434695e-07,1e-10,B,2
2026-08-07 09:04:00+00:00,2.1436702319481124e-06,5.740570946070784e-07,B,2
2026-08-07 09:05:00+00:00,1.2359227354863573e-07,5.251044572856373e-07,B,2
2026-08-07 09:06:00+00:00,1e-10,3.506107193191244e-07,B,2
2026-08-07 09:07:00+00:00,2.4129832174870906e-06,1.0017860532984637e-06,B,2
2026-08-07 09:08:00+00:00,5.607420525803884e-07,2.972292053972056e-07,B,2
2026-08-07 09:09:00+00:00,1e-10,1.2918262796673004e-06,B,2
2026-08-07 09:10:00+00:00,9.760464137772425e-07,1.05301803817571e-06,B,2
2026-08-07 09:11:00+00:00,1.5194319708235556e-07,1e-10,B,2
2026-08-07 09:12:00+00:00,1.730770834406229e-07,2.494079687024875e-07,B,2
2026-08-07 09:13:00+00:00,3.2973397248718848e-06,1e-10,B,3
2026-08-07 09:14:00+00:00,1e-10,4.208733475159273e-07,B,3
2026-08-07 09:15:00+00:00,1e-10,1e-10,B,3
2026-08-07 09:16:00+00:00,1.7586596719277818e-06,1e-10,B,3
2026-08-07 09:17:00+00:00,1e-10,5.831648348714984e-07,B,3
2026-08-07 09:18:00+00:00,7.15974499261332e-07,8.307228119636353e-07,B,3
2026-08-07 09:19:00+00:00,1.0736763975680171e-06,1e-10,B,3
2026-08-07 09:20:00+00:00,1e-10,1.967591723968873e-06,B,3
2026-08-07 09:21:00+00:00,1.6012086380017316e-06,1.09152252501559e-06,B,3
2026-08-07 09:22:00+00:00,1e-10,1e-10,B,3
2026-08-07 09:23:00+00:00,2.4053032124070598e-06,1e-10,B,3
2026-08-07 09:24:00+00:00,1e-10,2.530151912466996e-07,B,3
2026-08-07 09:25:00+00:00,2.0196470869347466e-06,1.6992636129914562e-07,B,3
2026-08-07 09:26:00+00:00,2.1728422591629804e-06,7.105324367529835e-07,B,3
2026-08-07 09:27:00+00:00,1e-10,5.679123107414863e-07,B,3
2026-08-07 09:28:00+00:00,1.3384832576785692e-08,6.735642986053292e-07,B,3
2026-08-07 09:29:00+00:00,1e-10,1e-10,B,3
2026-08-07 09:30:00+00:00,1.8884239068610728e-06,1e-10,B,3
2026-08-07 09:31:00+00:00,4.1316818666955013e-07,3.9779069802081844e-07,B,3
2026-08-07 09:32:00+00:00,7.691554562978488e-07,1e-10,B,3
2026-08-07 09:33:00+00:00,2.856982075540093e-08,7.329385912851323e-07,B,3
2026-08-07 09:34:00+00:00,6.929444034118656e-07,1.213036008797327e-06,B,3
2026-08-07 09:35:00+00:00,7.544633752639608e-07,1e-10,B,3
2026-08-07 09:36:00+00:00,1e-10,1e-10,B,3
2026-08-07 09:37:00+00:00,2.1116728451142636e-06,1e-10,B,3
2026-08-07 09:38:00+00:00,1e-10,1e-10,B,3
2026-08-07 09:39:00+00:00,1.2816399400909243e-06,1e-10,B,3
2026-08-07 09:40:00+00:00,1e-10,4.6994458618021187e-07,B,3
2026-08-07 09:41:00+00:00,9.0346876126194e-07,3.2084301687876617e-06,B,3
2026-08-07 09:42:00+00:00,1.3216608943383376e-06,4.743876125541376e-07,B,3
2026-08-07 09:43:00+00:00,4.16030368972171e-07,2.563658250868896e-06,B,3
2026-08-07 09:44:00+00:00,1.3240530718327419e-06,1.4499973645369114e-06,B,3
2026-08-07 09:45:00+00:00,1e-10,1e-10,B,3
2026-08-07 09:46:00+00:00,6.321300311578965e-07,4.80491934379362e-07,B,3
2026-08-07 09:47:00+00:00,1e-10,8.849802780738944e-07,B,3
2026-08-07 09:48:00+00:00,2.6643562278010156e-07,8.257644554211433e-07,B,3
2026-08-07 09:49:00+00:00,1e-10,1e-10,B,3
2026-08-07 09:50:00+00:00,1.797974631052728e-08,2.4263393362840704e-07,B,3
2026-08-07 09:51:00+00:00,1.62405034732429e-06,1.8740494100812136e-06,B,3
2026-08-07 09:52:00+00:00,2.0021963510004558e-06,1e-10,B,3
2026-08-07 09:53:00+00:00,1e-10,1.1616223373683675e-06,B,3
2026-08-07 09:54:00+00:00,1.4598049642269955e-06,1.3263233053825189e-06,B,3
2026-08-07 09:55:00+00:00,1.6297302228080213e-06,1e-10,B,3
2026-08-07 09:56:00+00:00,4.3793847979114964e-07,1e-10,B,3
2026-08-07 09:57:00+00:00,1.5871356490509993e-06,1e-10,B,3
2026-08-07 09:58:00+00:00,1e-10,9.84326770872113e-07,B,3
2026-08-07 09:59:00+00:00,1e-10,1.5933318862788432e-08,B,3
2026-08-07 10:00:00+00:00,1e-10,1e-10,B,3
2026-08-07 10:01:00+00:00,8.643803499632523e-07,9.531658048112532e-08,B,3
2026-08-07 10:02:00+00:00,1e-10,4.907150041129358e-07,B,3
2026-08-07 10:03:00+00:00,1e-10,1e-10,B,3
2026-08-07 10:04:00+00:00,1e-10,1.8229457828320093e-06,B,3
2026-08-07 10:05:00+00:00,6.215668974697528e-08,4.5096088867940054e-08,B,3
2026-08-07 10:06:00+00:00,1e-10,8.351420873823363e-07,B,3
2026-08-07 10:07:00+00:00,7.987512164840451e-07,1e-10,B,3
2026-08-07 10:08:00+00:00,1.3791168832450282e-06,4.125717318740311e-07,B,3
2026-08-07 10:09:00+00:00,1.1330016670123961e-06,1e-10,B,3
2026-08-07 10:10:00+00:00,3.279943170030602e-06,1e-10,B,3
2026-08-07 10:11:00+00:00,5.052903135618595e-07,1.72728948545749e-06,B,3
2026-08-07 10:12:00+00:00,1.9311011114220493e-06,1e-10,B,3
2026-08-07 10:13:00+00:00,2.572053273791612e-07,1e-10,B,3
2026-08-07 10:14:00+00:00,1e-10,1e-10,B,3
2026-08-07 10:15:00+00:00,1.799183796762679e-07,1e-10,B,3
2026-08-07 10:16:00+00:00,2.3756008497919352e-07,1e-10,B,3
2026-08-07 10:17:00+00:00,1e-10,1.3223211783100793e-06,B,3
2026-08-07 10:18:00+00:00,1e-10,4.170124085738577e-07,B,3
2026-08-07 10:19:00+00:00,1e-10,9.060685632948362e-07,B,3
2026-08-07 10:20:00+00:00,1.3018486427563473e-06,5.259886236791109e-07,B,3
2026-08-07 10:21:00+00:00,9.730092494828956e-07,1e-10,B,3
2026-08-07 10:22:00+00:00,2.0116541431494085e-06,9.197247524694421e-07,B,3
2026-08-07 10:23:00+00:00,1e-10,1e-10,B,3
2026-08-07 10:24:00+00:00,1e-10,6.53970054072292e-07,B,3
2026-08-07 10:25:00+00:00,1e-10,1e-10,B,3
2026-08-07 10:26:00+00:00,1.2132136918047021e-06,1e-10,B,3
2026-08-07 10:27:00+00:00,1e-10,1e-10,-,0
2026-08-07 10:28:00+00:00,9.226479053940663e-09,3.492384088135547e-07,-,0
2026-08-07 10:29:00+00:00,3.882063058515041e-07,1e-10,-,0
2026-08-07 10:30:00+00:00,1e-10,2.5456109446942093e-06,-,0
2026-08-07 10:31:00+00:00,8.959160929825397e-07,1.4171781577573407e-06,-,0
2026-08-07 10:32:00+00:00,1.1586974426621829e-06,1.4600494190476998e-06,-,0
2026-08-07 10:33:00+00:00,3.468912340140566e-07,1.6121412091352647e-06,-,0
2026-08-07 10:34:00+00:00,1e-10,6.154955234982312e-07,-,0
2026-08-07 10:35:00+00:00,3.524026311756512e-10,1e-10,-,0
2026-08-07 10:36:00+00:00,1.586046247775043e-06,5.180661595834943e-07,-,0
2026-08-07 10:37:00+00:00,9.472415375934928e-08,1e-10,-,0
2026-08-07 10:38:00+00:00,1.6392095480233356e-08,1e-10,-,0
2026-08-07 10:39:00+00:00,1e-10,9.63102021544302e-07,-,0
2026-08-07 10:40:00+00:00,1e-10,1e-10,-,0
2026-08-07 10:41:00+00:00,1.2543466104015382e-06,1e-10,-,0
2026-08-07 10:42:00+00:00,3.3682716757190505e-08,1.0805629648296088e-06,-,0
2026-08-07 10:43:00+00:00,1e-10,1e-10,-,0
2026-08-07 10:44:00+00:00,2.3715568641183717e-06,1e-10,-,0
2026-08-07 10:45:00+00:00,5.239849778629329e-07,1e-10,-,0
2026-08-07 10:46:00+00:00,1e-10,6.561697314980419e-07,-,0
2026-08-07 10:47:00+00:00,1.1662250655618816e-06,8.241766438193494e-07,-,0
2026-08-07 10:48:00+00:00,4.397140843949659e-07,1e-10,-,0
2026-08-07 10:49:00+00:00,4.1734905363876594e-07,1e-10,-,0
2026-08-07 10:50:00+00:00,1e-10,1.4363706981072413e-06,-,0
2026-08-07 10:51:00+00:00,8.063871845693561e-07,1e-10,-,0
2026-08-07 10:52:00+00:00,1.0741417126545154e-06,4.607424447281129e-07,-,0
2026-08-07 10:53:00+00:00,1e-10,1e-10,-,0
2026-08-07 10:54:00+00:00,1e-10,2.983964438076937e-07,-,0
2026-08-07 10:55:00+00:00,1.0873779456797034e-06,3.51662822412568e-07,-,0
2026-08-07 10:56:00+00:00,7.273880637937848e-07,1e-10,-,0
2026-08-07 10:57:00+00:00,9.678922435967406e-07,1e-10,-,0
2026-08-07 10:58:00+00:00,8.692057621619194e-08,3.782564653654815e-07,-,0
2026-08-07 10:59:00+00:00,1.0976815196578251e-06,3.0566384134900114e-07,-,0
2026-08-07 11:00:00+00:00,1e-10,1e-10,-,0
2026-08-07 11:01:00+00:00,1e-10,1e-10,-,0
2026-08-07 11:02:00+00:00,1e-10,8.994782089815093e-07,-,0
2026-08-07 11:03:00+00:00,1.3164813634491164e-06,1e-10,-,0
2026-08-07 11:04:00+00:00,1e-10,5.238350184491783e-07,-,0
2026-08-07 11:05:00+00:00,2.9000710634645646e-07,1.1461846031430311e-06,-,0
2026-08-07 11:06:00+00:00,5.132312465993913e-07,1.1141493365744497e-07,-,0
2026-08-07 11:07:00+00:00,1e-10,1.4461311387356515e-07,-,0
2026-08-07 11:08:00+00:00,9.410951245886546e-07,1e-10,-,0
2026-08-07 11:09:00+00:00,1.8640938549810747e-06,1e-10,-,0
2026-08-07 11:10:00+00:00,1.115145677529071e-06,5.628014213601971e-07,-,0
2026-08-07 11:11:00+00:00,1e-10,1e-10,-,0
2026-08-07 11:12:00+00:00,1.5196967663403147e-07,1e-10,-,0
2026-08-07 11:13:00+00:00,1.9767228235063412e-07,5.866772537765589e-07,-,0
2026-08-07 11:14:00+00:00,1.4038181868634378e-06,4.040504314810805e-07,-,0
2026-08-07 11:15:00+00:00,1e-10,5.26144777477891e-07,-,0
2026-08-07 11:16:00+00:00,1e-10,1e-10,-,0
2026-08-07 11:17:00+00:00,9.568901093546486e-07,4.795295653142918e-07,-,0
2026-08-07 11:18:00+00:00,6.954251271462629e-09,1e-10,-,0
2026-08-07 11:19:00+00:00,1e-10,1e-10,-,0
2026-08-07 11:20:00+00:00,1e-10,2.17281790789554e-06,-,0
2026-08-07 11:21:00+00:00,1e-10,6.398982160550378e-07,-,0
2026-08-07 11:22:00+00:00,2.1716235003669185e-07,3.7112683227428585e-07,-,0
2026-08-07 11:23:00+00:00,1e-10,1e-10,-,0
2026-08-07 11:24:00+00:00,6.229308113130265e-07,1.7284270048813036e-06,-,0
2026-08-07 11:25:00+00:00,1e-10,3.5402898662946986e-07,-,0
2026-08-07 11:26:00+00:00,6.976399135310887e-08,1e-10,-,0
2026-08-07 11:27:00+00:00,1e-10,1e-10,-,0
2026-08-07 11:28:00+00:00,1e-10,3.1346831921091094e-07,-,0
2026-08-07 11:29:00+00:00,1e-10,1e-10,-,0
2026-08-07 11:30:00+00:00,1.1728126420322153e-06,1.215822960358683e-06,-,0
2026-08-07 11:31:00+00:00,1e-10,1e-10,-,0
2026-08-07 11:32:00+00:00,1e-10,2.015186006530105e-07,-,0
2026-08-07 11:33:00+00:00,1e-10,1e-10,-,0
2026-08-07 11:34:00+00:00,1.1800313418635213e-06,1.8289500649895986e-07,-,0
2026-08-07 11:35:00+00:00,1e-10,1e-10,-,0
2026-08-07 11:36:00+00:00,9.861652078743036e-09,7.254566902329516e-08,-,0
2026-08-07 11:37:00+00:00,2.1027975703162307e-08,1.6918896814616906e-06,-,0
2026-08-07 11:38:00+00:00,5.721868996987116e-07,1e-10,-,0
2026-08-07 11:39:00+00:00,1.7267990060874216e-06,2.3056843388446133e-06,-,0
2026-08-07 11:40:00+00:00,5.239401537255541e-07,3.8913436643864185e-06,-,0
2026-08-07 11:41:00+00:00,3.741009247753944e-07,1e-10,-,0
2026-08-07 11:42:00+00:00,1e-10,1.5681862605169838e-06,-,0
2026-08-07 11:43:00+00:00,1e-10,1.0088384676038092e-06,-,0
2026-08-07 11:44:00+00:00,5.552293196050362e-07,8.65140190833337e-07,-,0
2026-08-07 11:45:00+00:00,6.448364601848422e-07,1e-10,-,0
2026-08-07 11:46:00+00:00,1.244960742812196e-06,1e-10,-,0
2026-08-07 11:47:00+00:00,1.9257910487046653e-06,1e-10,-,0
2026-08-07 11:48:00+00:00,1e-10,1e-10,-,0
2026-08-07 11:49:00+00:00,1e-10,1e-10,-,0
2026-08-07 11:50:00+00:00,7.693863738134105e-07,1e-10,-,0
2026-08-07 11:51:00+00:00,2.870224340301885e-08,1.1311088687849768e-06,-,0
2026-08-07 11:52:00+00:00,1.6269245341735214e-06,1.7317319037860977e-06,-,0
2026-08-07 11:53:00+00:00,1e-10,1e-10,-,0
2026-08-07 11:54:00+00:00,2.246613445101155e-06,2.732716757234623e-06,-,0
2026-08-07 11:55:00+00:00,9.292286156960712e-08,1e-10,-,0
2026-08-07 11:56:00+00:00,1.833195116498337e-06,1e-10,-,0
2026-08-07 11:57:00+00:00,1e-10,1e-10,-,0
2026-08-07 11:58:00+00:00,5.667596010579414e-07,1e-10,-,0
2026-08-07 11:59:00+00:00,5.5832754134565996e-08,1.2803891061805412e-06,-,0
2026-08-07 12:00:00+00:00,1e-10,1e-10,-,0
2026-08-07 12:01:00+00:00,9.96428174224079e-09,1e-10,-,0
2026-08-07 12:02:00+00:00,1e-10,1e-10,-,0
2026-08-07 12:03:00+00:00,1e-10,1e-10,-,0
2026-08-07 12:04:00+00:00,3.6408238769315564e-07,1e-10,-,0
2026-08-07 12:05:00+00:00,1e-10,1e-10,-,0
2026-08-07 12:06:00+00:00,4.228348683319223e-07,1e-10,-,0
2026-08-07 12:07:00+00:00,2.0608115178972574e-07,3.604829179048588e-07,-,0
2026-08-07 12:08:00+00:00,2.635039193163024e-06,1e-10,-,0
2026-08-07 12:09:00+00:00,3.137908330622537e-07,1e-10,-,0
2026-08-07 12:10:00+00:00,1.5437830728598967e-07,8.824384960402224e-07,-,0
2026-08-07 12:11:00+00:00,4.951613589793974e-07,1.0324265421449369e-06,-,0
2026-08-07 12:12:00+00:00,1e-10,1e-10,-,0
2026-08-07 12:13:00+00:00,1e-10,1e-10,-,0
2026-08-07 12:14:00+00:00,7.973929965535999e-07,6.979859637025403e-07,-,0
2026-08-07 12:15:00+00:00,1.4560222619351943e-06,1e-10,-,0
2026-08-07 12:16:00+00:00,1.7483576097075373e-06,1e-10,-,0
2026-08-07 12:17:00+00:00,7.93554925148337e-07,1.4582411941808794e-06,-,0
2026-08-07 12:18:00+00:00,1e-10,1e-10,-,0
2026-08-07 12:19:00+00:00,3.2360341942247613e-07,1e-10,-,0
2026-08-07 12:20:00+00:00,2.007174481388576e-06,1e-10,-,0
2026-08-07 12:21:00+00:00,1e-10,1.11207713063815e-06,-,0
2026-08-07 12:22:00+00:00,1e-10,1e-10,-,0
2026-08-07 12:23:00+00:00,2.4728037741304717e-06,9.620089648347336e-07,-,0
2026-08-07 12:24:00+00:00,1e-10,1e-10,-,0
2026-08-07 12:25:00+00:00,1e-10,1e-10,-,0
2026-08-07 12:26:00+00:00,3.852316451544218e-07,1e-10,-,0
2026-08-07 12:27:00+00:00,4.813866706440025e-07,1e-10,-,0
2026-08-07 12:28:00+00:00,5.374673147836015e-07,1e-10,-,0
2026-08-07 12:29:00+00:00,1.001678131144372e-06,1e-10,-,0
2026-08-07 12:30:00+00:00,1e-10,1e-10,-,0
2026-08-07 12:31:00+00:00,1e-10,6.787758646787186e-07,-,0
2026-08-07 12:32:00+00:00,1e-10,3.405927564703687e-07,-,0
2026-08-07 12:33:00+00:00,1.8482393595305968e-07,1e-10,-,0
2026-08-07 12:34:00+00:00,6.295577723501685e-07,1.8020507043713435e-06,-,0
2026-08-07 12:35:00+00:00,1.0347270769261056e-06,1e-10,-,0
2026-08-07 12:36:00+00:00,1e-10,7.505358327240159e-07,-,0
2026-08-07 12:37:00+00:00,1e-10,1e-10,-,0
2026-08-07 12:38:00+00:00,1.0055443856168633e-06,1e-10,-,0
2026-08-07 12:39:00+00:00,1e-10,1e-10,-,0
2026-08-07 12:40:00+00:00,1e-10,1e-10,-,0
2026-08-07 12:41:00+00:00,1e-10,2.682141865339674e-07,-,0
2026-08-07 12:42:00+00:00,1.58808212859275e-06,1.3902241517514583e-07,-,0
2026-08-07 12:43:00+00:00,3.373360388037369e-07,1e-10,-,0
2026-08-07 12:44:00+00:00,6.351083137673321e-07,1e-10,-,0
2026-08-07 12:45:00+00:00,5.152890561081217e-07,1.498805791106497e-07,-,0
2026-08-07 12:46:00+00:00,2.630212453291512e-07,1e-10,-,0
2026-08-07 12:47:00+00:00,4.9833340382009605e-09,5.660080939267793e-07,-,0
2026-08-07 12:48:00+00:00,1e-10,1e-10,-,0
2026-08-07 12:49:00+00:00,1e-10,1e-10,-,0
2026-08-07 12:50:00+00:00,1e-10,1.8517469386668275e-06,-,0
2026-08-07 12:51:00+00:00,2.516423524090542e-06,1e-10,-,0
2026-08-07 12:52:00+00:00,7.189350432155236e-08,1e-10,-,0
2026-08-07 12:53:00+00:00,1e-10,9.1304442530954e-07,-,0
2026-08-07 12:54:00+00:00,1e-10,5.095713785382042e-07,-,0
2026-08-07 12:55:00+00:00,1.1923134460559697e-06,1e-10,-,0
2026-08-07 12:56:00+00:00,1.9128814652878812e-07,1e-10,-,0
2026-08-07 12:57:00+00:00,1e-10,3.4371094594536324e-07,-,0
2026-08-07 12:58:00+00:00,1e-10,1e-10,-,0
2026-08-07 12:59:00+00:00,3.737049467490451e-07,1.5088625238273505e-07,-,0
2026-08-07 13:00:00+00:00,1e-10,1e-10,-,0
2026-08-07 13:01:00+00:00,9.306295589568893e-07,4.0145134438759586e-07,-,0
2026-08-07 13:02:00+00:00,2.3809635475873027e-06,6.548148339912013e-07,-,0
2026-08-07 13:03:00+00:00,1e-10,1e-10,-,0
2026-08-07 13:04:00+00:00,1e-10,1e-10,-,0
2026-08-07 13:05:00+00:00,1e-10,1.5927170918427818e-06,-,0
2026-08-07 13:06:00+00:00,1e-10,3.029577829101883e-07,-,0
2026-08-07 13:07:00+00:00,1e-10,5.898914361964389e-07,-,0
2026-08-07 13:08:00+00:00,1.2457406069960361e-06,2.4044378306356123e-06,-,0
2026-08-07 13:09:00+00:00,1e-10,1.1389871809478738e-06,-,0
2026-08-07 13:10:00+00:00,1e-10,1e-10,-,0
2026-08-07 13:11:00+00:00,1.2121687126435178e-07,1e-10,-,0
2026-08-07 13:12:00+00:00,1.5487250146557886e-06,1.3454877744478157e-06,-,0
2026-08-07 13:13:00+00:00,1e-10,1.3749151021959176e-06,-,0
2026-08-07 13:14:00+00:00,1e-10,1.5513901286562608e-07,-,0
2026-08-07 13:15:00+00:00,3.5417677047772086e-07,2.080772205475693e-06,-,0
2026-08-07 13:16:00+00:00,1e-10,3.2305209155134506e-07,-,0
2026-08-07 13:17:00+00:00,1e-10,8.066431723003923e-08,-,0
2026-08-07 13:18:00+00:00,1e-10,1.3486048464860496e-06,-,0
2026-08-07 13:19:00+00:00,1e-10,5.594926400945787e-07,-,0
2026-08-07 13:20:00+00:00,1.392178242209071e-06,8.573364439050264e-07,-,0
2026-08-07 13:21:00+00:00,9.335277100934448e-07,1e-10,-,0
2026-08-07 13:22:00+00:00,1e-10,4.0635248842041766e-07,-,0
2026-08-07 13:23:00+00:00,1e-10,1e-10,-,0
2026-08-07 13:24:00+00:00,1e-10,1e-10,-,0
2026-08-07 13:25:00+00:00,1e-10,1e-10,-,0
2026-08-07 13:26:00+00:00,1e-10,1e-10,-,0
2026-08-07 13:27:00+00:00,1e-10,8.075012084420996e-07,-,0
2026-08-07 13:28:00+00:00,1e-10,1e-10,-,0
2026-08-07 13:29:00+00:00,1e-10,1e-10,-,0
2026-08-07 13:30:00+00:00,6.213084059314529e-07,1e-10,-,0
2026-08-07 13:31:00+00:00,1e-10,1.4894938277796646e-06,-,0
2026-08-07 13:32:00+00:00,1.088575130999102e-06,1e-10,-,0
2026-08-07 13:33:00+00:00,1.2745460596499927e-06,1e-10,-,0
2026-08-07 13:34:00+00:00,2.461436377197479e-06,1e-10,-,0
2026-08-07 13:35:00+00:00,3.564509405262169e-07,2.8114163992579404e-06,-,0
2026-08-07 13:36:00+00:00,1.6588744916477795e-06,1.0536047768300829e-06,-,0
2026-08-07 13:37:00+00:00,1.1108934458937803e-06,1e-10,-,0
2026-08-07 13:38:00+00:00,2.3949980154931994e-07,1e-10,-,0
2026-08-07 13:39:00+00:00,1e-10,1e-10,-,0
2026-08-07 13:40:00+00:00,1.0196910243507182e-06,2.0828855906719818e-06,-,0
2026-08-07 13:41:00+00:00,2.921809180315899e-07,1e-10,-,0
2026-08-07 13:42:00+00:00,2.006236825690669e-06,1e-10,-,0
2026-08-07 13:43:00+00:00,8.507429770449423e-07,9.943013232227082e-07,-,0
2026-08-07 13:44:00+00:00,1.1952660295871943e-06,1.903431904555795e-06,-,0
2026-08-07 13:45:00+00:00,1e-10,1e-10,-,0
2026-08-07 13:46:00+00:00,2.99403359934294e-07,1e-10,-,0
2026-08-07 13:47:00+00:00,1e-10,4.54761547986033e-08,-,0
2026-08-07 13:48:00+00:00,6.414835664205308e-07,8.914888205593629e-08,-,0
2026-08-07 13:49:00+00:00,1.3779018389448795e-06,2.349937822760974e-06,-,0
2026-08-07 13:50:00+00:00,1.5709591175233773e-06,4.938223900840754e-07,-,0
2026-08-07 13:51:00+00:00,1e-10,1e-10,-,0
2026-08-07 13:52:00+00:00,1e-10,4.502397014844151e-07,-,0
2026-08-07 13:53:00+00:00,1e-10,1.0517108197220469e-06,-,0
2026-08-07 13:54:00+00:00,1e-10,1e-10,-,0
2026-08-07 13:55:00+00:00,4.796994365759343e-07,2.9277350679987445e-07,-,0
2026-08-07 13:56:00+00:00,1e-10,3.2626200408037e-08,-,0
2026-08-07 13:57:00+00:00,1e-10,1e-10,-,0
2026-08-07 13:58:00+00:00,1e-10,1e-10,-,0
2026-08-07 13:59:00+00:00,1.63036736139648e-06,1e-10,-,0
2026-08-07 14:00:00+00:00,1e-10,1e-10,-,0
2026-08-07 14:01:00+00:00,1.1509295309137284e-06,2.0962449202393692e-06,-,0
2026-08-07 14:02:00+00:00,1e-10,2.8665624242626406e-08,-,0
2026-08-07 14:03:00+00:00,1e-10,3.9495748626628495e-07,-,0
2026-08-07 14:04:00+00:00,1.887878736390843e-06,7.398929751854247e-07,-,0
2026-08-07 14:05:00+00:00,1.526123401228107e-06,1e-10,-,0
2026-08-07 14:06:00+00:00,1.4099213247516828e-06,1e-10,-,0
2026-08-07 14:07:00+00:00,1.2877499415168038e-07,1.6714478056767157e-06,-,0
2026-08-07 14:08:00+00:00,1e-10,1.6796603388029058e-06,-,0
2026-08-07 14:09:00+00:00,1.0422764604819462e-07,1.019404496836982e-06,-,0
2026-08-07 14:10:00+00:00,6.379334971853405e-07,1e-10,-,0
2026-08-07 14:11:00+00:00,1e-10,3.988562766806932e-07,-,0
2026-08-07 14:12:00+00:00,1e-10,1e-10,-,0
2026-08-07 14:13:00+00:00,5.758427774850025e-07,1.1793343902886988e-07,-,0
2026-08-07 14:14:00+00:00,2.448127042779862e-07,1e-10,-,0
2026-08-07 14:15:00+00:00,1.0536567779767977e-06,8.96145275687864e-07,-,0
2026-08-07 14:16:00+00:00,1.716051695668783e-06,1.8446462102962523e-06,-,0
2026-08-07 14:17:00+00:00,9.81757282381112e-07,1e-10,-,0
2026-08-07 14:18:00+00:00,1e-10,1.9664417219416135e-06,-,0
2026-08-07 14:19:00+00:00,1.7871233843414912e-08,7.054174641540865e-07,-,0
2026-08-07 14:20:00+00:00,4.5405513970184697e-07,1e-10,-,0
2026-08-07 14:21:00+00:00,9.264588972320369e-07,2.923871781100867e-07,-,0
2026-08-07 14:22:00+00:00,9.77008791047908e-07,1.7242680600946796e-06,-,0
2026-08-07 14:23:00+00:00,1e-10,1.3904383039170171e-06,-,0
2026-08-07 14:24:00+00:00,1e-10,1.3565760523026694e-06,-,0
2026-08-07 14:25:00+00:00,1.1466312510677926e-06,1e-10,-,0
2026-08-07 14:26:00+00:00,4.456451144427101e-07,1e-10,-,0
2026-08-07 14:27:00+00:00,3.396504359331869e-07,4.944818130342749e-09,-,0
2026-08-07 14:28:00+00:00,1e-10,1.406478644299305e-07,-,0
2026-08-07 14:29:00+00:00,2.3549147342914077e-06,1e-10,-,0
2026-08-07 14:30:00+00:00,3.053860432216504e-07,1e-10,-,0
2026-08-07 14:31:00+00:00,1e-10,1e-10,-,0
2026-08-07 14:32:00+00:00,3.0760693167682064e-07,8.00739656910233e-07,-,0
2026-08-07 14:33:00+00:00,1e-10,1e-10,-,0
2026-08-07 14:34:00+00:00,1e-10,9.06891001352734e-07,-,0
2026-08-07 14:35:00+00:00,3.601775625952777e-07,1e-10,-,0
2026-08-07 14:36:00+00:00,1e-10,1e-10,-,0
2026-08-07 14:37:00+00:00,1.4454534409781458e-07,1e-10,-,0
2026-08-07 14:38:00+00:00,1e-10,4.5376713655089536e-07,-,0
2026-08-07 14:39:00+00:00,1e-10,1e-10,-,0
2026-08-07 14:40:00+00:00,7.071037516572478e-07,1e-10,-,0
2026-08-07 14:41:00+00:00,1e-10,1e-10,-,0
2026-08-07 14:42:00+00:00,5.08166651027244e-07,1e-10,-,0
2026-08-07 14:43:00+00:00,2.160785385413976e-07,1e-10,-,0
2026-08-07 14:44:00+00:00,1.8911275010989824e-07,8.488664893732504e-07,-,0
2026-08-07 14:45:00+00:00,1e-10,1e-10,-,0
2026-08-07 14:46:00+00:00,1e-10,5.139916195825995e-07,-,0
2026-08-07 14:47:00+00:00,1e-10,2.560070491367139e-06,-,0
2026-08-07 14:48:00+00:00,1.0764149746199596e-06,1e-10,-,0
2026-08-07 14:49:00+00:00,1e-10,5.272717194524042e-07,-,0
2026-08-07 14:50:00+00:00,1e-10,1e-10,-,0
2026-08-07 14:51:00+00:00,8.564721078865812e-07,2.856299693984636e-07,-,0
2026-08-07 14:52:00+00:00,1e-10,1e-10,-,0
2026-08-07 14:53:00+00:00,1e-10,4.6492937446518e-07,-,0
2026-08-07 14:54:00+00:00,1e-10,1.2432899790589887e-07,-,0
2026-08-07 14:55:00+00:00,1.1999597491269647e-06,2.698564562277348e-06,-,0
2026-08-07 14:56:00+00:00,1.2025597745239144e-07,1e-10,-,0
2026-08-07 14:57:00+00:00,3.562943097187061e-07,1e-10,-,0
2026-08-07 14:58:00+00:00,3.561309217272568e-07,5.164518346715939e-07,-,0
2026-08-07 14:59:00+00:00,2.0071270153431043e-06,9.89285088706696e-07,-,0
2026-08-07 15:00:00+00:00,1e-10,1e-10,-,0
2026-08-07 15:01:00+00:00,1e-10,1.4194236558997701e-06,-,0
2026-08-07 15:02:00+00:00,6.045213233234348e-08,8.010933818878293e-08,-,0
2026-08-07 15:03:00+00:00,5.3849144304422855e-09,1.6036957813581636e-07,-,0
2026-08-07 15:04:00+00:00,9.157152088744049e-07,1e-10,-,0
2026-08-07 15:05:00+00:00,9.435861093917666e-07,6.595762056898921e-07,-,0
2026-08-07 15:06:00+00:00,1e-10,1.7003885883237298e-06,-,0
2026-08-07 15:07:00+00:00,1e-10,1e-10,-,0
2026-08-07 15:08:00+00:00,2.8024977971842705e-06,1e-10,-,0
2026-08-07 15:09:00+00:00,1.8023336913315605e-08,1e-10,-,0
2026-08-07 15:10:00+00:00,1.2663200551421807e-07,5.26562903326109e-07,-,0
2026-08-07 15:11:00+00:00,1.4275120243643702e-06,1e-10,-,0
2026-08-07 15:12:00+00:00,1e-10,9.122280344836415e-07,-,0
2026-08-07 15:13:00+00:00,1.459095372896515e-06,1e-10,-,0
2026-08-07 15:14:00+00:00,1e-10,1e-10,-,0
2026-08-07 15:15:00+00:00,2.056247566152867e-06,1e-10,-,0
2026-08-07 15:16:00+00:00,5.297123749852727e-07,1.9525628610150622e-07,-,0
2026-08-07 15:17:00+00:00,1e-10,3.2941201801458675e-08,-,0
2026-08-07 15:18:00+00:00,2.4427665248567436e-06,4.820810073327742e-07,-,0
2026-08-07 15:19:00+00:00,6.953505333445041e-07,1.6009866508548588e-06,-,0
2026-08-07 15:20:00+00:00,1e-10,1.0942755051330088e-06,-,0
2026-08-07 15:21:00+00:00,1e-10,1.967620822012257e-06,-,0
2026-08-07 15:22:00+00:00,8.017472306755863e-07,1e-10,-,0
2026-08-07 15:23:00+00:00,1.5587351721386262e-06,1e-10,-,0
2026-08-07 15:24:00+00:00,4.567069461869089e-07,1.2460366382976564e-06,-,0
2026-08-07 15:25:00+00:00,3.9457458185428843e-07,1e-10,-,0
2026-08-07 15:26:00+00:00,1.753199817712254e-06,1.815767009887251e-06,-,0
2026-08-07 15:27:00+00:00,6.905845037257113e-07,1e-10,-,0
2026-08-07 15:28:00+00:00,1e-10,1e-10,-,0
2026-08-07 15:29:00+00:00,1e-10,1e-10,-,0
2026-08-07 15:30:00+00:00,6.405064027558046e-07,2.1515273596016072e-08,-,0
2026-08-07 15:31:00+00:00,5.84246025633204e-07,1.8584421012473487e-06,-,0
2026-08-07 15:32:00+00:00,1.231524221053644e-06,1.4779418610034857e-06,-,0
2026-08-07 15:33:00+00:00,4.352425787697277e-07,2.1931442927110282e-06,-,0
2026-08-07 15:34:00+00:00,7.817676388988391e-07,2.5547733735441174e-06,-,0
2026-08-07 15:35:00+00:00,4.1191077947758344e-07,1e-10,-,0
2026-08-07 15:36:00+00:00,1.0916443498058545e-06,1e-10,-,0
2026-08-07 15:37:00+00:00,8.568891843529922e-07,1.902965417010657e-07,-,0
2026-08-07 15:38:00+00:00,1e-10,3.7049778951235855e-07,-,0
2026-08-07 15:39:00+00:00,1e-10,1e-10,-,0
2026-08-07 15:40:00+00:00,3.850424725617368e-07,8.938040368752965e-07,-,0
2026-08-07 15:41:00+00:00,1.5221469123002033e-07,1e-10,-,0
2026-08-07 15:42:00+00:00,1.481128463517561e-06,1e-10,-,0
2026-08-07 15:43:00+00:00,2.6272695539106674e-07,8.357364965139288e-07,-,0
2026-08-07 15:44:00+00:00,1e-10,5.367127559066398e-07,-,0
2026-08-07 15:45:00+00:00,1e-10,9.054965709590445e-08,-,0
2026-08-07 15:46:00+00:00,1e-10,2.7745460857462014e-07,-,0
2026-08-07 15:47:00+00:00,8.269785204298892e-07,7.39359366700025e-07,-,0
2026-08-07 15:48:00+00:00,1e-10,1e-10,-,0
2026-08-07 15:49:00+00:00,7.496027521499724e-07,3.735827592090148e-07,C,1
2026-08-07 15:50:00+00:00,1e-10,2.4340318198660873e-09,C,1
2026-08-07 15:51:00+00:00,2.0098592718466316e-07,1.6154398458140858e-07,C,1
2026-08-07 15:52:00+00:00,4.907975765314992e-07,1.2992532065851794e-06,C,1
2026-08-07 15:53:00+00:00,1e-10,3.283746771858328e-07,C,1
2026-08-07 15:54:00+00:00,4.666914508946309e-07,1.5976227110850634e-06,C,1
2026-08-07 15:55:00+00:00,1.8168255393684614e-06,1e-10,C,1
2026-08-07 15:56:00+00:00,1e-10,1e-10,C,1
2026-08-07 15:57:00+00:00,1.0975433507666171e-07,1e-10,C,1
2026-08-07 15:58:00+00:00,3.111066763133109e-07,1e-10,C,1
2026-08-07 15:59:00+00:00,1.306763460675137e-07,1e-10,C,1
2026-08-07 16:00:00+00:00,5.484317114366776e-08,5.376901867678779e-07,C,1
2026-08-07 16:01:00+00:00,1e-10,1e-10,C,1
2026-08-07 16:02:00+00:00,1e-10,1e-10,C,1
2026-08-07 16:03:00+00:00,5.269492101798709e-07,3.918000877910958e-07,C,1
2026-08-07 16:04:00+00:00,1e-10,1e-10,C,1
2026-08-07 16:05:00+00:00,4.459111512573647e-07,1e-10,C,1
2026-08-07 16:06:00+00:00,8.056965209087631e-07,1e-10,C,1
2026-08-07 16:07:00+00:00,4.807346854692029e-07,4.481386844526139e-07,C,1
2026-08-07 16:08:00+00:00,1e-10,1e-10,C,1
2026-08-07 16:09:00+00:00,3.8320772841276283e-07,1.1519296847874201e-07,C,1
2026-08-07 16:10:00+00:00,1e-10,8.436574864658275e-07,C,1
2026-08-07 16:11:00+00:00,1e-10,5.331321166655266e-07,C,1
2026-08-07 16:12:00+00:00,2.324490564225696e-06,1.937637500100608e-06,C,1
2026-08-07 16:13:00+00:00,1e-10,1.9047318571290565e-07,C,1
2026-08-07 16:14:00+00:00,6.074127744215143e-07,1.5970224513938493e-06,C,1
2026-08-07 16:15:00+00:00,1.7649656499097499e-06,7.034585609807038e-07,C,1
2026-08-07 16:16:00+00:00,5.318008049766988e-07,1e-10,C,1
2026-08-07 16:17:00+00:00,1e-10,1e-10,C,1
2026-08-07 16:18:00+00:00,1e-10,1.8748734655380735e-07,C,1
2026-08-07 16:19:00+00:00,1e-10,1e-10,C,1
2026-08-07 16:20:00+00:00,4.510579792437531e-07,1e-10,C,1
2026-08-07 16:21:00+00:00,6.084647830728374e-07,1e-10,C,1
2026-08-07 16:22:00+00:00,3.2455967322557474e-07,1.3239820667057558e-06,C,1
2026-08-07 16:23:00+00:00,2.327096279687625e-06,1e-10,C,1
2026-08-07 16:24:00+00:00,9.611441391570466e-07,5.016241386185477e-07,C,1
2026-08-07 16:25:00+00:00,1e-10,1e-10,C,1
2026-08-07 16:26:00+00:00,3.2183665048299487e-06,1.0607069855336628e-06,C,1
2026-08-07 16:27:00+00:00,7.366465268114161e-07,2.0641075933909296e-06,C,1
2026-08-07 16:28:00+00:00,2.922450162597241e-06,1.3327470267720494e-08,C,1
2026-08-07 16:29:00+00:00,3.3534303112666844e-06,2.6709653323836576e-06,C,1
2026-08-07 16:30:00+00:00,2.504133763255154e-06,7.664648018748943e-06,C,2
2026-08-07 16:31:00+00:00,4.3485627397933774e-06,4.9736141357547845e-06,C,2
2026-08-07 16:32:00+00:00,3.8970962660634006e-06,6.160186401261247e-06,C,2
2026-08-07 16:33:00+00:00,3.478121094729741e-06,7.023334240789624e-06,C,2
2026-08-07 16:34:00+00:00,1.910559765535617e-06,4.481813680412244e-06,C,2
2026-08-07 16:35:00+00:00,2.296422420359258e-06,4.818058001649062e-06,C,2
2026-08-07 16:36:00+00:00,7.421810151839936e-06,5.256579509069069e-06,C,2
2026-08-07 16:37:00+00:00,5.313390397676552e-06,1.9386821188255915e-06,C,2
2026-08-07 16:38:00+00:00,5.577804625480901e-06,1.6952987753307429e-06,C,2
2026-08-07 16:39:00+00:00,6.342177964173223e-06,4.145209135494977e-06,C,2
2026-08-07 16:40:00+00:00,2.9496511422938835e-06,4.327082280209478e-06,C,2
2026-08-07 16:41:00+00:00,3.515980723945499e-06,2.0185087477852778e-06,C,2
2026-08-07 16:42:00+00:00,1.8577572251261757e-06,3.265103381174526e-06,C,2
2026-08-07 16:43:00+00:00,2.6738117110500566e-06,3.4591495133789807e-06,C,3
2026-08-07 16:44:00+00:00,2.8085627571421368e-06,2.14188791443179e-06,C,3
2026-08-07 16:45:00+00:00,3.0785829919157636e-06,1.5976788779710078e-06,C,3
2026-08-07 16:46:00+00:00,4.0842750410786474e-06,1.7706864720632002e-06,C,3
2026-08-07 16:47:00+00:00,4.0758167525045096e-06,2.0470640901691824e-06,C,3
2026-08-07 16:48:00+00:00,3.639413239361127e-06,1e-10,C,3
2026-08-07 16:49:00+00:00,1.2019438649519212e-06,4.988144758526151e-07,C,3
2026-08-07 16:50:00+00:00,2.4825411112541515e-06,1e-10,C,3
2026-08-07 16:51:00+00:00,2.658454892940583e-06,1e-10,C,3
2026-08-07 16:52:00+00:00,4.2058980013610195e-06,7.915857266957347e-07,C,3
2026-08-07 16:53:00+00:00,2.386457632182164e-06,3.09262374863333e-07,C,3
2026-08-07 16:54:00+00:00,2.0413926499417193e-06,4.107505364381201e-07,C,3
2026-08-07 16:55:00+00:00,3.237654131658885e-06,1.3189971336180772e-07,C,3
2026-08-07 16:56:00+00:00,1.703831138406118e-06,6.644620797307952e-08,C,3
2026-08-07 16:57:00+00:00,2.6595546051590125e-06,2.0258908385163305e-07,C,3
2026-08-07 16:58:00+00:00,2.4966630713773233e-06,1.9209931883035984e-06,C,3
2026-08-07 16:59:00+00:00,1.2294872991042706e-06,8.806370481053699e-07,C,3
2026-08-07 17:00:00+00:00,1.0456535973510855e-06,1e-10,C,3
2026-08-07 17:01:00+00:00,1.4526350798506423e-06,1e-10,C,3
2026-08-07 17:02:00+00:00,1.134938556990417e-06,8.784689204121657e-07,C,3
2026-08-07 17:03:00+00:00,1e-10,1e-10,C,3
2026-08-07 17:04:00+00:00,2.2385953763116817e-06,6.65667365120542e-07,C,3
2026-08-07 17:05:00+00:00,2.0526765533652802e-06,4.772269594300373e-08,C,3
2026-08-07 17:06:00+00:00,5.331279566620895e-07,3.0035723651728144e-07,C,3
2026-08-07 17:07:00+00:00,2.8225124712525e-07,1.4789092760205767e-06,C,3
2026-08-07 17:08:00+00:00,1.935840058692557e-06,5.006353919585454e-07,C,3
2026-08-07 17:09:00+00:00,3.229918305220059e-06,2.205969202488034e-06,C,3
2026-08-07 17:10:00+00:00,2.2782864121590754e-06,1e-10,C,3
2026-08-07 17:11:00+00:00,2.3417739695907272e-06,1e-10,C,3
2026-08-07 17:12:00+00:00,5.927833267141173e-07,4.808383266580063e-07,C,3
2026-08-07 17:13:00+00:00,1.6371406912215733e-06,1e-10,C,3
2026-08-07 17:14:00+00:00,8.552732233415476e-07,1.7640862136579978e-07,C,3
2026-08-07 17:15:00+00:00,2.1611239861941848e-07,4.2543338427964254e-07,C,3
2026-08-07 17:16:00+00:00,1.1027693379693999e-06,1e-10,C,3
2026-08-07 17:17:00+00:00,1e-10,1e-10,C,3
2026-08-07 17:18:00+00:00,3.390037276973852e-08,8.203040002361886e-07,C,3
2026-08-07 17:19:00+00:00,3.6000080859573046e-07,1e-10,C,3
2026-08-07 17:20:00+00:00,4.396195326691435e-07,1e-10,C,3
2026-08-07 17:21:00+00:00,7.047120776929671e-07,1e-10,C,3
2026-08-07 17:22:00+00:00,1e-10,1e-10,C,3
2026-08-07 17:23:00+00:00,1e-10,8.875855410226701e-07,C,3
2026-08-07 17:24:00+00:00,2.3642912774790776e-06,7.575350358041809e-07,C,3
2026-08-07 17:25:00+00:00,6.303398164123962e-07,2.7628184558024034e-07,C,3
2026-08-07 17:26:00+00:00,1.2646330906724583e-06,6.455029558528413e-07,C,3
2026-08-07 17:27:00+00:00,1.1012235755941049e-06,1e-10,C,3
2026-08-07 17:28:00+00:00,5.376139276759877e-07,1e-10,C,3
2026-08-07 17:29:00+00:00,1e-10,4.027210634362934e-06,C,3
2026-08-07 17:30:00+00:00,1e-10,1.7864901767333112e-07,C,3
2026-08-07 17:31:00+00:00,2.648338800726977e-06,9.905382011993033e-07,C,3
2026-08-07 17:32:00+00:00,1e-10,1e-10,C,3
2026-08-07 17:33:00+00:00,2.381836871124901e-06,8.282059704791303e-07,C,3
2026-08-07 17:34:00+00:00,1.6629943363618184e-08,1e-10,C,3
2026-08-07 17:35:00+00:00,1.2825716489507104e-07,1e-10,C,3
2026-08-07 17:36:00+00:00,5.503218395735275e-07,1.9720574210844273e-06,C,3
2026-08-07 17:37:00+00:00,2.0289154740888907e-07,1.7294627991224415e-06,C,3
2026-08-07 17:38:00+00:00,1e-10,1e-10,C,3
2026-08-07 17:39:00+00:00,3.89292717189263e-07,2.8323570844756864e-07,C,3
2026-08-07 17:40:00+00:00,1e-10,1e-10,C,3
2026-08-07 17:41:00+00:00,8.148455184224591e-07,1e-10,C,3
2026-08-07 17:42:00+00:00,6.492264861588797e-07,1.1322397695502062e-07,C,3
2026-08-07 17:43:00+00:00,1.1288246022962201e-06,2.8547951766930006e-07,C,3
2026-08-07 17:44:00+00:00,1e-10,1.1829257998820694e-06,C,3
2026-08-07 17:45:00+00:00,1.1149990834098831e-06,6.761675806419697e-07,C,3
2026-08-07 17:46:00+00:00,8.191234942255901e-07,1e-10,C,3
2026-08-07 17:47:00+00:00,4.744482220130142e-07,1e-10,C,3
2026-08-07 17:48:00+00:00,2.502397717495537e-06,1e-10,C,3
2026-08-07 17:49:00+00:00,8.00107612201478e-07,1e-10,C,3
2026-08-07 17:50:00+00:00,1e-10,1e-10,C,3
2026-08-07 17:51:00+00:00,1.9590815899102576e-06,5.164898998467238e-07,C,3
2026-08-07 17:52:00+00:00,8.231777975841231e-07,3.852663281038882e-07,C,3
2026-08-07 17:53:00+00:00,2.217416060887136e-06,1e-10,C,3
2026-08-07 17:54:00+00:00,1e-10,4.787977614811985e-07,C,3
2026-08-07 17:55:00+00:00,1e-10,1.5872248348488222e-06,C,3
2026-08-07 17:56:00+00:00,1e-10,4.755997679304393e-07,C,3
2026-08-07 17:57:00+00:00,1e-10,4.376950550179656e-07,C,3
2026-08-07 17:58:00+00:00,3.968501036899727e-07,1e-10,C,3
2026-08-07 17:59:00+00:00,1e-10,2.14980493843759e-07,C,3
2026-08-07 18:00:00+00:00,1e-10,1.7376748857064659e-06,C,3
2026-08-07 18:01:00+00:00,1e-10,1e-10,C,3
2026-08-07 18:02:00+00:00,1.7155414668890051e-06,1e-10,C,3
2026-08-07 18:03:00+00:00,1.1609075153600547e-06,1.3993531230770935e-06,C,3
2026-08-07 18:04:00+00:00,1e-10,1e-10,C,3
2026-08-07 18:05:00+00:00,1e-10,7.140440116063541e-07,C,3
2026-08-07 18:06:00+00:00,1.1046106428370554e-06,2.8881849553589187e-07,C,3
2026-08-07 18:07:00+00:00,1e-10,6.346039573554374e-07,C,3
2026-08-07 18:08:00+00:00,8.240541915895844e-07,9.910371524121072e-07,C,3
2026-08-07 18:09:00+00:00,1e-10,1.4814511042194298e-06,C,3
2026-08-07 18:10:00+00:00,1.965308431261644e-06,1.242983629743726e-06,C,3
2026-08-07 18:11:00+00:00,9.050309889576259e-07,1.6874145830404056e-06,C,3
2026-08-07 18:12:00+00:00,1e-10,1e-10,C,3
2026-08-07 18:13:00+00:00,1e-10,1e-10,C,3
2026-08-07 18:14:00+00:00,4.858118050986287e-07,1e-10,C,3
2026-08-07 18:15:00+00:00,1e-10,3.2741853558818204e-06,C,3
2026-08-07 18:16:00+00:00,6.767459000336806e-08,1e-10,C,3
2026-08-07 18:17:00+00:00,6.381651943919217e-07,1e-10,C,3
2026-08-07 18:18:00+00:00,1e-10,3.040283705794108e-06,C,3
2026-08-07 18:19:00+00:00,9.417555884352009e-07,2.9185511648272464e-07,C,3
2026-08-07 18:20:00+00:00,1e-10,1e-10,-,0
2026-08-07 18:21:00+00:00,1.1304437365691622e-06,1e-10,-,0
2026-08-07 18:22:00+00:00,1e-10,2.391786399054383e-07,-,0
2026-08-07 18:23:00+00:00,1e-10,9.233305086460694e-07,-,0
2026-08-07 18:24:00+00:00,1e-10,8.386561788310155e-07,-,0
2026-08-07 18:25:00+00:00,1e-10,1.089426786214013e-06,-,0
2026-08-07 18:26:00+00:00,1e-10,1e-10,-,0
2026-08-07 18:27:00+00:00,1.257459131523699e-06,1e-10,-,0
2026-08-07 18:28:00+00:00,1e-10,7.26578357273726e-08,-,0
2026-08-07 18:29:00+00:00,1e-10,1.349962500929902e-06,-,0
2026-08-07 18:30:00+00:00,1e-10,1e-10,-,0
2026-08-07 18:31:00+00:00,1e-10,1e-10,-,0
2026-08-07 18:32:00+00:00,4.653477110694419e-07,1.0309412784414394e-06,-,0
2026-08-07 18:33:00+00:00,7.192468366612769e-07,1e-10,-,0
2026-08-07 18:34:00+00:00,9.047836254943741e-07,1e-10,-,0
2026-08-07 18:35:00+00:00,1e-10,9.555641215372158e-07,-,0
2026-08-07 18:36:00+00:00,1e-10,9.215500115645045e-07,-,0
2026-08-07 18:37:00+00:00,1e-10,1e-10,-,0
2026-08-07 18:38:00+00:00,1e-10,1.088245571986378e-06,-,0
2026-08-07 18:39:00+00:00,1e-10,1.6133484357577622e-06,-,0
2026-08-07 18:40:00+00:00,1.8505786365123322e-06,8.155565598012872e-07,-,0
2026-08-07 18:41:00+00:00,1e-10,1e-10,-,0
2026-08-07 18:42:00+00:00,1e-10,6.050552972589116e-07,-,0
2026-08-07 18:43:00+00:00,1e-10,1e-10,-,0
2026-08-07 18:44:00+00:00,1e-10,1.2845734444118924e-06,-,0
2026-08-07 18:45:00+00:00,1e-10,1.7781210259270082e-06,-,0
2026-08-07 18:46:00+00:00,1e-10,1e-10,-,0
2026-08-07 18:47:00+00:00,2.1344523142371075e-06,9.544796518475612e-07,-,0
2026-08-07 18:48:00+00:00,6.584163125191189e-07,1.2184330369039193e-06,-,0
2026-08-07 18:49:00+00:00,1e-10,1e-10,-,0
2026-08-07 18:50:00+00:00,1e-10,1e-10,-,0
2026-08-07 18:51:00+00:00,1.4191736000898074e-06,2.4584448871731505e-07,-,0
2026-08-07 18:52:00+00:00,1e-10,1e-10,-,0
2026-08-07 18:53:00+00:00,1e-10,1.8836905641914626e-06,-,0
2026-08-07 18:54:00+00:00,5.775462824312923e-07,7.545489949740289e-07,-,0
2026-08-07 18:55:00+00:00,1e-10,1e-10,-,0
2026-08-07 18:56:00+00:00,1e-10,1.1399141983941138e-06,-,0
2026-08-07 18:57:00+00:00,1e-10,1e-10,-,0
2026-08-07 18:58:00+00:00,5.099359708103443e-07,1.3515649585554654e-06,-,0
2026-08-07 18:59:00+00:00,1e-10,3.2450887023635503e-07,-,0
2026-08-07 19:00:00+00:00,1e-10,3.4493330981682933e-07,-,0
2026-08-07 19:01:00+00:00,5.637929100767244e-07,1e-10,-,0
2026-08-07 19:02:00+00:00,1e-10,1e-10,-,0
2026-08-07 19:03:00+00:00,1e-10,6.741572290587368e-07,-,0
2026-08-07 19:04:00+00:00,1e-10,1e-10,-,0
2026-08-07 19:05:00+00:00,6.813607109293157e-08,1e-10,-,0
2026-08-07 19:06:00+00:00,1e-10,1.2281771656535965e-06,-,0
2026-08-07 19:07:00+00:00,1.5988569034381728e-07,6.100310067610761e-07,-,0
2026-08-07 19:08:00+00:00,1.2719491696931129e-06,1e-10,-,0
2026-08-07 19:09:00+00:00,1e-10,1.3308873166836997e-07,-,0
2026-08-07 19:10:00+00:00,2.989687774951113e-06,6.273880728256564e-08,-,0
2026-08-07 19:11:00+00:00,3.465226266302676e-07,1e-10,-,0
2026-08-07 19:12:00+00:00,1e-10,2.5304951068179024e-07,-,0
2026-08-07 19:13:00+00:00,1e-10,1e-10,-,0
2026-08-07 19:14:00+00:00,1e-10,1.0170614004823469e-06,-,0
2026-08-07 19:15:00+00:00,1e-10,4.7575008927402565e-07,-,0
2026-08-07 19:16:00+00:00,8.698093553058135e-07,1e-10,-,0
2026-08-07 19:17:00+00:00,1e-10,1e-10,-,0
2026-08-07 19:18:00+00:00,5.104417184909191e-07,4.954128058750884e-07,-,0
2026-08-07 19:19:00+00:00,7.721953002446288e-08,1e-10,-,0
2026-08-07 19:20:00+00:00,1.1115250850294927e-06,1e-10,-,0
2026-08-07 19:21:00+00:00,1.1954603001362667e-06,1e-10,-,0
2026-08-07 19:22:00+00:00,3.998537422176957e-07,1e-10,-,0
2026-08-07 19:23:00+00:00,8.773353094715865e-07,1.1129710770749203e-06,-,0
2026-08-07 19:24:00+00:00,1.275747856541509e-06,1e-10,-,0
2026-08-07 19:25:00+00:00,6.232533844457319e-07,1e-10,-,0
2026-08-07 19:26:00+00:00,3.3858978687300963e-07,1e-10,-,0
2026-08-07 19:27:00+00:00,4.812346614653425e-07,1e-10,-,0
2026-08-07 19:28:00+00:00,1.812970710251756e-06,1e-10,-,0
2026-08-07 19:29:00+00:00,1.5365654803078513e-07,1e-10,-,0
2026-08-07 19:30:00+00:00,8.37350319600302e-07,2.8939286640370357e-07,-,0
2026-08-07 19:31:00+00:00,1e-10,1e-10,-,0
2026-08-07 19:32:00+00:00,1.6892100255448714e-06,1e-10,-,0
2026-08-07 19:33:00+00:00,5.258002572535994e-07,1e-10,-,0
2026-08-07 19:34:00+00:00,1e-10,2.560078993330437e-06,-,0
2026-08-07 19:35:00+00:00,1e-10,1.6986419380524058e-07,-,0
2026-08-07 19:36:00+00:00,1e-10,1.7683581895174735e-06,-,0
2026-08-07 19:37:00+00:00,3.4292444501054905e-08,1e-10,-,0
2026-08-07 19:38:00+00:00,2.6277871413514053e-07,1.4285586172753514e-07,-,0
2026-08-07 19:39:00+00:00,1e-10,5.749537400887696e-07,-,0
2026-08-07 19:40:00+00:00,1e-10,1e-10,-,0
2026-08-07 19:41:00+00:00,1.9937551105008966e-06,1.431532137509029e-07,-,0
2026-08-07 19:42:00+00:00,3.2175600275185105e-07,2.71127719873178e-07,-,0
2026-08-07 19:43:00+00:00,3.28979616223628e-07,1e-10,-,0
2026-08-07 19:44:00+00:00,1e-10,1e-10,-,0
2026-08-07 19:45:00+00:00,1.0330100474894675e-06,1.161535988061113e-06,-,0
2026-08-07 19:46:00+00:00,8.525449465176953e-08,1e-10,-,0
2026-08-07 19:47:00+00:00,1e-10,1.9546467660848976e-06,-,0
2026-08-07 19:48:00+00:00,1e-10,6.605116839493303e-07,-,0
2026-08-07 19:49:00+00:00,1.414655118083524e-06,1e-10,-,0
2026-08-07 19:50:00+00:00,2.515022134081659e-07,1.0247315295402038e-06,-,0
2026-08-07 19:51:00+00:00,1e-10,9.512887572517658e-07,-,0
2026-08-07 19:52:00+00:00,1e-10,3.802011536417028e-07,-,0
2026-08-07 19:53:00+00:00,1e-10,1e-10,-,0
2026-08-07 19:54:00+00:00,1.2263709626403164e-06,1e-10,-,0
2026-08-07 19:55:00+00:00,1e-10,1e-10,-,0
2026-08-07 19:56:00+00:00,7.67630466911229e-07,1.0056561427131278e-07,-,0
2026-08-07 19:57:00+00:00,8.105088467537279e-07,5.663462171595937e-07,-,0
2026-08-07 19:58:00+00:00,2.6665305412781053e-07,1.0567376046524206e-07,-,0
2026-08-07 19:59:00+00:00,1e-10,4.892176911656311e-07,-,0
2026-08-07 20:00:00+00:00,1e-10,1e-10,-,0
2026-08-07 20:01:00+00:00,7.619318335691748e-07,7.433373975987744e-07,-,0
2026-08-07 20:02:00+00:00,1e-10,2.4477160323719576e-06,-,0
2026-08-07 20:03:00+00:00,2.1570473917547295e-07,2.14716436388251e-07,-,0
2026-08-07 20:04:00+00:00,8.720259729428056e-08,1e-10,-,0
2026-08-07 20:05:00+00:00,8.806377244249785e-07,2.300773164608188e-08,-,0
2026-08-07 20:06:00+00:00,1e-10,9.385534814782165e-07,-,0
2026-08-07 20:07:00+00:00,1e-10,1e-10,-,0
2026-08-07 20:08:00+00:00,6.205948797016099e-07,9.215592338900117e-07,-,0
2026-08-07 20:09:00+00:00,1e-10,1.05808580204582e-06,-,0
2026-08-07 20:10:00+00:00,1e-10,2.0287564038328654e-06,-,0
2026-08-07 20:11:00+00:00,2.173988063562078e-08,5.485419736047974e-07,-,0
2026-08-07 20:12:00+00:00,2.0282154210448036e-06,1.5406867885034532e-07,-,0
2026-08-07 20:13:00+00:00,6.382241086589483e-07,4.263483536909864e-07,-,0
2026-08-07 20:14:00+00:00,1e-10,3.565260165068259e-08,-,0
2026-08-07 20:15:00+00:00,5.507513371718359e-07,2.4681315560790076e-07,-,0
2026-08-07 20:16:00+00:00,1.1142158647802184e-06,1.5764656959159868e-06,-,0
2026-08-07 20:17:00+00:00,1e-10,1e-10,-,0
2026-08-07 20:18:00+00:00,1e-10,1e-10,-,0
2026-08-07 20:19:00+00:00,1.4678940393619055e-06,1.9091005204224742e-07,-,0
2026-08-07 20:20:00+00:00,1e-10,2.5364437835448613e-07,-,0
2026-08-07 20:21:00+00:00,1e-10,1.1481266434424623e-06,-,0
2026-08-07 20:22:00+00:00,1e-10,1e-10,-,0
2026-08-07 20:23:00+00:00,1e-10,1e-10,-,0
2026-08-07 20:24:00+00:00,1.5488691702122723e-06,1e-10,-,0
2026-08-07 20:25:00+00:00,1.3818562223370826e-06,1e-10,-,0
2026-08-07 20:26:00+00:00,1e-10,1e-10,-,0
2026-08-07 20:27:00+00:00,1e-10,1e-10,-,0
2026-08-07 20:28:00+00:00,1.437649327434673e-06,1e-10,-,0
2026-08-07 20:29:00+00:00,8.845943423256435e-07,9.467359567376468e-07,-,0
2026-08-07 20:30:00+00:00,7.88472695734483e-09,2.4898240989798484e-07,-,0
2026-08-07 20:31:00+00:00,7.52308169971678e-07,2.372193731135468e-06,-,0
2026-08-07 20:32:00+00:00,7.455215845216419e-07,1e-10,-,0
2026-08-07 20:33:00+00:00,1e-10,2.206952970699907e-06,-,0
2026-08-07 20:34:00+00:00,1e-10,1e-10,-,0
2026-08-07 20:35:00+00:00,3.4775866938280925e-08,1e-10,-,0
2026-08-07 20:36:00+00:00,1e-10,1e-10,-,0
2026-08-07 20:37:00+00:00,1e-10,1e-10,-,0
2026-08-07 20:38:00+00:00,1e-10,1.0251711167543135e-06,-,0
2026-08-07 20:39:00+00:00,2.1731318218745983e-07,3.1343098627912107e-07,-,0
2026-08-07 20:40:00+00:00,1e-10,1e-10,-,0
2026-08-07 20:41:00+00:00,5.032758585748161e-07,1.2798920802341287e-06,-,0
2026-08-07 20:42:00+00:00,2.749096998703847e-07,1.4677722017774258e-07,-,0
2026-08-07 20:43:00+00:00,1e-10,1e-10,-,0
2026-08-07 20:44:00+00:00,5.491145379011984e-07,1.451542492029618e-06,-,0
2026-08-07 20:45:00+00:00,6.866241678440379e-07,1e-10,-,0
2026-08-07 20:46:00+00:00,1e-10,1e-10,-,0
2026-08-07 20:47:00+00:00,6.638119904157436e-08,1e-10,-,0
2026-08-07 20:48:00+00:00,1e-10,3.838333255932718e-07,-,0
2026-08-07 20:49:00+00:00,1e-10,1e-10,-,0
2026-08-07 20:50:00+00:00,1.776351667153167e-06,1e-10,-,0
2026-08-07 20:51:00+00:00,1e-10,1e-10,-,0
2026-08-07 20:52:00+00:00,1.9781107954790422e-08,1.1152266229276124e-06,-,0
2026-08-07 20:53:00+00:00,1e-10,3.771952055265987e-09,-,0
2026-08-07 20:54:00+00:00,4.366176936007916e-07,1.2557842203105704e-06,-,0
2026-08-07 20:55:00+00:00,1e-10,5.876594496218279e-07,-,0
2026-08-07 20:56:00+00:00,1e-10,1e-10,-,0
2026-08-07 20:57:00+00:00,1.0633642886937762e-06,1e-10,-,0
2026-08-07 20:58:00+00:00,1e-10,2.2053121672850225e-07,-,0
2026-08-07 20:59:00+00:00,2.3212290496671038e-07,2.2662141546163775e-07,-,0
2026-08-07 21:00:00+00:00,1e-10,1.365834987089979e-07,-,0
2026-08-07 21:01:00+00:00,1e-10,2.3660296081260273e-07,-,0
2026-08-07 21:02:00+00:00,1e-10,1e-10,-,0
2026-08-07 21:03:00+00:00,1e-10,1e-10,-,0
2026-08-07 21:04:00+00:00,1e-10,1e-10,-,0
2026-08-07 21:05:00+00:00,2.903839731196438e-06,1e-10,-,0
2026-08-07 21:06:00+00:00,6.304372436078272e-07,8.395903922032307e-07,-,0
2026-08-07 21:07:00+00:00,6.545714566676777e-07,1e-10,-,0
2026-08-07 21:08:00+00:00,1e-10,1e-10,-,0
2026-08-07 21:09:00+00:00,1e-10,1e-10,-,0
2026-08-07 21:10:00+00:00,1e-10,3.140360500504631e-07,-,0
2026-08-07 21:11:00+00:00,1e-10,1e-10,-,0
2026-08-07 21:12:00+00:00,1e-10,1e-10,-,0
2026-08-07 21:13:00+00:00,2.0123627386148575e-06,1.2381765330384605e-06,-,0
2026-08-07 21:14:00+00:00,1e-10,2.669560894182304e-07,-,0
2026-08-07 21:15:00+00:00,1e-10,1.299164410266094e-06,-,0
2026-08-07 21:16:00+00:00,1.645657610695519e-07,1e-10,-,0
2026-08-07 21:17:00+00:00,1e-10,5.534412601292887e-07,-,0
2026-08-07 21:18:00+00:00,1e-10,1e-10,-,0
2026-08-07 21:19:00+00:00,1.72740213957318e-06,1e-10,-,0
2026-08-07 21:20:00+00:00,1e-10,4.556101194573559e-08,-,0
2026-08-07 21:21:00+00:00,8.388134388219785e-09,1e-10,-,0
2026-08-07 21:22:00+00:00,1.4161404241485615e-07,9.754892961653224e-07,-,0
2026-08-07 21:23:00+00:00,1e-10,1.0412051560972279e-06,-,0
2026-08-07 21:24:00+00:00,1e-10,3.5425284215329785e-07,-,0
2026-08-07 21:25:00+00:00,2.5404793485861935e-06,1e-10,-,0
2026-08-07 21:26:00+00:00,1e-10,1e-10,-,0
2026-08-07 21:27:00+00:00,1e-10,6.250432331335272e-07,-,0
2026-08-07 21:28:00+00:00,5.736668833030017e-07,4.592270385987643e-07,-,0
2026-08-07 21:29:00+00:00,1e-10,1e-10,-,0
2026-08-07 21:30:00+00:00,1.1604824284190968e-06,1e-10,-,0
2026-08-07 21:31:00+00:00,1e-10,4.277506003778342e-07,-,0
2026-08-07 21:32:00+00:00,1.7267436554673415e-07,1e-10,-,0
2026-08-07 21:33:00+00:00,3.5433770651813506e-07,6.450763628155996e-07,-,0
2026-08-07 21:34:00+00:00,1e-10,1e-10,-,0
2026-08-07 21:35:00+00:00,1.0422570466466946e-06,1e-10,-,0
2026-08-07 21:36:00+00:00,7.483890492447049e-07,1e-10,-,0
2026-08-07 21:37:00+00:00,5.972957490358531e-07,1e-10,-,0
2026-08-07 21:38:00+00:00,1e-10,2.6875613796712326e-06,-,0
2026-08-07 21:39:00+00:00,1e-10,1e-10,-,0
2026-08-07 21:40:00+00:00,1e-10,1e-10,-,0
2026-08-07 21:41:00+00:00,1.9532456519872223e-06,8.156529111181169e-07,-,0
2026-08-07 21:42:00+00:00,1e-10,5.099341444671631e-07,-,0
2026-08-07 21:43:00+00:00,1e-10,1.0419401979323598e-07,-,0
2026-08-07 21:44:00+00:00,1.2220111312488877e-06,1e-10,-,0
2026-08-07 21:45:00+00:00,1e-10,1e-10,-,0
2026-08-07 21:46:00+00:00,1e-10,1e-10,-,0
2026-08-07 21:47:00+00:00,1.8833185201816558e-06,1e-10,-,0
2026-08-07 21:48:00+00:00,4.36015487857621e-07,1e-10,-,0
2026-08-07 21:49:00+00:00,9.80897422646028e-07,8.982640090727057e-07,-,0
2026-08-07 21:50:00+00:00,8.300602266192522e-07,1.0394638979620551e-06,-,0
2026-08-07 21:51:00+00:00,1.5804087779479456e-07,1.2935397295068865e-06,-,0
2026-08-07 21:52:00+00:00,1.3025220192448954e-07,1e-10,-,0
2026-08-07 21:53:00+00:00,1.0106642518384387e-06,1.167081506935935e-06,-,0
2026-08-07 21:54:00+00:00,1e-10,1e-10,-,0
2026-08-07 21:55:00+00:00,1.949966065973367e-06,1e-10,-,0
2026-08-07 21:56:00+00:00,1e-10,9.695810141956258e-07,-,0
2026-08-07 21:57:00+00:00,1.1624815233744405e-06,1e-10,-,0
2026-08-07 21:58:00+00:00,5.846895915224555e-07,1e-10,-,0
2026-08-07 21:59:00+00:00,1e-10,1e-10,-,0
2026-08-07 22:00:00+00:00,5.654469219262362e-07,1.8511608091382813e-06,-,0
2026-08-07 22:01:00+00:00,1.6946211151086094e-07,1.9095265712534145e-06,-,0
2026-08-07 22:02:00+00:00,1e-10,1.3193151969423166e-06,-,0
2026-08-07 22:03:00+00:00,1e-10,1e-10,-,0
2026-08-07 22:04:00+00:00,1e-10,1.2032120199971267e-08,-,0
2026-08-07 22:05:00+00:00,5.905611868487677e-07,2.5069703384573568e-06,-,0
2026-08-07 22:06:00+00:00,1e-10,1.015035098110873e-06,-,0
2026-08-07 22:07:00+00:00,9.994455982397177e-07,1e-10,-,0
2026-08-07 22:08:00+00:00,1e-10,9.071696986460168e-07,-,0
2026-08-07 22:09:00+00:00,1e-10,1e-10,-,0
2026-08-07 22:10:00+00:00,1e-10,1e-10,-,0
2026-08-07 22:11:00+00:00,2.2680613596280716e-06,8.418743977228809e-07,-,0
2026-08-07 22:12:00+00:00,3.381502589886913e-06,1e-10,-,0
2026-08-07 22:13:00+00:00,2.2442734287514847e-06,1e-10,-,0
2026-08-07 22:14:00+00:00,1e-10,1.2130855824904777e-06,-,0
2026-08-07 22:15:00+00:00,1e-10,8.504594676632031e-07,-,0
2026-08-07 22:16:00+00:00,1e-10,3.8137471409897335e-07,-,0
2026-08-07 22:17:00+00:00,8.851041811487722e-07,2.361820157469225e-06,-,0
2026-08-07 22:18:00+00:00,2.362059465679892e-06,2.4906806408781785e-07,-,0
2026-08-07 22:19:00+00:00,1.028308040784429e-06,3.7005563561872857e-07,-,0
2026-08-07 22:20:00+00:00,2.391183172769836e-07,1e-10,-,0
2026-08-07 22:21:00+00:00,1e-10,1e-10,-,0
2026-08-07 22:22:00+00:00,1e-10,1e-10,-,0
2026-08-07 22:23:00+00:00,1.2939861212488937e-07,9.729757457114923e-07,-,0
2026-08-07 22:24:00+00:00,1.0047679292626775e-06,1e-10,-,0
2026-08-07 22:25:00+00:00,1e-10,2.897051231339182e-06,-,0
2026-08-07 22:26:00+00:00,4.734189379949676e-07,1e-10,-,0
2026-08-07 22:27:00+00:00,3.326227920253862e-07,1e-10,-,0
2026-08-07 22:28:00+00:00,1.4156850367480604e-07,3.824734601094371e-07,-,0
2026-08-07 22:29:00+00:00,1e-10,1e-10,-,0
2026-08-07 22:30:00+00:00,1.6053618060038176e-07,1e-10,-,0
2026-08-07 22:31:00+00:00,1e-10,7.681605543668263e-07,-,0
2026-08-07 22:32:00+00:00,1e-10,1e-10,-,0
2026-08-07 22:33:00+00:00,1.0072247864169257e-06,2.3307455042298467e-07,-,0
2026-08-07 22:34:00+00:00,1.771351318360687e-06,2.5900956931450716e-07,-,0
2026-08-07 22:35:00+00:00,2.1822380522051967e-07,1.0516425488847905e-06,-,0
2026-08-07 22:36:00+00:00,1e-10,5.485950709876605e-07,-,0
2026-08-07 22:37:00+00:00,8.683661214104641e-07,3.123040039685763e-06,-,0
2026-08-07 22:38:00+00:00,2.3348451248966655e-07,1e-10,-,0
2026-08-07 22:39:00+00:00,1.2876299327259048e-06,1e-10,-,0
2026-08-07 22:40:00+00:00,1.4523746115314173e-07,3.087347596296364e-06,-,0
2026-08-07 22:41:00+00:00,6.760925243854048e-07,1.2393315042716466e-07,-,0
2026-08-07 22:42:00+00:00,1.9482974411745582e-06,1e-10,-,0
2026-08-07 22:43:00+00:00,1.4318971948514104e-06,1e-10,-,0
2026-08-07 22:44:00+00:00,1e-10,1e-10,-,0
2026-08-07 22:45:00+00:00,1.226198254955631e-06,1e-10,-,0
2026-08-07 22:46:00+00:00,1e-10,1e-10,-,0
2026-08-07 22:47:00+00:00,1e-10,1e-10,-,0
2026-08-07 22:48:00+00:00,9.533056133524345e-07,1e-10,-,0
2026-08-07 22:49:00+00:00,1.7239626487080255e-06,4.869374127371944e-07,-,0
2026-08-07 22:50:00+00:00,1e-10,1e-10,-,0
2026-08-07 22:51:00+00:00,1e-10,1e-10,-,0
2026-08-07 22:52:00+00:00,3.1543173762316694e-08,1e-10,-,0
2026-08-07 22:53:00+00:00,1e-10,1.0872769464243859e-07,-,0
2026-08-07 22:54:00+00:00,1e-10,1.8766899055162813e-06,-,0
2026-08-07 22:55:00+00:00,5.843064911489361e-07,2.423143343169489e-07,-,0
2026-08-07 22:56:00+00:00,1.139861445534646e-09,1e-10,-,0
2026-08-07 22:57:00+00:00,1.2878793119655845e-06,1e-10,-,0
2026-08-07 22:58:00+00:00,1.5249223387650066e-06,4.0702674557599046e-07,-,0
2026-08-07 22:59:00+00:00,1e-10,1e-10,-,0
2026-08-07 23:00:00+00:00,1e-10,1e-10,-,0
2026-08-07 23:01:00+00:00,1e-10,1e-10,-,0
2026-08-07 23:02:00+00:00,1e-10,1e-10,-,0
2026-08-07 23:03:00+00:00,1e-10,1e-10,-,0
2026-08-07 23:04:00+00:00,1.3061106860740975e-07,1e-10,-,0
2026-08-07 23:05:00+00:00,1e-10,1e-10,-,0
2026-08-07 23:06:00+00:00,1.8640993710204726e-06,1e-10,-,0
2026-08-07 23:07:00+00:00,1e-10,1.2055103402285466e-06,-,0
2026-08-07 23:08:00+00:00,1.0673452024695775e-06,1e-10,-,0
2026-08-07 23:09:00+00:00,1e-10,1e-10,-,0
2026-08-07 23:10:00+00:00,9.741901664148326e-08,1e-10,-,0
2026-08-07 23:11:00+00:00,5.283127317942308e-07,1e-10,-,0
2026-08-07 23:12:00+00:00,1.7681981455673417e-07,1e-10,-,0
2026-08-07 23:13:00+00:00,1e-10,5.018163573428176e-07,-,0
2026-08-07 23:14:00+00:00,1e-10,1.3677697371106117e-07,-,0
2026-08-07 23:15:00+00:00,1e-10,4.6423115358927084e-07,-,0
2026-08-07 23:16:00+00:00,1e-10,2.9925713029450924e-07,-,0
2026-08-07 23:17:00+00:00,3.955589610934811e-07,1e-10,-,0
2026-08-07 23:18:00+00:00,2.0568696926173086e-06,1e-10,-,0
2026-08-07 23:19:00+00:00,4.2486612089955103e-07,1.185530199827023e-06,-,0
2026-08-07 23:20:00+00:00,6.915617877425415e-07,7.194831725350867e-07,-,0
2026-08-07 23:21:00+00:00,1.2262720186923179e-06,1e-10,-,0
2026-08-07 23:22:00+00:00,1e-10,1e-10,-,0
2026-08-07 23:23:00+00:00,1e-10,1.0748338549858231e-07,-,0
2026-08-07 23:24:00+00:00,3.196451957325956e-08,2.1830631920644976e-07,-,0
2026-08-07 23:25:00+00:00,9.778686545754875e-07,1e-10,-,0
2026-08-07 23:26:00+00:00,2.2527155666893107e-06,2.7166326681817827e-07,-,0
2026-08-07 23:27:00+00:00,1e-10,6.49154052714656e-07,-,0
2026-08-07 23:28:00+00:00,1.247010444264415e-06,4.906862324999747e-07,-,0
2026-08-07 23:29:00+00:00,3.18245363829356e-07,1.0713113430479651e-06,-,0
2026-08-07 23:30:00+00:00,1e-10,9.564275802580824e-07,-,0
2026-08-07 23:31:00+00:00,1e-10,1.1598235174907656e-06,-,0
2026-08-07 23:32:00+00:00,1e-10,1e-10,-,0
2026-08-07 23:33:00+00:00,6.634296119890842e-07,8.794457421384263e-07,-,0
2026-08-07 23:34:00+00:00,1.383890019005493e-06,5.439026113960668e-07,-,0
2026-08-07 23:35:00+00:00,1e-10,9.119302405264384e-07,-,0
2026-08-07 23:36:00+00:00,5.969375036091015e-07,1.4044945888383694e-07,-,0
2026-08-07 23:37:00+00:00,1e-10,5.48166258619427e-07,-,0
2026-08-07 23:38:00+00:00,1e-10,1e-10,-,0
2026-08-07 23:39:00+00:00,4.913331049458082e-07,5.293790242728379e-07,-,0
2026-08-07 23:40:00+00:00,2.1548975597376777e-06,1.3651590717028215e-06,-,0
2026-08-07 23:41:00+00:00,1e-10,1.8501806173900616e-06,-,0
2026-08-07 23:42:00+00:00,1e-10,1e-10,-,0
2026-08-07 23:43:00+00:00,1e-10,2.0023393686632856e-06,-,0
2026-08-07 23:44:00+00:00,5.141948695869244e-07,1e-10,-,0
2026-08-07 23:45:00+00:00,1e-10,7.827118233903624e-07,-,0
2026-08-07 23:46:00+00:00,1.7731218761817703e-06,7.839949172408705e-08,-,0
2026-08-07 23:47:00+00:00,4.286405776220777e-07,1.4249903626922947e-06,-,0
2026-08-07 23:48:00+00:00,1e-10,2.3436885001753253e-07,-,0
2026-08-07 23:49:00+00:00,1e-10,1e-10,-,0
2026-08-07 23:50:00+00:00,4.3389853659438226e-07,1.1681323645979654e-06,-,0
2026-08-07 23:51:00+00:00,7.93081131047454e-07,1e-10,-,0
2026-08-07 23:52:00+00:00,1e-10,3.5563734353501393e-07,-,0
2026-08-07 23:53:00+00:00,1e-10,1e-10,-,0
2026-08-07 23:54:00+00:00,2.4829443739529887e-08,9.309318804979724e-07,-,0
2026-08-07 23:55:00+00:00,2.6362043571009574e-07,1e-10,-,0
2026-08-07 23:56:00+00:00,1.4733708942923357e-06,1e-10,-,0
2026-08-07 23:57:00+00:00,1e-10,1e-10,-,0
2026-08-07 23:58:00+00:00,1.089559478832188e-06,1e-10,-,0
2026-08-07 23:59:00+00:00,4.301034838469743e-07,1e-10,-,0
2026-08-08 00:00:00+00:00,1e-10,1e-10,-,0
2026-08-08 00:01:00+00:00,9.179278389557709e-07,8.320083078700134e-07,-,0
2026-08-08 00:02:00+00:00,1e-10,1e-10,-,0
2026-08-08 00:03:00+00:00,1e-10,1.9437869892506886e-07,-,0
2026-08-08 00:04:00+00:00,1e-10,1e-10,-,0
2026-08-08 00:05:00+00:00,1e-10,8.419342277699213e-07,-,0
2026-08-08 00:06:00+00:00,1e-10,2.1078686006555182e-07,-,0
2026-08-08 00:07:00+00:00,2.2074767580948149e-07,5.942018024061327e-07,-,0
2026-08-08 00:08:00+00:00,6.880942493954614e-07,8.555179015341211e-07,-,0
2026-08-08 00:09:00+00:00,1e-10,9.722015772594376e-07,-,0
2026-08-08 00:10:00+00:00,1e-10,4.697667705988221e-07,-,0
2026-08-08 00:11:00+00:00,1e-10,2.0110261651170296e-07,-,0
2026-08-08 00:12:00+00:00,1e-10,1.2418667459786761e-06,-,0
2026-08-08 00:13:00+00:00,1.950128165392862e-06,1.880946841133269e-07,-,0
2026-08-08 00:14:00+00:00,6.440398156352395e-07,1e-10,-,0
2026-08-08 00:15:00+00:00,1e-10,1.031485384085895e-06,-,0
2026-08-08 00:16:00+00:00,1e-10,1.1755317851443116e-06,-,0
2026-08-08 00:17:00+00:00,7.987317871934707e-07,1e-10,-,0
2026-08-08 00:18:00+00:00,5.202664201706537e-08,6.999447648041211e-07,-,0
2026-08-08 00:19:00+00:00,1e-10,5.167554130560881e-07,-,0
2026-08-08 00:20:00+00:00,9.374700081312135e-07,1.0786968769583643e-07,-,0
2026-08-08 00:21:00+00:00,4.318652378685608e-07,1e-10,-,0
2026-08-08 00:22:00+00:00,1e-10,1e-10,-,0
2026-08-08 00:23:00+00:00,1e-10,1e-10,-,0
2026-08-08 00:24:00+00:00,1.1502400418798418e-06,5.310374710326176e-08,-,0
2026-08-08 00:25:00+00:00,1e-10,1e-10,-,0
2026-08-08 00:26:00+00:00,1e-10,1e-10,-,0
2026-08-08 00:27:00+00:00,1e-10,1e-10,-,0
2026-08-08 00:28:00+00:00,3.62567888941042e-07,1.6510505193885384e-08,-,0
2026-08-08 00:29:00+00:00,1e-10,9.74043226602868e-07,-,0
2026-08-08 00:30:00+00:00,1e-10,2.1655268628749542e-06,-,0
2026-08-08 00:31:00+00:00,1e-10,1e-10,-,0
2026-08-08 00:32:00+00:00,4.075720374341845e-07,3.869616741689565e-07,-,0
2026-08-08 00:33:00+00:00,1e-10,2.663658847365929e-06,-,0
2026-08-08 00:34:00+00:00,1e-10,1e-10,-,0
2026-08-08 00:35:00+00:00,1e-10,1e-10,-,0
2026-08-08 00:36:00+00:00,1.2339896249864525e-06,1.0925446958676541e-06,-,0
2026-08-08 00:37:00+00:00,7.580559608274411e-07,2.1727365211534955e-07,-,0
2026-08-08 00:38:00+00:00,7.149518396821329e-07,3.1445152990122405e-07,-,0
2026-08-08 00:39:00+00:00,1e-10,7.006228307384224e-07,-,0
2026-08-08 00:40:00+00:00,1e-10,8.322990442901094e-07,-,0
2026-08-08 00:41:00+00:00,5.553231979321091e-07,4.790616305407239e-07,-,0
2026-08-08 00:42:00+00:00,1e-10,6.153405944011057e-07,-,0
2026-08-08 00:43:00+00:00,1e-10,1e-10,-,0
2026-08-08 00:44:00+00:00,3.4570316575726913e-07,1.1046238710576667e-06,-,0
2026-08-08 00:45:00+00:00,1e-10,1.75353904305528e-06,-,0
2026-08-08 00:46:00+00:00,1e-10,1.2463588555004865e-06,-,0
2026-08-08 00:47:00+00:00,1.0117184024728452e-06,5.631632359194493e-07,-,0
2026-08-08 00:48:00+00:00,1.887924466022847e-07,2.1137649287609437e-06,-,0
2026-08-08 00:49:00+00:00,1e-10,2.150750482867825e-07,-,0
2026-08-08 00:50:00+00:00,5.502328577751614e-07,1.11682092336632e-06,-,0
2026-08-08 00:51:00+00:00,1e-10,1.8978429243554135e-06,-,0
2026-08-08 00:52:00+00:00,9.633559420569899e-07,1e-10,-,0
2026-08-08 00:53:00+00:00,5.923266154063933e-07,1.4707293928871597e-06,-,0
2026-08-08 00:54:00+00:00,1e-10,1e-10,-,0
2026-08-08 00:55:00+00:00,1e-10,1e-10,-,0
2026-08-08 00:56:00+00:00,1e-10,1e-10,-,0
2026-08-08 00:57:00+00:00,2.896312773067246e-06,1e-10,-,0
2026-08-08 00:58:00+00:00,1e-10,1e-10,-,0
2026-08-08 00:59:00+00:00,1e-10,9.81115742132034e-08,-,0
2026-08-08 01:00:00+00:00,1.2501305235750242e-06,1e-10,-,0
2026-08-08 01:01:00+00:00,1.0109141873846745e-06,1e-10,-,0
2026-08-08 01:02:00+00:00,4.2883605010023845e-07,1e-10,-,0
2026-08-08 01:03:00+00:00,1e-10,1e-10,-,0
2026-08-08 01:04:00+00:00,6.254270134122419e-07,1e-10,-,0
2026-08-08 01:05:00+00:00,1e-10,2.122670238405758e-06,-,0
2026-08-08 01:06:00+00:00,1e-10,1e-10,-,0
2026-08-08 01:07:00+00:00,4.789315839543521e-07,1.9655879390175927e-06,-,0
2026-08-08 01:08:00+00:00,5.850216964061089e-07,1e-10,-,0
2026-08-08 01:09:00+00:00,1e-10,1.1809651960564185e-06,-,0
2026-08-08 01:10:00+00:00,1.4510913148235227e-06,2.78443631979083e-07,-,0
2026-08-08 01:11:00+00:00,9.288501046670724e-07,1e-10,-,0
2026-08-08 01:12:00+00:00,1e-10,2.935304321827536e-07,-,0
2026-08-08 01:13:00+00:00,1e-10,1e-10,-,0
2026-08-08 01:14:00+00:00,1e-10,1e-10,-,0
2026-08-08 01:15:00+00:00,1e-10,1e-10,-,0
2026-08-08 01:16:00+00:00,7.207521907062502e-07,2.2060955405289757e-06,-,0
2026-08-08 01:17:00+00:00,1e-10,6.146215979732294e-07,-,0
2026-08-08 01:18:00+00:00,1e-10,1e-10,-,0
2026-08-08 01:19:00+00:00,1e-10,4.438538049374257e-07,-,0
2026-08-08 01:20:00+00:00,1.5254432048389053e-06,1e-10,-,0
2026-08-08 01:21:00+00:00,2.8873726424399753e-07,1.572263155736387e-06,-,0
2026-08-08 01:22:00+00:00,1.7722582368124597e-06,1e-10,-,0
2026-08-08 01:23:00+00:00,1e-10,1e-10,-,0
2026-08-08 01:24:00+00:00,1e-10,1e-10,-,0
2026-08-08 01:25:00+00:00,1e-10,5.458276336738988e-07,-,0
2026-08-08 01:26:00+00:00,1e-10,1e-10,-,0
2026-08-08 01:27:00+00:00,1e-10,1.4032319948793775e-06,-,0
2026-08-08 01:28:00+00:00,1e-10,3.515588705004349e-07,-,0
2026-08-08 01:29:00+00:00,1e-10,2.735982135354269e-06,-,0
2026-08-08 01:30:00+00:00,1e-10,1e-10,-,0
2026-08-08 01:31:00+00:00,5.434500594397565e-08,1e-10,-,0
2026-08-08 01:32:00+00:00,1e-10,1e-10,-,0
2026-08-08 01:33:00+00:00,3.824548724679629e-07,1e-10,-,0
2026-08-08 01:34:00+00:00,1e-10,1e-10,-,0
2026-08-08 01:35:00+00:00,1e-10,1.70319362846561e-06,-,0
2026-08-08 01:36:00+00:00,1.050441034336452e-06,1e-10,-,0
2026-08-08 01:37:00+00:00,1e-10,3.452500115222155e-07,-,0
2026-08-08 01:38:00+00:00,9.628605826755656e-07,1e-10,-,0
2026-08-08 01:39:00+00:00,1e-10,1.1732014886842725e-08,-,0
2026-08-08 01:40:00+00:00,2.3502770775011263e-07,1e-10,-,0
2026-08-08 01:41:00+00:00,6.085472380518921e-07,4.0977559245176916e-07,-,0
2026-08-08 01:42:00+00:00,1e-10,1e-10,-,0
2026-08-08 01:43:00+00:00,1e-10,1.8020903855593306e-06,-,0
2026-08-08 01:44:00+00:00,1e-10,9.378616401859507e-07,-,0
2026-08-08 01:45:00+00:00,1e-10,9.136091117933747e-07,-,0
2026-08-08 01:46:00+00:00,6.649659730069988e-07,1e-10,-,0
2026-08-08 01:47:00+00:00,1e-10,4.2063255583181693e-07,-,0
2026-08-08 01:48:00+00:00,1.3054992692106976e-06,2.2025883698596312e-06,-,0
2026-08-08 01:49:00+00:00,1.964268667160864e-06,1e-10,-,0
2026-08-08 01:50:00+00:00,1e-10,1e-10,-,0
2026-08-08 01:51:00+00:00,1.344033013234861e-06,7.484535566037746e-08,-,0
2026-08-08 01:52:00+00:00,8.563024655691417e-09,2.942561980342013e-07,-,0
2026-08-08 01:53:00+00:00,4.446623646067371e-07,7.718245929515506e-07,-,0
2026-08-08 01:54:00+00:00,1e-10,6.224050829655675e-07,-,0
2026-08-08 01:55:00+00:00,1.3775059552030804e-06,2.775612113975981e-07,-,0
2026-08-08 01:56:00+00:00,4.1270138685718075e-07,1e-10,-,0
2026-08-08 01:57:00+00:00,1e-10,2.2405313910382025e-06,-,0
2026-08-08 01:58:00+00:00,1e-10,1.7139457641159978e-06,-,0
2026-08-08 01:59:00+00:00,1e-10,5.534639582477131e-07,-,0
2026-08-08 02:00:00+00:00,1e-10,1.4308597737037474e-06,-,0
2026-08-08 02:01:00+00:00,1.37473203028896e-06,1e-10,-,0
2026-08-08 02:02:00+00:00,1.2261624270144514e-06,1e-10,-,0
2026-08-08 02:03:00+00:00,1e-10,1.0492298144185346e-06,-,0
2026-08-08 02:04:00+00:00,1e-10,1e-10,-,0
2026-08-08 02:05:00+00:00,1.0812777787543682e-06,2.3647685567002837e-06,-,0
2026-08-08 02:06:00+00:00,5.02149816631847e-07,1e-10,-,0
2026-08-08 02:07:00+00:00,1e-10,1.6351877430528709e-06,-,0
2026-08-08 02:08:00+00:00,3.2147987524260595e-06,2.154770586595919e-06,-,0
2026-08-08 02:09:00+00:00,4.081541782044951e-08,1e-10,-,0
2026-08-08 02:10:00+00:00,1.9087635088118845e-06,1e-10,-,0
2026-08-08 02:11:00+00:00,2.2261242457991275e-07,6.389602176806021e-07,-,0
2026-08-08 02:12:00+00:00,1e-10,1.7975154761553577e-06,-,0
2026-08-08 02:13:00+00:00,2.4310789372840703e-07,8.664036233005094e-07,-,0
2026-08-08 02:14:00+00:00,1e-10,1e-10,-,0
2026-08-08 02:15:00+00:00,1e-10,1.8109345082182028e-06,-,0
2026-08-08 02:16:00+00:00,1e-10,2.5889680434377957e-06,-,0
2026-08-08 02:17:00+00:00,1e-10,1e-10,-,0
2026-08-08 02:18:00+00:00,2.992717799056429e-07,5.151933506402513e-07,-,0
2026-08-08 02:19:00+00:00,3.543300119714499e-07,7.925949149694685e-07,-,0
2026-08-08 02:20:00+00:00,1e-10,1e-10,-,0
2026-08-08 02:21:00+00:00,1e-10,1e-10,-,0
2026-08-08 02:22:00+00:00,1e-10,1e-10,-,0
2026-08-08 02:23:00+00:00,7.13311972655492e-07,1e-10,-,0
2026-08-08 02:24:00+00:00,2.497029271995789e-07,1.056130938755749e-06,-,0
2026-08-08 02:25:00+00:00,1e-10,1e-10,-,0
2026-08-08 02:26:00+00:00,1.5816285045231698e-06,1.945243041449264e-06,-,0
2026-08-08 02:27:00+00:00,5.436040569998621e-07,6.970462267711627e-07,-,0
2026-08-08 02:28:00+00:00,1e-10,1e-10,-,0
2026-08-08 02:29:00+00:00,1e-10,1.7091898668760317e-06,-,0
2026-08-08 02:30:00+00:00,1e-10,1.6644771078395802e-09,-,0
2026-08-08 02:31:00+00:00,1e-10,1e-10,-,0
2026-08-08 02:32:00+00:00,1.3242206059871613e-06,9.032434328939808e-07,-,0
2026-08-08 02:33:00+00:00,3.302189999365146e-07,1e-10,-,0
2026-08-08 02:34:00+00:00,1e-10,2.61228898666166e-07,-,0
2026-08-08 02:35:00+00:00,1.463827887093577e-06,4.6956662643598303e-07,-,0
2026-08-08 02:36:00+00:00,1e-10,1.2742459031354273e-07,-,0
2026-08-08 02:37:00+00:00,1e-10,4.840083863692053e-07,-,0
2026-08-08 02:38:00+00:00,2.2138162155915898e-06,4.853876458565878e-07,-,0
2026-08-08 02:39:00+00:00,1e-10,2.5702852473389096e-07,-,0
2026-08-08 02:40:00+00:00,1e-10,1e-10,-,0
2026-08-08 02:41:00+00:00,2.8233401502501274e-08,1e-10,-,0
2026-08-08 02:42:00+00:00,3.8427238300166204e-07,1e-10,-,0
2026-08-08 02:43:00+00:00,1e-10,1e-10,-,0
2026-08-08 02:44:00+00:00,1e-10,7.780266051512338e-07,-,0
2026-08-08 02:45:00+00:00,6.301211769215523e-08,1.9682175303023098e-06,-,0
2026-08-08 02:46:00+00:00,1e-10,3.2549142890109167e-08,-,0
2026-08-08 02:47:00+00:00,1e-10,1.4144520904752842e-06,-,0
2026-08-08 02:48:00+00:00,1e-10,1e-10,-,0
2026-08-08 02:49:00+00:00,1e-10,1e-10,-,0
2026-08-08 02:50:00+00:00,1e-10,1e-10,-,0
2026-08-08 02:51:00+00:00,1e-10,6.987015681611005e-07,-,0
2026-08-08 02:52:00+00:00,1e-10,1e-10,-,0
2026-08-08 02:53:00+00:00,1.0972033135616965e-06,8.660350824507106e-07,-,0
2026-08-08 02:54:00+00:00,1e-10,4.264364883896113e-07,-,0
2026-08-08 02:55:00+00:00,1e-10,2.1916183657435417e-07,-,0
2026-08-08 02:56:00+00:00,1e-10,1e-10,-,0
2026-08-08 02:57:00+00:00,1e-10,1e-10,-,0
2026-08-08 02:58:00+00:00,1e-10,1e-10,-,0
2026-08-08 02:59:00+00:00,1e-10,8.700564166444968e-07,-,0
2026-08-08 03:00:00+00:00,1e-10,1e-10,-,0
2026-08-08 03:01:00+00:00,1e-10,1e-10,-,0
2026-08-08 03:02:00+00:00,1e-10,1e-10,-,0
2026-08-08 03:03:00+00:00,3.2317198778546446e-07,1e-10,-,0
2026-08-08 03:04:00+00:00,6.781919777620043e-07,3.6083499525264756e-06,-,0
2026-08-08 03:05:00+00:00,7.606865115669461e-07,2.8936027602119116e-07,-,0
2026-08-08 03:06:00+00:00,1.3675189976035949e-06,1e-10,-,0
2026-08-08 03:07:00+00:00,1.4638937903543523e-07,1.2874377189284908e-06,-,0
2026-08-08 03:08:00+00:00,1e-10,1e-10,-,0
2026-08-08 03:09:00+00:00,1e-10,1e-10,-,0
2026-08-08 03:10:00+00:00,1e-10,2.0540989981297806e-06,-,0
2026-08-08 03:11:00+00:00,9.610108018944567e-07,1e-10,-,0
2026-08-08 03:12:00+00:00,1.544418629561354e-06,1e-10,-,0
2026-08-08 03:13:00+00:00,2.1978667065302992e-08,6.080037163800515e-07,-,0
2026-08-08 03:14:00+00:00,1.3133849475730313e-06,1e-10,-,0
2026-08-08 03:15:00+00:00,1.238109939338303e-06,1e-10,-,0
2026-08-08 03:16:00+00:00,3.65332231910558e-07,9.36646060130302e-07,-,0
2026-08-08 03:17:00+00:00,6.108401814153721e-07,1e-10,-,0
2026-08-08 03:18:00+00:00,1.0752240192470167e-06,4.2598421933829317e-07,-,0
2026-08-08 03:19:00+00:00,1e-10,1e-10,-,0
2026-08-08 03:20:00+00:00,3.0435178483339594e-07,4.051657330574636e-07,-,0
2026-08-08 03:21:00+00:00,6.417341649398289e-07,1e-10,-,0
2026-08-08 03:22:00+00:00,1e-10,9.483481977768866e-07,-,0
2026-08-08 03:23:00+00:00,2.1419656581496882e-06,1.0763964739104334e-06,-,0
2026-08-08 03:24:00+00:00,1.2355139904797535e-06,1e-10,-,0
2026-08-08 03:25:00+00:00,1.2462553027197693e-06,1e-10,-,0
2026-08-08 03:26:00+00:00,4.826377905676717e-07,1e-10,-,0
2026-08-08 03:27:00+00:00,1e-10,1e-10,-,0
2026-08-08 03:28:00+00:00,1e-10,1e-10,-,0
2026-08-08 03:29:00+00:00,1e-10,1e-10,-,0
2026-08-08 03:30:00+00:00,7.983362017037123e-07,1e-10,-,0
2026-08-08 03:31:00+00:00,6.3109913928199e-07,5.4435809346837076e-08,-,0
2026-08-08 03:32:00+00:00,1.9208362680359847e-06,1e-10,-,0
2026-08-08 03:33:00+00:00,1e-10,1e-10,-,0
2026-08-08 03:34:00+00:00,1e-10,7.339486910547265e-07,-,0
2026-08-08 03:35:00+00:00,3.755760269533615e-08,1.5914107620668245e-06,-,0
2026-08-08 03:36:00+00:00,1e-10,1.7219334848629994e-06,-,0
2026-08-08 03:37:00+00:00,1.6901792459700926e-06,1e-10,-,0
2026-08-08 03:38:00+00:00,1e-10,1e-10,-,0
2026-08-08 03:39:00+00:00,3.092827741998703e-07,1e-10,-,0
2026-08-08 03:40:00+00:00,9.300255227420333e-07,9.182396134793598e-07,-,0
2026-08-08 03:41:00+00:00,1e-10,2.1204389656494187e-07,-,0
2026-08-08 03:42:00+00:00,3.3515569270483727e-07,1.5921946929101968e-06,-,0
2026-08-08 03:43:00+00:00,1.8026754502569557e-08,2.0949483909063145e-07,-,0
2026-08-08 03:44:00+00:00,1.106499263398678e-06,1e-10,-,0
2026-08-08 03:45:00+00:00,3.770990596434978e-08,1e-10,-,0
2026-08-08 03:46:00+00:00,1e-10,1e-10,-,0
2026-08-08 03:47:00+00:00,1e-10,1e-10,-,0
2026-08-08 03:48:00+00:00,1e-10,1.0165345453067355e-07,-,0
2026-08-08 03:49:00+00:00,2.1592412001283157e-06,1e-10,-,0
2026-08-08 03:50:00+00:00,1.5955713396102605e-06,1.5594505180898979e-06,-,0
2026-08-08 03:51:00+00:00,1e-10,1e-10,-,0
2026-08-08 03:52:00+00:00,1e-10,1.3504321622569909e-06,-,0
2026-08-08 03:53:00+00:00,1e-10,1e-10,-,0
2026-08-08 03:54:00+00:00,2.660218007645577e-07,1e-10,-,0
2026-08-08 03:55:00+00:00,1e-10,1e-10,-,0
2026-08-08 03:56:00+00:00,1e-10,1e-10,-,0
2026-08-08 03:57:00+00:00,1e-10,1e-10,-,0
2026-08-08 03:58:00+00:00,5.017262241499823e-07,4.630473277650556e-07,-,0
2026-08-08 03:59:00+00:00,1e-10,1e-10,-,0
2026-08-08 04:00:00+00:00,2.800522854213931e-06,6.521834566996973e-07,-,0
2026-08-08 04:01:00+00:00,1.6921484713076583e-06,1.8139334676462543e-08,-,0
2026-08-08 04:02:00+00:00,2.775867913164884e-06,7.337893621753783e-07,-,0
2026-08-08 04:03:00+00:00,6.991808876255543e-07,9.738575933116434e-07,-,0
2026-08-08 04:04:00+00:00,1.7508368168885235e-06,5.737204296238337e-07,-,0
2026-08-08 04:05:00+00:00,1.0176249546671777e-06,1e-10,-,0
2026-08-08 04:06:00+00:00,1e-10,1.594491311194547e-06,-,0
2026-08-08 04:07:00+00:00,1e-10,1e-10,-,0
2026-08-08 04:08:00+00:00,4.975433577682392e-07,1e-10,-,0
2026-08-08 04:09:00+00:00,1.3033483605615555e-06,1e-10,-,0
2026-08-08 04:10:00+00:00,1.941956877827918e-08,4.373862878607042e-07,-,0
2026-08-08 04:11:00+00:00,6.40235178428907e-07,1.1209922735777997e-06,-,0
2026-08-08 04:12:00+00:00,1e-10,7.51317659367083e-07,-,0
2026-08-08 04:13:00+00:00,1e-10,7.539918935779102e-07,-,0
2026-08-08 04:14:00+00:00,1e-10,1e-10,-,0
2026-08-08 04:15:00+00:00,5.19455292698617e-07,1.2187705769179354e-06,-,0
2026-08-08 04:16:00+00:00,1e-10,1.4532712216329011e-08,-,0
2026-08-08 04:17:00+00:00,1e-10,1e-10,-,0
2026-08-08 04:18:00+00:00,1e-10,1e-10,-,0
2026-08-08 04:19:00+00:00,3.432919574859408e-07,6.827981555597156e-07,-,0
2026-08-08 04:20:00+00:00,7.668744926614836e-07,1e-10,-,0
2026-08-08 04:21:00+00:00,1e-10,1e-10,-,0
2026-08-08 04:22:00+00:00,1.2132690140853468e-06,1e-10,-,0
2026-08-08 04:23:00+00:00,1.6785509767800728e-06,1.0062685325721655e-06,-,0
2026-08-08 04:24:00+00:00,1e-10,1.96379008848891e-07,-,0
2026-08-08 04:25:00+00:00,1.107088344695617e-06,5.79373737438813e-07,-,0
2026-08-08 04:26:00+00:00,1e-10,1e-10,-,0
2026-08-08 04:27:00+00:00,1e-10,5.0970334327529303e-08,-,0
2026-08-08 04:28:00+00:00,1e-10,1e-10,-,0
2026-08-08 04:29:00+00:00,1e-10,1e-10,-,0
2026-08-08 04:30:00+00:00,1e-10,9.183763248551681e-07,-,0
2026-08-08 04:31:00+00:00,2.222256963238637e-06,1e-10,-,0
2026-08-08 04:32:00+00:00,1e-10,1e-10,-,0
2026-08-08 04:33:00+00:00,1e-10,4.203310286774809e-07,-,0
2026-08-08 04:34:00+00:00,1.9838416410944613e-07,1.163585615924978e-06,-,0
2026-08-08 04:35:00+00:00,1e-10,1e-10,-,0
2026-08-08 04:36:00+00:00,1.8930799620585288e-07,8.569064706351561e-07,-,0
2026-08-08 04:37:00+00:00,7.540089840497258e-07,3.7369554659955576e-07,-,0
2026-08-08 04:38:00+00:00,1.6685199800967763e-06,1e-10,-,0
2026-08-08 04:39:00+00:00,1.4836955225097312e-06,1e-10,-,0
2026-08-08 04:40:00+00:00,4.2981926101722763e-07,1e-10,-,0
2026-08-08 04:41:00+00:00,1e-10,2.6229881016807366e-07,-,0
2026-08-08 04:42:00+00:00,1e-10,1.292924429680897e-06,-,0
2026-08-08 04:43:00+00:00,4.7594421404559086e-07,3.3335284019336315e-07,-,0
2026-08-08 04:44:00+00:00,1e-10,1e-10,-,0
2026-08-08 04:45:00+00:00,1e-10,1e-10,-,0
2026-08-08 04:46:00+00:00,1e-10,1.6409795277235964e-07,-,0
2026-08-08 04:47:00+00:00,7.684201458065162e-07,1e-10,-,0
2026-08-08 04:48:00+00:00,3.5782529604729065e-07,1e-10,-,0
2026-08-08 04:49:00+00:00,1e-10,1.2876407392900597e-06,-,0
2026-08-08 04:50:00+00:00,1.6738201534611238e-06,1e-10,-,0
2026-08-08 04:51:00+00:00,2.57595459839067e-07,1e-10,-,0
2026-08-08 04:52:00+00:00,1e-10,1.513563976526711e-06,-,0
2026-08-08 04:53:00+00:00,1.0694657817521307e-06,1e-10,-,0
2026-08-08 04:54:00+00:00,1e-10,4.819236326475133e-07,-,0
2026-08-08 04:55:00+00:00,1e-10,2.99994390278841e-09,-,0
2026-08-08 04:56:00+00:00,1e-10,3.918195287435514e-07,-,0
2026-08-08 04:57:00+00:00,9.841856551127526e-07,1e-10,-,0
2026-08-08 04:58:00+00:00,1e-10,1.0160049875070535e-06,-,0
2026-08-08 04:59:00+00:00,7.132446037966888e-07,1.990465463732224e-06,-,0
2026-08-08 05:00:00+00:00,1e-10,1e-10,-,0
2026-08-08 05:01:00+00:00,1e-10,8.542509916968388e-07,-,0
2026-08-08 05:02:00+00:00,6.159672462348973e-08,1.4093350012418268e-07,-,0
2026-08-08 05:03:00+00:00,1e-10,4.1677886304347053e-07,-,0
2026-08-08 05:04:00+00:00,1e-10,5.25606632869552e-07,-,0
2026-08-08 05:05:00+00:00,8.529890431369729e-07,1e-10,-,0
2026-08-08 05:06:00+00:00,1e-10,1e-10,-,0
2026-08-08 05:07:00+00:00,1e-10,1e-10,-,0
2026-08-08 05:08:00+00:00,1.517875095490519e-07,1.3736052882391995e-06,-,0
2026-08-08 05:09:00+00:00,1e-10,1e-10,-,0
2026-08-08 05:10:00+00:00,1.1446160560139661e-06,5.296464636303677e-07,-,0
2026-08-08 05:11:00+00:00,1.710807782745122e-07,6.95237758402645e-08,-,0
2026-08-08 05:12:00+00:00,1.2929631417225812e-07,8.296394510417849e-08,-,0
2026-08-08 05:13:00+00:00,1e-10,1.7740996808687995e-07,-,0
2026-08-08 05:14:00+00:00,7.902320605915399e-07,1e-10,-,0
2026-08-08 05:15:00+00:00,1e-10,1e-10,-,0
2026-08-08 05:16:00+00:00,1.385653985758119e-06,1e-10,-,0
2026-08-08 05:17:00+00:00,1e-10,1e-10,-,0
2026-08-08 05:18:00+00:00,9.555496359261344e-08,1e-10,-,0
2026-08-08 05:19:00+00:00,7.420652685523095e-08,2.0354858782635734e-06,-,0
2026-08-08 05:20:00+00:00,3.706963414161302e-07,1e-10,-,0
2026-08-08 05:21:00+00:00,1.5805812519733182e-06,1e-10,-,0
2026-08-08 05:22:00+00:00,1e-10,4.836300216292031e-07,-,0
2026-08-08 05:23:00+00:00,1e-10,9.26955298827868e-07,-,0
2026-08-08 05:24:00+00:00,1e-10,1.8016385133718755e-06,-,0
2026-08-08 05:25:00+00:00,1e-10,1e-10,-,0
2026-08-08 05:26:00+00:00,2.5795902878020448e-06,1.1435165696650558e-08,-,0
2026-08-08 05:27:00+00:00,1.0604417398343202e-06,5.668870852024047e-07,-,0
2026-08-08 05:28:00+00:00,6.00841453009133e-07,1.5722893968447102e-06,-,0
2026-08-08 05:29:00+00:00,8.942425185797803e-07,1e-10,-,0
2026-08-08 05:30:00+00:00,1.4373296457985967e-06,2.2211694552390675e-07,-,0
2026-08-08 05:31:00+00:00,1e-10,7.210399697572104e-07,-,0
2026-08-08 05:32:00+00:00,1e-10,1e-10,-,0
2026-08-08 05:33:00+00:00,4.0400793515137236e-07,4.903006537284072e-07,-,0
2026-08-08 05:34:00+00:00,1e-10,1e-10,-,0
2026-08-08 05:35:00+00:00,1e-10,1.3702289621686907e-06,-,0
2026-08-08 05:36:00+00:00,1e-10,1e-10,-,0
2026-08-08 05:37:00+00:00,4.477499409199347e-07,1e-10,-,0
2026-08-08 05:38:00+00:00,1.0359145516125321e-06,6.418532061772391e-07,-,0
2026-08-08 05:39:00+00:00,1e-10,1e-10,-,0
2026-08-08 05:40:00+00:00,1e-10,9.612301555190317e-07,-,0
2026-08-08 05:41:00+00:00,1e-10,8.503977479725629e-08,-,0
2026-08-08 05:42:00+00:00,1e-10,3.4286942292977914e-07,-,0
2026-08-08 05:43:00+00:00,5.231655001878512e-07,6.391589417064879e-07,-,0
2026-08-08 05:44:00+00:00,1e-10,1e-10,-,0
2026-08-08 05:45:00+00:00,1e-10,1e-10,-,0
2026-08-08 05:46:00+00:00,1e-10,1.963315271267259e-06,-,0
2026-08-08 05:47:00+00:00,6.182098260831903e-07,1.5337809664642846e-06,-,0
2026-08-08 05:48:00+00:00,1.108508016104374e-06,8.153484866909522e-07,-,0
2026-08-08 05:49:00+00:00,4.041565000273317e-07,1e-10,-,0
2026-08-08 05:50:00+00:00,2.1378349920683996e-06,5.053654374409362e-07,-,0
2026-08-08 05:51:00+00:00,1.2627708902280233e-06,1e-10,-,0
2026-08-08 05:52:00+00:00,6.375089687165837e-07,1e-10,-,0
2026-08-08 05:53:00+00:00,1e-10,2.69717192418144e-06,-,0
2026-08-08 05:54:00+00:00,1.2779743251208803e-06,1e-10,-,0
2026-08-08 05:55:00+00:00,1e-10,1e-10,-,0
2026-08-08 05:56:00+00:00,8.562122355090162e-07,1.6848705081253066e-07,-,0
2026-08-08 05:57:00+00:00,1e-10,3.913958483437853e-07,-,0
2026-08-08 05:58:00+00:00,1e-10,5.921844478339322e-09,-,0
2026-08-08 05:59:00+00:00,1e-10,1e-10,-,0
2026-08-08 06:00:00+00:00,1e-10,1e-10,-,0
2026-08-08 06:01:00+00:00,1e-10,1.27547671489447e-06,-,0
2026-08-08 06:02:00+00:00,5.9334707213194035e-08,7.194305219953806e-07,-,0
2026-08-08 06:03:00+00:00,5.430349192861677e-07,7.697930702949102e-07,-,0
2026-08-08 06:04:00+00:00,1e-10,1e-10,-,0
2026-08-08 06:05:00+00:00,1e-10,5.945411116864982e-07,-,0
2026-08-08 06:06:00+00:00,2.6725772916203544e-07,1.4896579070780942e-07,-,0
2026-08-08 06:07:00+00:00,1e-10,1e-10,-,0
2026-08-08 06:08:00+00:00,1.5189396665495794e-06,2.063194064704852e-06,-,0
2026-08-08 06:09:00+00:00,1e-10,1e-10,-,0
2026-08-08 06:10:00+00:00,6.220023212428445e-07,1e-10,-,0
2026-08-08 06:11:00+00:00,3.125319733230185e-07,1.3268007114019657e-06,-,0
2026-08-08 06:12:00+00:00,1e-10,1.807971638630495e-07,-,0
2026-08-08 06:13:00+00:00,1.2242064381106026e-07,1e-10,-,0
2026-08-08 06:14:00+00:00,1e-10,1.6164585233666802e-06,-,0
2026-08-08 06:15:00+00:00,1e-10,1e-10,-,0
2026-08-08 06:16:00+00:00,1.9921081146035473e-06,1e-10,-,0
2026-08-08 06:17:00+00:00,1.4490869532893685e-06,1.0859752815301273e-06,-,0
2026-08-08 06:18:00+00:00,1e-10,1e-10,-,0
2026-08-08 06:19:00+00:00,7.260937184897894e-07,1e-10,-,0
2026-08-08 06:20:00+00:00,8.491062979005544e-07,1e-10,-,0
2026-08-08 06:21:00+00:00,1.8865379471714972e-07,8.632175194410214e-08,-,0
2026-08-08 06:22:00+00:00,1e-10,1.344467018263822e-06,-,0
2026-08-08 06:23:00+00:00,1e-10,1e-10,-,0
2026-08-08 06:24:00+00:00,6.122691842092924e-07,2.788102676917676e-07,-,0
2026-08-08 06:25:00+00:00,5.903456023528681e-07,1e-10,-,0
2026-08-08 06:26:00+00:00,1e-10,2.3523262777978998e-06,-,0
2026-08-08 06:27:00+00:00,1.4852398698860713e-06,1e-10,-,0
2026-08-08 06:28:00+00:00,1.681653450873148e-06,6.348809325305698e-07,-,0
2026-08-08 06:29:00+00:00,1.665800690439978e-06,3.338247949942468e-07,-,0
2026-08-08 06:30:00+00:00,1.6709333484336917e-06,1.570423979193011e-07,-,0
2026-08-08 06:31:00+00:00,1.2596749462801484e-08,1e-10,-,0
2026-08-08 06:32:00+00:00,1e-10,1e-10,-,0
2026-08-08 06:33:00+00:00,1e-10,1.652889797384188e-06,-,0
2026-08-08 06:34:00+00:00,1e-10,1e-10,-,0
2026-08-08 06:35:00+00:00,1e-10,1e-10,-,0
2026-08-08 06:36:00+00:00,1e-10,1e-10,-,0
2026-08-08 06:37:00+00:00,1e-10,1.1038583044238137e-06,-,0
2026-08-08 06:38:00+00:00,8.1837137803062e-07,2.5463117143107052e-06,-,0
2026-08-08 06:39:00+00:00,1.8316812064436625e-06,1e-10,-,0
2026-08-08 06:40:00+00:00,2.6635471129968792e-06,1.6195906709123056e-07,-,0
2026-08-08 06:41:00+00:00,3.0227316620811373e-07,1.207290853888071e-06,-,0
2026-08-08 06:42:00+00:00,1e-10,1.4937015892398144e-06,-,0
2026-08-08 06:43:00+00:00,1e-10,1e-10,-,0
2026-08-08 06:44:00+00:00,1.5377776286587027e-06,1e-10,-,0
2026-08-08 06:45:00+00:00,1.5172124146195832e-06,1.4405548474520465e-06,-,0
2026-08-08 06:46:00+00:00,1e-10,1e-10,-,0
2026-08-08 06:47:00+00:00,1.3592741013364616e-06,1.0239690292562703e-06,-,0
2026-08-08 06:48:00+00:00,2.095122058750926e-07,1e-10,-,0
2026-08-08 06:49:00+00:00,1e-10,1.7294407420332623e-07,-,0
2026-08-08 06:50:00+00:00,1e-10,7.655218358976995e-08,-,0
2026-08-08 06:51:00+00:00,1.9147674800047155e-06,1e-10,-,0
2026-08-08 06:52:00+00:00,8.240412615217908e-07,3.5476776839270443e-07,-,0
2026-08-08 06:53:00+00:00,1e-10,1e-10,-,0
2026-08-08 06:54:00+00:00,1.0652285337543216e-06,1.1362671220938021e-06,-,0
2026-08-08 06:55:00+00:00,8.165770630930964e-07,1e-10,-,0
2026-08-08 06:56:00+00:00,1e-10,1e-10,-,0
2026-08-08 06:57:00+00:00,1e-10,1.3147956822791484e-07,-,0
2026-08-08 06:58:00+00:00,1e-10,1e-10,-,0
2026-08-08 06:59:00+00:00,1e-10,1.6942402814754797e-06,-,0
2026-08-08 07:00:00+00:00,1e-10,1e-10,-,0
2026-08-08 07:01:00+00:00,1e-10,5.9596233067192625e-09,-,0
2026-08-08 07:02:00+00:00,1.4232840192319387e-06,1e-10,-,0
2026-08-08 07:03:00+00:00,9.392526528659192e-07,2.213133947673947e-07,-,0
2026-08-08 07:04:00+00:00,2.4641907951348805e-07,1e-10,-,0
2026-08-08 07:05:00+00:00,1e-10,1e-10,-,0
2026-08-08 07:06:00+00:00,3.5724037961243917e-07,1e-10,-,0
2026-08-08 07:07:00+00:00,1e-10,5.799904755629307e-07,-,0
2026-08-08 07:08:00+00:00,9.919513459197738e-07,1e-10,-,0
2026-08-08 07:09:00+00:00,1.0245122948621108e-06,1.291455642814914e-06,-,0
2026-08-08 07:10:00+00:00,8.291733670044222e-08,1e-10,-,0
2026-08-08 07:11:00+00:00,9.324299740171455e-07,4.900446025700159e-08,-,0
2026-08-08 07:12:00+00:00,1.1499343750587312e-06,1.4451394073349942e-07,-,0
2026-08-08 07:13:00+00:00,1.4702419758936302e-07,1e-10,-,0
2026-08-08 07:14:00+00:00,1e-10,1.2079410559366336e-06,-,0
2026-08-08 07:15:00+00:00,1e-10,1e-10,-,0
2026-08-08 07:16:00+00:00,1e-10,1e-10,-,0
2026-08-08 07:17:00+00:00,1e-10,4.4184611285729034e-07,-,0
2026-08-08 07:18:00+00:00,1e-10,1.991200861580802e-06,-,0
2026-08-08 07:19:00+00:00,1e-10,1e-10,-,0
2026-08-08 07:20:00+00:00,1e-10,1e-10,-,0
2026-08-08 07:21:00+00:00,1.1126001612257516e-06,2.1982613053672967e-07,-,0
2026-08-08 07:22:00+00:00,2.703672865202757e-07,1.0424264870033223e-06,-,0
2026-08-08 07:23:00+00:00,1.3120569762629685e-06,8.306857890136554e-07,-,0
2026-08-08 07:24:00+00:00,9.146682709393335e-07,1.317594866843147e-07,-,0
2026-08-08 07:25:00+00:00,5.765165558116934e-07,1e-10,-,0
2026-08-08 07:26:00+00:00,9.093722055791052e-07,1e-10,-,0
2026-08-08 07:27:00+00:00,1.9091201705182822e-07,5.312303863599882e-07,-,0
2026-08-08 07:28:00+00:00,1.4728736431609173e-06,1e-10,-,0
2026-08-08 07:29:00+00:00,1e-10,1e-10,-,0
2026-08-08 07:30:00+00:00,4.661675731072001e-09,1e-10,-,0
2026-08-08 07:31:00+00:00,1e-10,1e-10,-,0
2026-08-08 07:32:00+00:00,2.2593927906127473e-06,1e-10,-,0
2026-08-08 07:33:00+00:00,1e-10,5.958100010677929e-07,-,0
2026-08-08 07:34:00+00:00,1.4508220650125793e-06,1.0424318488664902e-07,-,0
2026-08-08 07:35:00+00:00,1e-10,1e-10,-,0
2026-08-08 07:36:00+00:00,1.3728139906394738e-07,1e-10,-,0
2026-08-08 07:37:00+00:00,1e-10,1e-10,-,0
2026-08-08 07:38:00+00:00,1e-10,1e-10,-,0
2026-08-08 07:39:00+00:00,1e-10,1e-10,-,0
2026-08-08 07:40:00+00:00,5.850770273387983e-07,1e-10,-,0
2026-08-08 07:41:00+00:00,1e-10,1.4833763123702769e-08,-,0
2026-08-08 07:42:00+00:00,1e-10,6.682765178000225e-08,-,0
2026-08-08 07:43:00+00:00,1.02288123339902e-06,1e-10,-,0
2026-08-08 07:44:00+00:00,4.3100369839422956e-09,1e-10,-,0
2026-08-08 07:45:00+00:00,3.9499518847793304e-07,1e-10,-,0
2026-08-08 07:46:00+00:00,1.2407985710914248e-06,1.5107832090511305e-06,-,0
2026-08-08 07:47:00+00:00,1.736309450018819e-06,1e-10,-,0
2026-08-08 07:48:00+00:00,1e-10,1e-10,-,0
2026-08-08 07:49:00+00:00,1e-10,1e-10,-,0
2026-08-08 07:50:00+00:00,1e-10,9.68030048784926e-07,-,0
2026-08-08 07:51:00+00:00,3.0481846768528434e-06,3.325819563327963e-07,-,0
2026-08-08 07:52:00+00:00,1.9694862282541474e-07,1e-10,-,0
2026-08-08 07:53:00+00:00,1.104014704774571e-06,5.817787815037056e-07,-,0
2026-08-08 07:54:00+00:00,1e-10,1e-10,-,0
2026-08-08 07:55:00+00:00,1e-10,1e-10,-,0
2026-08-08 07:56:00+00:00,1.2432510327911873e-06,1e-10,-,0
2026-08-08 07:57:00+00:00,6.018358687298794e-07,3.5706194312878263e-07,-,0
2026-08-08 07:58:00+00:00,1.8858165876303623e-06,1e-10,-,0
2026-08-08 07:59:00+00:00,1e-10,1e-10,-,0
2026-08-08 08:00:00+00:00,1e-10,1.3558197679353739e-06,-,0
2026-08-08 08:01:00+00:00,5.955998758424999e-07,1e-10,-,0
2026-08-08 08:02:00+00:00,7.621074606013111e-07,1e-10,-,0
2026-08-08 08:03:00+00:00,4.925221100931177e-07,1e-10,-,0
2026-08-08 08:04:00+00:00,1e-10,5.893373006723259e-08,-,0
2026-08-08 08:05:00+00:00,1e-10,1e-10,-,0
2026-08-08 08:06:00+00:00,4.044641326809805e-07,8.197171473515881e-07,-,0
2026-08-08 08:07:00+00:00,1e-10,1e-10,-,0
2026-08-08 08:08:00+00:00,1e-10,3.8052717891243275e-07,-,0
2026-08-08 08:09:00+00:00,6.836722406342388e-08,5.880239950018628e-07,-,0
2026-08-08 08:10:00+00:00,1e-10,4.09966830473407e-07,-,0
2026-08-08 08:11:00+00:00,2.8310885187307245e-07,1e-10,-,0
2026-08-08 08:12:00+00:00,1e-10,6.072981158684126e-07,-,0
2026-08-08 08:13:00+00:00,1e-10,7.268870261747322e-07,-,0
2026-08-08 08:14:00+00:00,1e-10,1.1266396963496187e-06,-,0
2026-08-08 08:15:00+00:00,1.442333457471277e-06,2.5529932003059947e-06,-,0
2026-08-08 08:16:00+00:00,4.5012699783307917e-07,1e-10,-,0
2026-08-08 08:17:00+00:00,3.012451350782817e-07,5.84168230898101e-07,-,0
2026-08-08 08:18:00+00:00,8.651892155861198e-08,1e-10,-,0
2026-08-08 08:19:00+00:00,1e-10,2.313733039004053e-07,-,0
2026-08-08 08:20:00+00:00,1e-10,8.533063450192051e-07,-,0
2026-08-08 08:21:00+00:00,1e-10,2.5578904347868464e-07,-,0
2026-08-08 08:22:00+00:00,1e-10,1e-10,-,0
2026-08-08 08:23:00+00:00,1e-10,1e-10,-,0
2026-08-08 08:24:00+00:00,6.320017429326004e-07,6.471004278243712e-07,-,0
2026-08-08 08:25:00+00:00,1e-10,1e-10,-,0
2026-08-08 08:26:00+00:00,8.95676738449923e-07,1e-10,-,0
2026-08-08 08:27:00+00:00,1e-10,1e-10,B,1
2026-08-08 08:28:00+00:00,1.8990140055414454e-07,1e-10,B,1
2026-08-08 08:29:00+00:00,1e-10,1e-10,B,1
2026-08-08 08:30:00+00:00,8.017089825627224e-07,2.171974856179243e-06,B,1
2026-08-08 08:31:00+00:00,1.3620737573677049e-06,1e-10,B,1
2026-08-08 08:32:00+00:00,1e-10,4.340015612303407e-07,B,1
2026-08-08 08:33:00+00:00,1.9752085046859282e-06,1e-10,B,1
2026-08-08 08:34:00+00:00,1e-10,7.088269785630921e-07,B,1
2026-08-08 08:35:00+00:00,1e-10,1e-10,B,1
2026-08-08 08:36:00+00:00,1e-10,8.89310292459604e-07,B,1
2026-08-08 08:37:00+00:00,1.6961931300854642e-06,1e-10,B,1
2026-08-08 08:38:00+00:00,1e-10,1e-10,B,1
2026-08-08 08:39:00+00:00,8.215120873796985e-07,1e-10,B,1
2026-08-08 08:40:00+00:00,1e-10,1.1547185316289852e-08,B,1
2026-08-08 08:41:00+00:00,9.364166702658592e-07,2.6281084669031465e-07,B,1
2026-08-08 08:42:00+00:00,1e-10,1e-10,B,1
2026-08-08 08:43:00+00:00,1e-10,1e-10,B,1
2026-08-08 08:44:00+00:00,1e-10,1e-10,B,1
2026-08-08 08:45:00+00:00,1e-10,1e-10,B,1
2026-08-08 08:46:00+00:00,1e-10,1e-10,B,1
2026-08-08 08:47:00+00:00,1e-10,1e-10,B,1
2026-08-08 08:48:00+00:00,1e-10,1e-10,B,1
2026-08-08 08:49:00+00:00,1.0552090966412137e-06,7.967515736647434e-07,B,1
2026-08-08 08:50:00+00:00,1e-10,1e-10,B,1
2026-08-08 08:51:00+00:00,1e-10,2.8671533539999977e-06,B,2
2026-08-08 08:52:00+00:00,3.2559881220151404e-07,1.2145519293481282e-06,B,2
2026-08-08 08:53:00+00:00,9.048817370703066e-07,1.3012087128405313e-06,B,2
2026-08-08 08:54:00+00:00,1.123145867916185e-06,1e-10,B,2
2026-08-08 08:55:00+00:00,8.458678921750042e-07,1.3523420601778374e-06,B,2
2026-08-08 08:56:00+00:00,1.910224750642348e-06,1.2551245683419606e-06,B,2
2026-08-08 08:57:00+00:00,6.272669639499273e-07,1e-10,B,2
2026-08-08 08:58:00+00:00,3.274133155697133e-07,4.661769962153308e-07,B,2
2026-08-08 08:59:00+00:00,1.5421174195137805e-06,2.109467511666271e-06,B,2
2026-08-08 09:00:00+00:00,1e-10,5.856201588347324e-07,B,2
2026-08-08 09:01:00+00:00,5.419786889181647e-08,1.2091701055449847e-06,B,2
2026-08-08 09:02:00+00:00,1e-10,1e-10,B,2
2026-08-08 09:03:00+00:00,2.4797657401318345e-06,1e-10,B,2
2026-08-08 09:04:00+00:00,2.7414040870408454e-06,6.857100136221409e-07,B,2
2026-08-08 09:05:00+00:00,2.6189533208900145e-07,1e-10,B,3
2026-08-08 09:06:00+00:00,1.2043153684510845e-06,3.9513729892838307e-07,B,3
2026-08-08 09:07:00+00:00,1.157256917516206e-06,1.6713537985492104e-07,B,3
2026-08-08 09:08:00+00:00,6.012768659449248e-07,1e-10,B,3
2026-08-08 09:09:00+00:00,1.7327997820024592e-06,1.4553115574476993e-07,B,3
2026-08-08 09:10:00+00:00,1e-10,1e-10,B,3
2026-08-08 09:11:00+00:00,1.1100958276762933e-07,1e-10,B,3
2026-08-08 09:12:00+00:00,1e-10,9.207859053483653e-07,B,3
2026-08-08 09:13:00+00:00,1e-10,1e-10,B,3
2026-08-08 09:14:00+00:00,1e-10,1e-10,B,3
2026-08-08 09:15:00+00:00,1e-10,1e-10,B,3
2026-08-08 09:16:00+00:00,1e-10,1.6483168764795087e-06,B,3
2026-08-08 09:17:00+00:00,6.55880475059324e-07,5.711998358056828e-07,B,3
2026-08-08 09:18:00+00:00,1e-10,1e-10,B,3
2026-08-08 09:19:00+00:00,,,B,3
2026-08-08 09:20:00+00:00,,,B,3
2026-08-08 09:21:00+00:00,,,B,3
2026-08-08 09:22:00+00:00,,,B,3
2026-08-08 09:23:00+00:00,,,B,3
2026-08-08 09:24:00+00:00,,,B,3
2026-08-08 09:25:00+00:00,,,B,3
2026-08-08 09:26:00+00:00,,,B,3
2026-08-08 09:27:00+00:00,,,B,3
2026-08-08 09:28:00+00:00,,,B,3
2026-08-08 09:29:00+00:00,,,B,3
2026-08-08 09:30:00+00:00,,,B,3
2026-08-08 09:31:00+00:00,2.3462338427248254e-07,1e-10,B,3
2026-08-08 09:32:00+00:00,1e-10,1e-10,B,3
2026-08-08 09:33:00+00:00,1.4095557047488729e-07,2.43500168005927e-06,B,3
2026-08-08 09:34:00+00:00,1e-10,1.2123133654842059e-06,B,3
2026-08-08 09:35:00+00:00,1e-10,1e-10,B,3
2026-08-08 09:36:00+00:00,1e-10,1.9450216908664e-08,B,3
2026-08-08 09:37:00+00:00,1e-10,2.7157092859760797e-07,B,3
2026-08-08 09:38:00+00:00,6.323559551336186e-07,1e-10,B,3
2026-08-08 09:39:00+00:00,8.589661309661054e-07,6.927117282138172e-07,B,3
2026-08-08 09:40:00+00:00,1e-10,1e-10,B,3
2026-08-08 09:41:00+00:00,1e-10,1e-10,B,3
2026-08-08 09:42:00+00:00,1e-10,1.062307597292046e-06,B,3
2026-08-08 09:43:00+00:00,9.35355678666996e-08,6.394708315109822e-07,B,3
2026-08-08 09:44:00+00:00,7.826569454357594e-08,2.054450604233329e-06,B,3
2026-08-08 09:45:00+00:00,1e-10,1e-10,B,3
2026-08-08 09:46:00+00:00,1e-10,1.7390818093126767e-06,B,3
2026-08-08 09:47:00+00:00,1e-10,1e-10,B,3
2026-08-08 09:48:00+00:00,1e-10,1.2802459445801187e-06,B,3
2026-08-08 09:49:00+00:00,1e-10,2.0804918521861295e-06,B,3
2026-08-08 09:50:00+00:00,9.389951597011963e-07,1e-10,B,3
2026-08-08 09:51:00+00:00,1.6107459069794707e-06,1e-10,B,3
2026-08-08 09:52:00+00:00,1.3652851450598436e-06,2.4382424191584013e-07,B,3
2026-08-08 09:53:00+00:00,1.6317933989374967e-07,2.1682768309032495e-07,B,3
2026-08-08 09:54:00+00:00,1e-10,1e-10,B,3
2026-08-08 09:55:00+00:00,1e-10,1.0771035049714174e-06,B,3
2026-08-08 09:56:00+00:00,1e-10,1e-10,B,3
2026-08-08 09:57:00+00:00,1e-10,1e-10,B,3
2026-08-08 09:58:00+00:00,1e-10,1e-10,B,3
2026-08-08 09:59:00+00:00,1e-10,1.8172013848648442e-06,B,3
2026-08-08 10:00:00+00:00,1e-10,8.617246715110975e-07,B,3
2026-08-08 10:01:00+00:00,1.0823665390861224e-06,1e-10,B,3
2026-08-08 10:02:00+00:00,7.208123891072109e-07,4.819370794428908e-08,B,3
2026-08-08 10:03:00+00:00,1e-10,1e-10,B,3
2026-08-08 10:04:00+00:00,4.700903051392743e-07,1e-10,B,3
2026-08-08 10:05:00+00:00,3.88045836632997e-07,1.7724385052576822e-06,B,3
2026-08-08 10:06:00+00:00,1e-10,1e-10,B,3
2026-08-08 10:07:00+00:00,2.0395337753388864e-06,3.4473548445885434e-06,B,3
2026-08-08 10:08:00+00:00,1e-10,3.942552373775442e-08,B,3
2026-08-08 10:09:00+00:00,1e-10,1.3955495565995613e-06,B,3
2026-08-08 10:10:00+00:00,2.1958950111261553e-07,3.4057470993577664e-08,B,3
2026-08-08 10:11:00+00:00,6.6919306051494e-07,3.465128865535476e-07,B,3
2026-08-08 10:12:00+00:00,1e-10,1e-10,B,3
2026-08-08 10:13:00+00:00,1.4211721525215267e-06,1e-10,B,3
2026-08-08 10:14:00+00:00,2.4029058586223247e-07,1.868568302918066e-06,B,3
2026-08-08 10:15:00+00:00,1e-10,1e-10,B,3
2026-08-08 10:16:00+00:00,1e-10,1.6402799011690435e-06,B,3
2026-08-08 10:17:00+00:00,1.9949348412438293e-07,2.340083216780349e-06,B,3
2026-08-08 10:18:00+00:00,1.2879098252716e-07,1e-10,B,3
2026-08-08 10:19:00+00:00,1.3845532677784322e-06,1e-10,-,0
2026-08-08 10:20:00+00:00,9.59053830147363e-07,1e-10,-,0
2026-08-08 10:21:00+00:00,1e-10,1e-10,-,0
2026-08-08 10:22:00+00:00,1e-10,3.908886727717051e-07,-,0
2026-08-08 10:23:00+00:00,1e-10,1.4506907813033065e-06,-,0
2026-08-08 10:24:00+00:00,1.6499711233070529e-06,1e-10,-,0
2026-08-08 10:25:00+00:00,1e-10,5.304834329967244e-07,-,0
2026-08-08 10:26:00+00:00,2.5895450917913844e-07,1e-10,-,0
2026-08-08 10:27:00+00:00,1e-10,1e-10,-,0
2026-08-08 10:28:00+00:00,1e-10,1e-10,-,0
2026-08-08 10:29:00+00:00,1e-10,3.7470394270260805e-07,-,0
2026-08-08 10:30:00+00:00,1e-10,1e-10,-,0
2026-08-08 10:31:00+00:00,6.621502334060625e-07,1.904815591482979e-08,-,0
2026-08-08 10:32:00+00:00,6.199610642602021e-07,1e-10,-,0
2026-08-08 10:33:00+00:00,1e-10,1.4801677256930851e-07,-,0
2026-08-08 10:34:00+00:00,3.7790233785838903e-07,1e-10,-,0
2026-08-08 10:35:00+00:00,1.0840489988307822e-06,1.020522799962379e-06,-,0
2026-08-08 10:36:00+00:00,5.99248822020542e-07,1e-10,-,0
2026-08-08 10:37:00+00:00,1e-10,1e-10,-,0
2026-08-08 10:38:00+00:00,8.141536228857995e-08,1e-10,-,0
2026-08-08 10:39:00+00:00,2.0231588805035234e-07,1e-10,-,0
2026-08-08 10:40:00+00:00,1.5796608472394224e-06,1e-10,-,0
2026-08-08 10:41:00+00:00,1.9135160133327013e-06,1e-10,-,0
2026-08-08 10:42:00+00:00,7.466379048238115e-07,1e-10,-,0
2026-08-08 10:43:00+00:00,8.840987022408179e-08,1.8784029874863328e-07,-,0
2026-08-08 10:44:00+00:00,1e-10,4.777385734711717e-07,-,0
2026-08-08 10:45:00+00:00,1.1022347193054744e-07,1.1365909238569679e-06,-,0
2026-08-08 10:46:00+00:00,2.5754988065875813e-07,5.650041283626638e-07,-,0
2026-08-08 10:47:00+00:00,1e-10,3.7406021756366035e-07,-,0
2026-08-08 10:48:00+00:00,2.208473326267167e-06,6.41291282613904e-07,-,0
2026-08-08 10:49:00+00:00,1e-10,1e-10,-,0
2026-08-08 10:50:00+00:00,1.4654954970318491e-06,1.0489488761619153e-06,-,0
2026-08-08 10:51:00+00:00,1e-10,1e-10,-,0
2026-08-08 10:52:00+00:00,1e-10,1e-10,-,0
2026-08-08 10:53:00+00:00,1e-10,1e-10,-,0
2026-08-08 10:54:00+00:00,2.845345545914185e-07,4.994531549910498e-07,-,0
2026-08-08 10:55:00+00:00,1e-10,3.821175584902712e-07,-,0
2026-08-08 10:56:00+00:00,1.561407642231821e-06,8.369080821245366e-07,-,0
2026-08-08 10:57:00+00:00,1e-10,1e-10,-,0
2026-08-08 10:58:00+00:00,1e-10,8.092557534317307e-07,-,0
2026-08-08 10:59:00+00:00,1e-10,1e-10,-,0
2026-08-08 11:00:00+00:00,1e-10,1e-10,-,0
2026-08-08 11:01:00+00:00,8.281666347176708e-07,1e-10,-,0
2026-08-08 11:02:00+00:00,1.0292323763777049e-06,1e-10,-,0
2026-08-08 11:03:00+00:00,1e-10,3.7444912723391247e-07,-,0
2026-08-08 11:04:00+00:00,1e-10,1e-10,-,0
2026-08-08 11:05:00+00:00,1e-10,1e-10,-,0
2026-08-08 11:06:00+00:00,1e-10,1e-10,-,0
2026-08-08 11:07:00+00:00,1.09282756284624e-06,1e-10,-,0
2026-08-08 11:08:00+00:00,2.1495538054177615e-07,1e-10,-,0
2026-08-08 11:09:00+00:00,6.358379668896428e-07,1e-10,-,0
2026-08-08 11:10:00+00:00,8.549640882235425e-07,2.9767539414576745e-06,-,0
2026-08-08 11:11:00+00:00,1e-10,4.716758533274061e-08,-,0
2026-08-08 11:12:00+00:00,1e-10,3.3019727452438146e-06,-,0
2026-08-08 11:13:00+00:00,1e-10,1e-10,-,0
2026-08-08 11:14:00+00:00,9.374255588665648e-07,1e-10,-,0
2026-08-08 11:15:00+00:00,6.939521807987655e-07,1e-10,-,0
2026-08-08 11:16:00+00:00,1.1895434182187639e-07,6.297501328617031e-07,-,0
2026-08-08 11:17:00+00:00,1.075598364134898e-06,1.128958683457015e-07,-,0
2026-08-08 11:18:00+00:00,1.928710764187792e-07,1e-10,-,0
2026-08-08 11:19:00+00:00,1e-10,1e-10,-,0
2026-08-08 11:20:00+00:00,1e-10,1e-10,-,0
2026-08-08 11:21:00+00:00,1.436049882019652e-06,1.1960130650825731e-07,-,0
2026-08-08 11:22:00+00:00,1e-10,1.6991200026504097e-07,-,0
2026-08-08 11:23:00+00:00,1e-10,1.175966967894663e-07,-,0
2026-08-08 11:24:00+00:00,1e-10,1e-10,-,0
2026-08-08 11:25:00+00:00,1.6868828892511262e-06,1e-10,-,0
2026-08-08 11:26:00+00:00,1.1264100176413458e-06,1.2639014079691294e-06,-,0
2026-08-08 11:27:00+00:00,1e-10,2.1749360446255492e-07,-,0
2026-08-08 11:28:00+00:00,5.466704112961742e-07,6.379749701387561e-07,-,0
2026-08-08 11:29:00+00:00,1.3863799793607527e-06,1.0572865930064599e-06,-,0
2026-08-08 11:30:00+00:00,4.105293268772631e-07,1e-10,-,0
2026-08-08 11:31:00+00:00,1.596554980092765e-07,5.668121656905264e-08,-,0
2026-08-08 11:32:00+00:00,1e-10,1.2343172096528513e-06,-,0
2026-08-08 11:33:00+00:00,1.4073678373462543e-06,1e-10,-,0
2026-08-08 11:34:00+00:00,1e-10,1e-10,-,0
2026-08-08 11:35:00+00:00,1e-10,1e-10,-,0
2026-08-08 11:36:00+00:00,1e-10,1e-10,-,0
2026-08-08 11:37:00+00:00,1e-10,6.281928951396766e-07,-,0
2026-08-08 11:38:00+00:00,5.666390415121295e-07,1.9274140184822138e-07,-,0
2026-08-08 11:39:00+00:00,1.3105975915696481e-06,1e-10,-,0
2026-08-08 11:40:00+00:00,4.067245139787035e-07,1e-10,-,0
2026-08-08 11:41:00+00:00,1.9520497426434117e-06,1e-10,-,0
2026-08-08 11:42:00+00:00,1e-10,1.173025653810951e-06,-,0
2026-08-08 11:43:00+00:00,1e-10,1e-10,-,0
2026-08-08 11:44:00+00:00,1e-10,1e-10,-,0
2026-08-08 11:45:00+00:00,1e-10,1e-10,-,0
2026-08-08 11:46:00+00:00,1e-10,1e-10,-,0
2026-08-08 11:47:00+00:00,1e-10,1.7999848306622603e-06,-,0
2026-08-08 11:48:00+00:00,7.253754943534068e-07,6.745470197776836e-08,-,0
2026-08-08 11:49:00+00:00,1e-10,1e-10,-,0
2026-08-08 11:50:00+00:00,1e-10,1e-10,-,0
2026-08-08 11:51:00+00:00,1e-10,1e-10,-,0
2026-08-08 11:52:00+00:00,8.858560010965355e-07,1e-10,-,0
2026-08-08 11:53:00+00:00,1.840975832112337e-06,2.5871643434732584e-06,-,0
2026-08-08 11:54:00+00:00,1e-10,9.614970264319818e-07,-,0
2026-08-08 11:55:00+00:00,1.0713941280131088e-06,1e-10,-,0
2026-08-08 11:56:00+00:00,1e-10,1.2727720755830432e-07,-,0
2026-08-08 11:57:00+00:00,1.3898602055155574e-06,1e-10,-,0
2026-08-08 11:58:00+00:00,1e-10,1.0028433165726074e-06,-,0
2026-08-08 11:59:00+00:00,7.686983929296979e-07,1e-10,-,0
2026-08-08 12:00:00+00:00,1e-10,1e-10,-,0
2026-08-08 12:01:00+00:00,1e-10,1e-10,-,0
2026-08-08 12:02:00+00:00,1e-10,8.241153545327276e-07,-,0
2026-08-08 12:03:00+00:00,2.1990769941852632e-07,1e-10,-,0
2026-08-08 12:04:00+00:00,1e-10,1e-10,-,0
2026-08-08 12:05:00+00:00,3.5849254934087847e-07,1e-10,-,0
2026-08-08 12:06:00+00:00,1e-10,1e-10,-,0
2026-08-08 12:07:00+00:00,6.261842867789768e-07,1.4179648682906024e-06,-,0
2026-08-08 12:08:00+00:00,1e-10,7.315152759023881e-08,-,0
2026-08-08 12:09:00+00:00,5.173234586295765e-07,1e-10,-,0
2026-08-08 12:10:00+00:00,9.320145162319622e-07,1e-10,-,0
2026-08-08 12:11:00+00:00,1e-10,1e-10,-,0
2026-08-08 12:12:00+00:00,1e-10,1e-10,-,0
2026-08-08 12:13:00+00:00,1.6741110590741346e-06,1e-10,-,0
2026-08-08 12:14:00+00:00,1e-10,1.9995386057338205e-06,-,0
2026-08-08 12:15:00+00:00,1e-10,1e-10,-,0
2026-08-08 12:16:00+00:00,7.364211321836842e-07,4.6789987650402317e-07,-,0
2026-08-08 12:17:00+00:00,4.93768465519334e-07,1e-10,-,0
2026-08-08 12:18:00+00:00,1e-10,1e-10,-,0
2026-08-08 12:19:00+00:00,1e-10,1e-10,-,0
2026-08-08 12:20:00+00:00,1.1037635349948048e-06,3.2364841261247187e-07,-,0
2026-08-08 12:21:00+00:00,1e-10,1e-10,-,0
2026-08-08 12:22:00+00:00,2.5470493050663493e-06,1e-10,-,0
2026-08-08 12:23:00+00:00,1e-10,1e-10,-,0
2026-08-08 12:24:00+00:00,1e-10,2.217266223580621e-06,-,0
2026-08-08 12:25:00+00:00,4.0736109118098993e-07,1e-10,-,0
2026-08-08 12:26:00+00:00,6.367968040492152e-07,1e-10,-,0
2026-08-08 12:27:00+00:00,1e-10,1e-10,-,0
2026-08-08 12:28:00+00:00,1.8985293074935464e-06,1.2879598708526849e-06,-,0
2026-08-08 12:29:00+00:00,3.9099506885024e-07,1e-10,-,0
2026-08-08 12:30:00+00:00,1e-10,1e-10,-,0
2026-08-08 12:31:00+00:00,4.561927009722382e-07,1e-10,-,0
2026-08-08 12:32:00+00:00,1.36662365703263e-06,1.0831302109982761e-06,-,0
2026-08-08 12:33:00+00:00,1.806743730196482e-06,1e-10,-,0
2026-08-08 12:34:00+00:00,2.429438705562363e-07,1e-10,-,0
2026-08-08 12:35:00+00:00,1e-10,1e-10,-,0
2026-08-08 12:36:00+00:00,1e-10,1e-10,-,0
2026-08-08 12:37:00+00:00,1e-10,1.7905465062465304e-06,-,0
2026-08-08 12:38:00+00:00,1e-10,1e-10,-,0
2026-08-08 12:39:00+00:00,6.80857341397531e-08,1.7060972252622355e-07,-,0
2026-08-08 12:40:00+00:00,2.638863836469758e-07,1e-10,-,0
2026-08-08 12:41:00+00:00,1.2728280190289124e-06,3.934518751953814e-07,-,0
2026-08-08 12:42:00+00:00,1e-10,1e-10,-,0
2026-08-08 12:43:00+00:00,1.509346098872402e-08,1.2215800241451806e-09,-,0
2026-08-08 12:44:00+00:00,5.338745802331742e-07,1e-10,-,0
2026-08-08 12:45:00+00:00,1e-10,1e-10,-,0
2026-08-08 12:46:00+00:00,5.267929341858361e-07,1e-10,-,0
2026-08-08 12:47:00+00:00,3.047785292644895e-06,1e-10,-,0
2026-08-08 12:48:00+00:00,8.847032868309494e-07,1e-10,-,0
2026-08-08 12:49:00+00:00,3.687576243706592e-07,1e-10,-,0
2026-08-08 12:50:00+00:00,1e-10,1e-10,-,0
2026-08-08 12:51:00+00:00,2.820967525501308e-07,1e-10,-,0
2026-08-08 12:52:00+00:00,1.7278829676648679e-06,1e-10,-,0
2026-08-08 12:53:00+00:00,1e-10,1e-10,-,0
2026-08-08 12:54:00+00:00,1.3482173295974635e-06,1e-10,-,0
2026-08-08 12:55:00+00:00,5.427881617435512e-07,1.625224502381752e-08,-,0
2026-08-08 12:56:00+00:00,1.831111764171123e-06,1.4844431217153119e-06,-,0
2026-08-08 12:57:00+00:00,1.2338090769717698e-06,2.6181036840997654e-06,-,0
2026-08-08 12:58:00+00:00,2.360567224951463e-07,1.949989672317616e-06,-,0
2026-08-08 12:59:00+00:00,1.6754497131131974e-07,1e-10,-,0
2026-08-08 13:00:00+00:00,1e-10,3.4722665431161734e-07,-,0
2026-08-08 13:01:00+00:00,1.1043773815684285e-06,9.924695777495815e-07,-,0
2026-08-08 13:02:00+00:00,1e-10,4.963274996965439e-07,-,0
2026-08-08 13:03:00+00:00,1.4921858286770328e-07,1e-10,-,0
2026-08-08 13:04:00+00:00,1e-10,9.378663010382938e-08,-,0
2026-08-08 13:05:00+00:00,1e-10,2.278719050149467e-07,-,0
2026-08-08 13:06:00+00:00,2.686535997226358e-07,1e-10,-,0
2026-08-08 13:07:00+00:00,1e-10,1.0535576573035649e-07,-,0
2026-08-08 13:08:00+00:00,1e-10,1e-10,-,0
2026-08-08 13:09:00+00:00,7.653980342743318e-07,2.482493147538756e-06,-,0
2026-08-08 13:10:00+00:00,2.1261315820946195e-07,1e-10,-,0
2026-08-08 13:11:00+00:00,1.979017723930362e-07,4.799099274767173e-07,-,0
2026-08-08 13:12:00+00:00,1e-10,1.342991947948459e-07,-,0
2026-08-08 13:13:00+00:00,1.1907359333486029e-06,2.381495716687782e-08,-,0
2026-08-08 13:14:00+00:00,1e-10,5.689746985845423e-07,-,0
2026-08-08 13:15:00+00:00,8.12304521259987e-07,1.1449227181544769e-06,-,0
2026-08-08 13:16:00+00:00,1.4647706684268149e-06,7.450392927512363e-09,-,0
2026-08-08 13:17:00+00:00,1e-10,8.083756375040275e-07,-,0
2026-08-08 13:18:00+00:00,1e-10,4.3803690339670863e-07,-,0
2026-08-08 13:19:00+00:00,1e-10,1e-10,-,0
2026-08-08 13:20:00+00:00,3.280768792581163e-07,1e-10,-,0
2026-08-08 13:21:00+00:00,1e-10,1e-10,-,0
2026-08-08 13:22:00+00:00,1e-10,6.031971031195603e-07,-,0
2026-08-08 13:23:00+00:00,1e-10,7.006134230512352e-07,-,0
2026-08-08 13:24:00+00:00,1e-10,5.981078512342115e-08,-,0
2026-08-08 13:25:00+00:00,1e-10,3.5838193501576163e-07,-,0
2026-08-08 13:26:00+00:00,1.014739600405774e-06,1.0272230428058466e-07,-,0
2026-08-08 13:27:00+00:00,1e-10,1e-10,-,0
2026-08-08 13:28:00+00:00,1e-10,1.3201237998127136e-06,-,0
2026-08-08 13:29:00+00:00,1e-10,5.989876431363484e-07,-,0
2026-08-08 13:30:00+00:00,5.495737883851274e-08,2.0784465791001904e-06,-,0
2026-08-08 13:31:00+00:00,1e-10,1e-10,-,0
2026-08-08 13:32:00+00:00,1e-10,1e-10,-,0
2026-08-08 13:33:00+00:00,4.6283557494335776e-07,1e-10,-,0
2026-08-08 13:34:00+00:00,3.094643223881166e-06,2.5401089406190395e-06,-,0
2026-08-08 13:35:00+00:00,1e-10,5.606733007218134e-07,-,0
2026-08-08 13:36:00+00:00,1e-10,8.518745169216754e-07,-,0
2026-08-08 13:37:00+00:00,1e-10,1.8915521153029524e-06,-,0
2026-08-08 13:38:00+00:00,1.061033766308705e-06,1.4656909392153268e-07,-,0
2026-08-08 13:39:00+00:00,1e-10,1e-10,-,0
2026-08-08 13:40:00+00:00,1.4637953042273578e-06,1.000385785569836e-06,-,0
2026-08-08 13:41:00+00:00,1e-10,1e-10,-,0
2026-08-08 13:42:00+00:00,2.3979361162344905e-07,1e-10,-,0
2026-08-08 13:43:00+00:00,7.592342741572452e-07,1.6849999605115215e-06,-,0
2026-08-08 13:44:00+00:00,8.707757902965286e-07,1e-10,-,0
2026-08-08 13:45:00+00:00,7.943402943067194e-07,1e-10,-,0
2026-08-08 13:46:00+00:00,3.2127762395226476e-07,8.590824289869333e-07,-,0
2026-08-08 13:47:00+00:00,1.3033361871247455e-06,1e-10,-,0
2026-08-08 13:48:00+00:00,1e-10,9.296251260676725e-08,-,0
2026-08-08 13:49:00+00:00,1e-10,2.688544993277878e-07,-,0
2026-08-08 13:50:00+00:00,1e-10,1.1815626250856171e-06,-,0
2026-08-08 13:51:00+00:00,1.670358831883264e-06,6.617142841831434e-07,-,0
2026-08-08 13:52:00+00:00,5.414050842224642e-07,7.998095589523973e-07,-,0
2026-08-08 13:53:00+00:00,7.828580594464014e-07,9.921096743662839e-07,-,0
2026-08-08 13:54:00+00:00,1e-10,1.6249582411604203e-06,-,0
2026-08-08 13:55:00+00:00,9.320753210802624e-07,1e-10,-,0
2026-08-08 13:56:00+00:00,1e-10,1e-10,-,0
2026-08-08 13:57:00+00:00,1e-10,1e-10,-,0
2026-08-08 13:58:00+00:00,1e-10,6.840472403328802e-07,-,0
2026-08-08 13:59:00+00:00,1e-10,1e-10,-,0
2026-08-08 14:00:00+00:00,1e-10,1e-10,-,0
2026-08-08 14:01:00+00:00,6.329452435600842e-07,1.185082531955608e-06,-,0
2026-08-08 14:02:00+00:00,2.904243741033102e-07,6.2494283564734e-07,-,0
2026-08-08 14:03:00+00:00,1.3496223612857217e-06,1.741228549627436e-06,-,0
2026-08-08 14:04:00+00:00,1e-10,2.948712201427148e-07,-,0
2026-08-08 14:05:00+00:00,1.6737517143675824e-06,6.024980280570815e-07,-,0
2026-08-08 14:06:00+00:00,1e-10,1e-10,-,0
2026-08-08 14:07:00+00:00,1.4848885911970107e-06,1e-10,-,0
2026-08-08 14:08:00+00:00,1e-10,1e-10,-,0
2026-08-08 14:09:00+00:00,4.3480923481209267e-07,1e-10,-,0
2026-08-08 14:10:00+00:00,1e-10,1e-10,-,0
2026-08-08 14:11:00+00:00,1e-10,1.905658990492548e-07,-,0
2026-08-08 14:12:00+00:00,6.668752574328777e-07,1.0253293370980673e-06,-,0
2026-08-08 14:13:00+00:00,1e-10,1e-10,-,0
2026-08-08 14:14:00+00:00,1e-10,4.389197591304828e-07,-,0
2026-08-08 14:15:00+00:00,8.734137432633317e-07,1e-10,-,0
2026-08-08 14:16:00+00:00,1e-10,1e-10,-,0
2026-08-08 14:17:00+00:00,1e-10,1e-10,-,0
2026-08-08 14:18:00+00:00,1.7120009670215575e-06,3.384917369366862e-07,-,0
2026-08-08 14:19:00+00:00,2.1014490187324345e-06,6.54239786954228e-07,-,0
2026-08-08 14:20:00+00:00,2.518534192969499e-08,1.915306060414016e-06,-,0
2026-08-08 14:21:00+00:00,1.4368342110938225e-06,1e-10,-,0
2026-08-08 14:22:00+00:00,1.7040760017790835e-06,1e-10,-,0
2026-08-08 14:23:00+00:00,1.1380658055085042e-08,1.263737091489441e-06,-,0
2026-08-08 14:24:00+00:00,1e-10,1e-10,-,0
2026-08-08 14:25:00+00:00,1.245007451949244e-07,5.678949108795858e-07,-,0
2026-08-08 14:26:00+00:00,1e-10,1e-10,-,0
2026-08-08 14:27:00+00:00,6.571919904133575e-07,4.470881026200203e-07,-,0
2026-08-08 14:28:00+00:00,1e-10,6.72698168629717e-07,-,0
2026-08-08 14:29:00+00:00,9.251949418805133e-08,1.4616653067999725e-06,-,0
2026-08-08 14:30:00+00:00,7.697346057741065e-08,1e-10,-,0
2026-08-08 14:31:00+00:00,1e-10,5.516440100611395e-07,-,0
2026-08-08 14:32:00+00:00,1e-10,1e-10,-,0
2026-08-08 14:33:00+00:00,1e-10,1e-10,-,0
2026-08-08 14:34:00+00:00,1e-10,1e-10,-,0
2026-08-08 14:35:00+00:00,1e-10,1e-10,-,0
2026-08-08 14:36:00+00:00,1e-10,4.84503715705655e-07,-,0
2026-08-08 14:37:00+00:00,1e-10,1e-10,-,0
2026-08-08 14:38:00+00:00,1e-10,1.0976378095401604e-07,-,0
2026-08-08 14:39:00+00:00,5.631442577393107e-07,2.0767249756430468e-08,-,0
2026-08-08 14:40:00+00:00,2.2578670474335298e-07,7.307326246430392e-07,-,0
2026-08-08 14:41:00+00:00,1.2255627846770051e-06,1e-10,-,0
2026-08-08 14:42:00+00:00,1e-10,1e-10,-,0
2026-08-08 14:43:00+00:00,1e-10,1.0416705225831681e-06,-,0
2026-08-08 14:44:00+00:00,1.0418360871425729e-06,1e-10,-,0
2026-08-08 14:45:00+00:00,1e-10,1.2350969367952993e-06,-,0
2026-08-08 14:46:00+00:00,2.2944799663285602e-07,1e-10,-,0
2026-08-08 14:47:00+00:00,2.36513816003312e-06,8.459506801634884e-08,-,0
2026-08-08 14:48:00+00:00,1e-10,6.866077644591106e-07,-,0
2026-08-08 14:49:00+00:00,1e-10,7.252650387121077e-07,-,0
2026-08-08 14:50:00+00:00,1e-10,1e-10,-,0
2026-08-08 14:51:00+00:00,1e-10,1e-10,-,0
2026-08-08 14:52:00+00:00,1.1565556427614338e-06,1e-10,-,0
2026-08-08 14:53:00+00:00,6.628123031159478e-07,1e-10,-,0
2026-08-08 14:54:00+00:00,1.6091636444607176e-06,1.1023133982907184e-06,-,0
2026-08-08 14:55:00+00:00,4.262187853257876e-07,1e-10,-,0
2026-08-08 14:56:00+00:00,1e-10,1e-10,-,0
2026-08-08 14:57:00+00:00,7.217211099943895e-07,1e-10,-,0
2026-08-08 14:58:00+00:00,1.4162593943274867e-07,4.2458765050678745e-07,-,0
2026-08-08 14:59:00+00:00,3.1630649515605384e-08,1e-10,-,0
2026-08-08 15:00:00+00:00,1.3762414537946556e-06,7.503921445001954e-07,-,0
2026-08-08 15:01:00+00:00,1e-10,5.831782543436028e-07,-,0
2026-08-08 15:02:00+00:00,6.677068540104523e-07,1e-10,-,0
2026-08-08 15:03:00+00:00,1e-10,1e-10,-,0
2026-08-08 15:04:00+00:00,1e-10,1e-10,-,0
2026-08-08 15:05:00+00:00,1e-10,8.054098747032446e-07,-,0
2026-08-08 15:06:00+00:00,1e-10,6.054609678614415e-07,-,0
2026-08-08 15:07:00+00:00,6.320130637240073e-07,7.153143248186944e-07,-,0
2026-08-08 15:08:00+00:00,1e-10,1e-10,-,0
2026-08-08 15:09:00+00:00,1.6966921858249327e-06,1.127745129584381e-06,-,0
2026-08-08 15:10:00+00:00,1e-10,3.940833546360225e-07,-,0
2026-08-08 15:11:00+00:00,1e-10,1e-10,-,0
2026-08-08 15:12:00+00:00,4.134827964947143e-08,1e-10,-,0
2026-08-08 15:13:00+00:00,3.5598779050951195e-07,9.146424756513977e-07,-,0
2026-08-08 15:14:00+00:00,5.242716774949988e-07,1.6858571592793745e-06,-,0
2026-08-08 15:15:00+00:00,2.5335841941976914e-06,1e-10,-,0
2026-08-08 15:16:00+00:00,1e-10,3.040775869585072e-07,-,0
2026-08-08 15:17:00+00:00,3.750576047103816e-07,1e-10,-,0
2026-08-08 15:18:00+00:00,1e-10,1e-10,-,0
2026-08-08 15:19:00+00:00,1.1149149922773434e-06,5.298784500051344e-07,-,0
2026-08-08 15:20:00+00:00,5.237370725446228e-07,1.3697357074587095e-07,-,0
2026-08-08 15:21:00+00:00,2.7136100000509087e-07,1e-10,-,0
2026-08-08 15:22:00+00:00,1e-10,1e-10,-,0
2026-08-08 15:23:00+00:00,1e-10,1.0454679196925748e-06,-,0
2026-08-08 15:24:00+00:00,1e-10,9.53820991759377e-08,-,0
2026-08-08 15:25:00+00:00,1e-10,6.229427666581624e-09,-,0
2026-08-08 15:26:00+00:00,1e-10,1.145586959572399e-06,-,0
2026-08-08 15:27:00+00:00,1e-10,8.73558837080041e-07,-,0
2026-08-08 15:28:00+00:00,1e-10,1e-10,-,0
2026-08-08 15:29:00+00:00,1e-10,6.916351808007864e-07,-,0
2026-08-08 15:30:00+00:00,1e-10,1e-10,-,0
2026-08-08 15:31:00+00:00,1e-10,1.1381282007335478e-07,-,0
2026-08-08 15:32:00+00:00,6.924648655060143e-08,1e-10,-,0
2026-08-08 15:33:00+00:00,1e-10,1e-10,-,0
2026-08-08 15:34:00+00:00,1e-10,1.7932245894191595e-07,-,0
2026-08-08 15:35:00+00:00,1e-10,1e-10,-,0
2026-08-08 15:36:00+00:00,1e-10,1e-10,-,0
2026-08-08 15:37:00+00:00,2.7871181961808613e-06,1e-10,-,0
2026-08-08 15:38:00+00:00,6.096044105008555e-07,7.907441439402899e-07,-,0
2026-08-08 15:39:00+00:00,3.8109115738889707e-07,1.5635325570506667e-06,-,0
2026-08-08 15:40:00+00:00,1e-10,1e-10,-,0
2026-08-08 15:41:00+00:00,1.327249859194667e-07,1e-10,-,0
2026-08-08 15:42:00+00:00,1e-10,6.104992022098326e-07,-,0
2026-08-08 15:43:00+00:00,5.714779038404033e-07,2.8272137241608565e-07,-,0
2026-08-08 15:44:00+00:00,1e-10,5.063244166289307e-07,-,0
2026-08-08 15:45:00+00:00,1e-10,7.903519730946268e-07,-,0
2026-08-08 15:46:00+00:00,1e-10,1.6145939208270563e-07,-,0
2026-08-08 15:47:00+00:00,1.6998825082366247e-06,1.5323759031035626e-06,-,0
2026-08-08 15:48:00+00:00,1e-10,1.6580168065390721e-06,-,0
2026-08-08 15:49:00+00:00,4.0097774154934427e-07,2.143076101761776e-06,-,0
2026-08-08 15:50:00+00:00,1e-10,2.309171487851231e-06,-,0
2026-08-08 15:51:00+00:00,5.456405175493221e-08,1e-10,-,0
2026-08-08 15:52:00+00:00,1.9507636840350523e-06,1.2016507439957607e-06,-,0
2026-08-08 15:53:00+00:00,5.827853473628222e-07,2.1941112248764518e-07,-,0
2026-08-08 15:54:00+00:00,1e-10,1e-10,-,0
2026-08-08 15:55:00+00:00,7.584321759102573e-08,5.863282234013663e-07,-,0
2026-08-08 15:56:00+00:00,1e-10,1e-10,-,0
2026-08-08 15:57:00+00:00,1.3863747904568612e-06,6.104584935187027e-09,-,0
2026-08-08 15:58:00+00:00,1e-10,1e-10,-,0
2026-08-08 15:59:00+00:00,1e-10,1.464210819477771e-06,-,0
2026-08-08 16:00:00+00:00,1e-10,1e-10,-,0
2026-08-08 16:01:00+00:00,1e-10,1e-10,-,0
2026-08-08 16:02:00+00:00,1e-10,1.2802249390505592e-06,-,0
2026-08-08 16:03:00+00:00,1e-10,3.145107435700268e-07,-,0
2026-08-08 16:04:00+00:00,3.374699703307228e-08,2.0111464477943595e-06,-,0
2026-08-08 16:05:00+00:00,4.508474734673278e-07,9.976870920006467e-07,-,0
2026-08-08 16:06:00+00:00,1.1580524163277382e-06,1.2356873506171968e-06,-,0
2026-08-08 16:07:00+00:00,1e-10,1e-10,-,0
2026-08-08 16:08:00+00:00,1e-10,3.9693189370874924e-07,-,0
2026-08-08 16:09:00+00:00,1e-10,2.0474250020050986e-06,-,0
2026-08-08 16:10:00+00:00,6.543925046355534e-09,1e-10,-,0
2026-08-08 16:11:00+00:00,1.3732895560471245e-06,1.8428475269087273e-08,-,0
2026-08-08 16:12:00+00:00,3.507259332974037e-08,1e-10,-,0
2026-08-08 16:13:00+00:00,1e-10,3.1387596008503725e-07,-,0
2026-08-08 16:14:00+00:00,1e-10,8.569898331046671e-07,-,0
2026-08-08 16:15:00+00:00,2.1153006468668186e-08,1.582405006818806e-07,-,0
2026-08-08 16:16:00+00:00,2.142101243593499e-06,2.270523161304955e-06,-,0
2026-08-08 16:17:00+00:00,1e-10,1e-10,-,0
2026-08-08 16:18:00+00:00,1e-10,1e-10,-,0
2026-08-08 16:19:00+00:00,6.981990482113435e-08,1e-10,-,0
2026-08-08 16:20:00+00:00,1e-10,1.4325867860155011e-06,-,0
2026-08-08 16:21:00+00:00,1e-10,1e-10,-,0
2026-08-08 16:22:00+00:00,1e-10,1e-10,-,0
2026-08-08 16:23:00+00:00,1e-10,1e-10,-,0
2026-08-08 16:24:00+00:00,1.3370100613349128e-06,1e-10,-,0
2026-08-08 16:25:00+00:00,1.3192081204778272e-06,1e-10,-,0
2026-08-08 16:26:00+00:00,1e-10,1e-10,-,0
2026-08-08 16:27:00+00:00,1e-10,1e-10,-,0
2026-08-08 16:28:00+00:00,1.7539404535281187e-07,7.787508270879739e-07,-,0
2026-08-08 16:29:00+00:00,1e-10,1e-10,-,0
2026-08-08 16:30:00+00:00,1.4788124896180366e-06,1e-10,-,0
2026-08-08 16:31:00+00:00,8.71791032765486e-07,2.682872428256751e-08,-,0
2026-08-08 16:32:00+00:00,4.284210104351143e-07,1e-10,-,0
2026-08-08 16:33:00+00:00,1.0457296374218408e-07,1e-10,-,0
2026-08-08 16:34:00+00:00,1e-10,4.237631829560857e-07,-,0
2026-08-08 16:35:00+00:00,1.5317017729330688e-06,1e-10,-,0
2026-08-08 16:36:00+00:00,6.709706475066163e-07,7.349886292420463e-07,-,0
2026-08-08 16:37:00+00:00,4.820537915579083e-07,1e-10,-,0
2026-08-08 16:38:00+00:00,1e-10,1e-10,-,0
2026-08-08 16:39:00+00:00,1e-10,3.102270573757876e-06,-,0
2026-08-08 16:40:00+00:00,5.767217551537036e-07,1.2638582420754973e-07,-,0
2026-08-08 16:41:00+00:00,1.2481052038062332e-06,1.187235817401816e-06,-,0
2026-08-08 16:42:00+00:00,1.9390491138604446e-06,1e-10,-,0
2026-08-08 16:43:00+00:00,1e-10,1.4716741844144917e-06,-,0
2026-08-08 16:44:00+00:00,1e-10,8.294513917070669e-07,-,0
2026-08-08 16:45:00+00:00,1e-10,1e-10,-,0
2026-08-08 16:46:00+00:00,1e-10,1.0926841232842734e-06,-,0
2026-08-08 16:47:00+00:00,6.094958659645495e-07,1.3335611611867128e-06,-,0
2026-08-08 16:48:00+00:00,1e-10,1e-10,-,0
2026-08-08 16:49:00+00:00,1e-10,1e-10,-,0
2026-08-08 16:50:00+00:00,1e-10,2.3408181988217264e-06,-,0
2026-08-08 16:51:00+00:00,4.046966891372605e-07,2.2605673938663423e-07,-,0
2026-08-08 16:52:00+00:00,4.5235021931659947e-07,1.249177480819371e-06,-,0
2026-08-08 16:53:00+00:00,1e-10,9.297541164527812e-07,-,0
2026-08-08 16:54:00+00:00,1.3948134446582668e-06,1.2268776630830694e-06,-,0
2026-08-08 16:55:00+00:00,1e-10,1.1220528183302757e-06,-,0
2026-08-08 16:56:00+00:00,3.338188727660264e-07,1e-10,-,0
2026-08-08 16:57:00+00:00,7.20953516675721e-08,1e-10,-,0
2026-08-08 16:58:00+00:00,1.47996261145799e-08,1e-10,-,0
2026-08-08 16:59:00+00:00,1e-10,3.341289428435893e-07,-,0
2026-08-08 17:00:00+00:00,1.5314816991038841e-09,1e-10,-,0
2026-08-08 17:01:00+00:00,3.274819892584616e-07,1e-10,-,0
2026-08-08 17:02:00+00:00,1e-10,1e-10,-,0
2026-08-08 17:03:00+00:00,1.4116534509748189e-07,1e-10,-,0
2026-08-08 17:04:00+00:00,1.250834567155569e-06,3.005757687996032e-06,-,0
2026-08-08 17:05:00+00:00,1e-10,1e-10,-,0
2026-08-08 17:06:00+00:00,7.522266449902362e-07,1.4302737714122636e-06,-,0
2026-08-08 17:07:00+00:00,1e-10,1.0105106627330387e-06,-,0
2026-08-08 17:08:00+00:00,1.608750777536823e-06,1e-10,-,0
2026-08-08 17:09:00+00:00,1e-10,1.7105203870155758e-06,-,0
2026-08-08 17:10:00+00:00,1.4757980819851604e-06,1e-10,-,0
2026-08-08 17:11:00+00:00,1e-10,1e-10,-,0
2026-08-08 17:12:00+00:00,2.3675769790266257e-06,6.904554297451746e-07,-,0
2026-08-08 17:13:00+00:00,5.117293763861462e-07,4.238073721896053e-08,-,0
2026-08-08 17:14:00+00:00,9.70828399246347e-07,1e-10,-,0
2026-08-08 17:15:00+00:00,1e-10,1e-10,-,0
2026-08-08 17:16:00+00:00,7.821681969148134e-07,8.669324749239311e-07,-,0
2026-08-08 17:17:00+00:00,7.810978333459005e-07,1.0282775934327706e-06,-,0
2026-08-08 17:18:00+00:00,1e-10,1e-10,-,0
2026-08-08 17:19:00+00:00,8.779601304194714e-07,1.0499841396491509e-06,-,0
2026-08-08 17:20:00+00:00,1e-10,2.8699686444148254e-07,-,0
2026-08-08 17:21:00+00:00,1e-10,1.2415307527039893e-06,-,0
2026-08-08 17:22:00+00:00,5.5541702383096895e-08,8.829629564504938e-07,-,0
2026-08-08 17:23:00+00:00,5.852268426098575e-07,1e-10,-,0
2026-08-08 17:24:00+00:00,1.1038994138277572e-06,2.3482014495305093e-06,-,0
2026-08-08 17:25:00+00:00,1e-10,1e-10,-,0
2026-08-08 17:26:00+00:00,1e-10,1e-10,-,0
2026-08-08 17:27:00+00:00,9.934336943448107e-07,1e-10,-,0
2026-08-08 17:28:00+00:00,1.3054698905281308e-06,5.04500265801281e-07,-,0
2026-08-08 17:29:00+00:00,8.502122534331481e-07,1e-10,-,0
2026-08-08 17:30:00+00:00,1e-10,1e-10,-,0
2026-08-08 17:31:00+00:00,2.850381962113403e-06,1.256904172083367e-06,-,0
2026-08-08 17:32:00+00:00,1.1193188064694248e-07,1e-10,-,0
2026-08-08 17:33:00+00:00,2.684933359035393e-07,1e-10,-,0
2026-08-08 17:34:00+00:00,1.8366150478224838e-06,1e-10,-,0
2026-08-08 17:35:00+00:00,1.7239295807456262e-06,1e-10,-,0
2026-08-08 17:36:00+00:00,8.148791955415923e-07,2.8932280002690446e-07,-,0
2026-08-08 17:37:00+00:00,1e-10,1e-10,-,0
2026-08-08 17:38:00+00:00,1.522444304597515e-07,6.922242092251446e-07,-,0
2026-08-08 17:39:00+00:00,6.002940210528629e-07,1e-10,-,0
2026-08-08 17:40:00+00:00,2.1883539640440812e-06,1e-10,-,0
2026-08-08 17:41:00+00:00,3.297444999950176e-06,4.10515802732995e-07,-,0
2026-08-08 17:42:00+00:00,1e-10,1.4258882338622886e-06,-,0
2026-08-08 17:43:00+00:00,9.726542905068954e-07,1.5472907816579584e-06,-,0
2026-08-08 17:44:00+00:00,1e-10,6.742284375739913e-07,-,0
2026-08-08 17:45:00+00:00,1e-10,9.244533116751087e-07,-,0
2026-08-08 17:46:00+00:00,1e-10,1e-10,-,0
2026-08-08 17:47:00+00:00,1.877378366104469e-06,1e-10,-,0
2026-08-08 17:48:00+00:00,2.884551563881235e-07,5.304909645359364e-07,-,0
2026-08-08 17:49:00+00:00,3.515887060812218e-07,2.8200628346454197e-07,-,0
2026-08-08 17:50:00+00:00,8.389137790966582e-08,6.895195724460926e-07,-,0
2026-08-08 17:51:00+00:00,4.4546988003055096e-07,1.6175596102214258e-06,-,0
2026-08-08 17:52:00+00:00,4.826837879564329e-07,1e-10,-,0
2026-08-08 17:53:00+00:00,1e-10,1e-10,-,0
2026-08-08 17:54:00+00:00,1e-10,1e-10,-,0
2026-08-08 17:55:00+00:00,1e-10,2.3951070415366874e-07,-,0
2026-08-08 17:56:00+00:00,1e-10,1e-10,-,0
2026-08-08 17:57:00+00:00,2.433978648422431e-07,1e-10,-,0
2026-08-08 17:58:00+00:00,1e-10,1e-10,-,0
2026-08-08 17:59:00+00:00,1.112044814763246e-06,1e-10,-,0
2026-08-08 18:00:00+00:00,2.9398740255522994e-07,6.608913690123926e-07,-,0
2026-08-08 18:01:00+00:00,1e-10,1.7047506120739385e-06,-,0
2026-08-08 18:02:00+00:00,1e-10,1.3103755907933941e-06,-,0
2026-08-08 18:03:00+00:00,1e-10,1e-10,-,0
2026-08-08 18:04:00+00:00,1e-10,1e-10,-,0
2026-08-08 18:05:00+00:00,1e-10,1e-10,-,0
2026-08-08 18:06:00+00:00,1e-10,1.2572202106341255e-06,-,0
2026-08-08 18:07:00+00:00,2.1150870266365635e-06,1.6075774470226058e-07,-,0
2026-08-08 18:08:00+00:00,8.543180977553165e-07,1.791908079244799e-06,-,0
2026-08-08 18:09:00+00:00,1e-10,6.860937197875031e-07,-,0
2026-08-08 18:10:00+00:00,1.6068863900427735e-06,1e-10,-,0
2026-08-08 18:11:00+00:00,1e-10,1e-10,-,0
2026-08-08 18:12:00+00:00,1e-10,3.4948471141815255e-07,-,0
2026-08-08 18:13:00+00:00,9.740127294839326e-07,2.359230624843255e-06,-,0
2026-08-08 18:14:00+00:00,1e-10,9.6025775921404e-07,-,0
2026-08-08 18:15:00+00:00,7.883602134721633e-07,1e-10,-,0
2026-08-08 18:16:00+00:00,3.52670860472455e-07,9.485411770579998e-07,-,0
2026-08-08 18:17:00+00:00,6.799808217814383e-07,8.249558849749599e-07,-,0
2026-08-08 18:18:00+00:00,2.0181314415581433e-06,1.4240283926063599e-06,-,0
2026-08-08 18:19:00+00:00,5.32920796442826e-07,1e-10,-,0
2026-08-08 18:20:00+00:00,1.6973573970674387e-07,4.919539343821485e-07,-,0
2026-08-08 18:21:00+00:00,1e-10,1e-10,-,0
2026-08-08 18:22:00+00:00,2.607225993027657e-07,1e-10,-,0
2026-08-08 18:23:00+00:00,1e-10,7.906874608877385e-07,-,0
2026-08-08 18:24:00+00:00,1e-10,1.400415367581048e-06,-,0
2026-08-08 18:25:00+00:00,1e-10,1.1922263862391402e-08,-,0
2026-08-08 18:26:00+00:00,5.709861384757089e-07,1e-10,-,0
2026-08-08 18:27:00+00:00,1e-10,3.9885117799177784e-07,-,0
2026-08-08 18:28:00+00:00,2.635144657912984e-07,1.297055748240979e-06,-,0
2026-08-08 18:29:00+00:00,1e-10,1.0082474337250896e-06,-,0
2026-08-08 18:30:00+00:00,1e-10,3.737118856772224e-07,-,0
2026-08-08 18:31:00+00:00,1e-10,7.743509907707675e-07,-,0
2026-08-08 18:32:00+00:00,5.393509795261537e-07,9.243223790547632e-07,-,0
2026-08-08 18:33:00+00:00,1e-10,1e-10,-,0
2026-08-08 18:34:00+00:00,1.783143016385178e-07,6.071747178486488e-07,-,0
2026-08-08 18:35:00+00:00,1e-10,1e-10,-,0
2026-08-08 18:36:00+00:00,1e-10,1.2089484062163377e-06,-,0
2026-08-08 18:37:00+00:00,6.419589505939881e-07,9.527544467661691e-07,-,0
2026-08-08 18:38:00+00:00,1e-10,7.565514811084651e-08,-,0
2026-08-08 18:39:00+00:00,4.430567454525238e-07,1e-10,-,0
2026-08-08 18:40:00+00:00,1e-10,1.2918454473561916e-06,-,0
2026-08-08 18:41:00+00:00,1.8046305818997273e-07,3.125249547307948e-07,-,0
2026-08-08 18:42:00+00:00,7.166133275432018e-07,2.9463256222295883e-07,-,0
2026-08-08 18:43:00+00:00,4.139449179111607e-07,3.803431709752049e-07,-,0
2026-08-08 18:44:00+00:00,1.0196084469690903e-06,4.649984600584e-07,-,0
2026-08-08 18:45:00+00:00,7.401637363705445e-07,1.3119740631798426e-06,-,0
2026-08-08 18:46:00+00:00,3.6212841680056906e-07,1e-10,-,0
2026-08-08 18:47:00+00:00,9.656464012073249e-07,1e-10,-,0
2026-08-08 18:48:00+00:00,1e-10,1e-10,-,0
2026-08-08 18:49:00+00:00,6.045893966453737e-07,4.547008529175753e-07,-,0
2026-08-08 18:50:00+00:00,5.6368047399060856e-08,1e-10,-,0
2026-08-08 18:51:00+00:00,2.0759436575537276e-06,1.6576836365882217e-07,-,0
2026-08-08 18:52:00+00:00,3.3018108232730154e-07,1e-10,-,0
2026-08-08 18:53:00+00:00,1e-10,1e-10,-,0
2026-08-08 18:54:00+00:00,3.074102481093372e-07,1e-10,-,0
2026-08-08 18:55:00+00:00,1e-10,9.780990213259291e-08,-,0
2026-08-08 18:56:00+00:00,8.348441343484186e-07,7.736685688453643e-07,-,0
2026-08-08 18:57:00+00:00,8.562057878102843e-07,1e-10,-,0
2026-08-08 18:58:00+00:00,1e-10,1.603406549524133e-07,-,0
2026-08-08 18:59:00+00:00,1e-10,4.5956090412458205e-07,-,0
2026-08-08 19:00:00+00:00,1.7235483968833975e-07,1e-10,-,0
2026-08-08 19:01:00+00:00,1e-10,4.3132494809117926e-07,-,0
2026-08-08 19:02:00+00:00,1e-10,1e-10,-,0
2026-08-08 19:03:00+00:00,1e-10,1e-10,-,0
2026-08-08 19:04:00+00:00,7.186828531571449e-07,1.1904421278485442e-06,-,0
2026-08-08 19:05:00+00:00,1e-10,1e-10,-,0
2026-08-08 19:06:00+00:00,1e-10,1e-10,-,0
2026-08-08 19:07:00+00:00,2.680074773835722e-06,8.446656722942252e-08,-,0
2026-08-08 19:08:00+00:00,2.1940150314133793e-06,2.8007526285397356e-07,-,0
2026-08-08 19:09:00+00:00,1.3692807609933569e-06,3.2261848550279984e-07,-,0
2026-08-08 19:10:00+00:00,7.679922112634241e-08,1e-10,-,0
2026-08-08 19:11:00+00:00,8.592144238467552e-07,1e-10,-,0
2026-08-08 19:12:00+00:00,1e-10,1e-10,-,0
2026-08-08 19:13:00+00:00,1e-10,1.7337491611822234e-06,-,0
2026-08-08 19:14:00+00:00,1e-10,8.666033390673984e-07,-,0
2026-08-08 19:15:00+00:00,1e-10,3.335666340418458e-07,-,0
2026-08-08 19:16:00+00:00,6.0225512165025e-08,1e-10,-,0
2026-08-08 19:17:00+00:00,5.621128126559547e-07,1e-10,-,0
2026-08-08 19:18:00+00:00,1.8559874015500721e-06,1e-10,-,0
2026-08-08 19:19:00+00:00,6.33364579143908e-08,1e-10,-,0
2026-08-08 19:20:00+00:00,1e-10,1.538151532272465e-06,-,0
2026-08-08 19:21:00+00:00,1e-10,1e-10,-,0
2026-08-08 19:22:00+00:00,7.40317984075708e-07,1e-10,-,0
2026-08-08 19:23:00+00:00,1e-10,3.329584948085729e-06,-,0
2026-08-08 19:24:00+00:00,1e-10,1e-10,-,0
2026-08-08 19:25:00+00:00,6.108668113391746e-07,1e-10,-,0
2026-08-08 19:26:00+00:00,1e-10,8.621653622412597e-07,-,0
2026-08-08 19:27:00+00:00,1e-10,1e-10,-,0
2026-08-08 19:28:00+00:00,4.855434764434041e-07,1e-10,-,0
2026-08-08 19:29:00+00:00,1e-10,9.03814298020231e-07,-,0
2026-08-08 19:30:00+00:00,1e-10,2.401087069370861e-06,-,0
2026-08-08 19:31:00+00:00,4.653249929561997e-08,1.1499829512201378e-06,-,0
2026-08-08 19:32:00+00:00,1e-10,8.188158017398107e-07,-,0
2026-08-08 19:33:00+00:00,1e-10,1.5644676000474406e-06,-,0
2026-08-08 19:34:00+00:00,3.917586304844961e-07,1e-10,-,0
2026-08-08 19:35:00+00:00,1e-10,1e-10,-,0
2026-08-08 19:36:00+00:00,1.854248874363951e-06,1e-10,-,0
2026-08-08 19:37:00+00:00,1e-10,1.5424914269839506e-06,-,0
2026-08-08 19:38:00+00:00,7.004181341275936e-07,1e-10,-,0
2026-08-08 19:39:00+00:00,8.357231132903896e-07,1e-10,-,0
2026-08-08 19:40:00+00:00,1e-10,5.8479548322342524e-08,-,0
2026-08-08 19:41:00+00:00,1e-10,4.823307060926547e-07,-,0
2026-08-08 19:42:00+00:00,8.355511495878634e-07,6.853523243377167e-07,-,0
2026-08-08 19:43:00+00:00,1e-10,7.379247577834829e-07,-,0
2026-08-08 19:44:00+00:00,1e-10,3.3162320495157615e-06,-,0
2026-08-08 19:45:00+00:00,6.984805880507163e-07,8.664347075499406e-07,-,0
2026-08-08 19:46:00+00:00,1e-10,1.626013186888749e-06,-,0
2026-08-08 19:47:00+00:00,1e-10,7.624498955503178e-08,-,0
2026-08-08 19:48:00+00:00,1e-10,2.2438845468632747e-06,-,0
2026-08-08 19:49:00+00:00,1e-10,1e-10,-,0
2026-08-08 19:50:00+00:00,2.444350190964633e-06,1.1502521900360557e-06,-,0
2026-08-08 19:51:00+00:00,1.1561941320718395e-06,1e-10,-,0
2026-08-08 19:52:00+00:00,1e-10,1.1187318064093312e-06,-,0
2026-08-08 19:53:00+00:00,1e-10,6.287129272981586e-07,-,0
2026-08-08 19:54:00+00:00,6.868777553614297e-07,1.4484993684845994e-06,-,0
2026-08-08 19:55:00+00:00,1e-10,5.809805598174002e-07,-,0
2026-08-08 19:56:00+00:00,1e-10,1e-10,-,0
2026-08-08 19:57:00+00:00,1e-10,1.1408085075666614e-06,-,0
2026-08-08 19:58:00+00:00,1e-10,1e-10,-,0
2026-08-08 19:59:00+00:00,1.2424957269891417e-06,1e-10,-,0
2026-08-08 20:00:00+00:00,1e-10,1e-10,-,0
2026-08-08 20:01:00+00:00,1e-10,2.04609598589417e-06,-,0
2026-08-08 20:02:00+00:00,1.550780573070983e-07,3.038927881076413e-07,-,0
2026-08-08 20:03:00+00:00,1.7804494625597757e-06,5.518270411514333e-07,-,0
2026-08-08 20:04:00+00:00,1e-10,1e-10,-,0
2026-08-08 20:05:00+00:00,2.3936607024414334e-06,3.724454142601581e-07,-,0
2026-08-08 20:06:00+00:00,1e-10,1e-10,-,0
2026-08-08 20:07:00+00:00,1e-10,1e-10,-,0
2026-08-08 20:08:00+00:00,1.066214627522201e-06,1e-10,-,0
2026-08-08 20:09:00+00:00,2.154906541944158e-06,1e-10,-,0
2026-08-08 20:10:00+00:00,1e-10,1e-10,-,0
2026-08-08 20:11:00+00:00,1.397791466497465e-06,1e-10,-,0
2026-08-08 20:12:00+00:00,9.67811820020022e-07,1.543778993224402e-06,-,0
2026-08-08 20:13:00+00:00,1e-10,2.845018841999142e-06,-,0
2026-08-08 20:14:00+00:00,4.11795540103164e-09,1.2929471227650476e-06,-,0
2026-08-08 20:15:00+00:00,1e-10,1e-10,-,0
2026-08-08 20:16:00+00:00,1e-10,1.9902985906278606e-06,-,0
2026-08-08 20:17:00+00:00,2.096031050462115e-07,1e-10,-,0
2026-08-08 20:18:00+00:00,1.1633932205409675e-07,1e-10,-,0
2026-08-08 20:19:00+00:00,4.4116231986004074e-07,2.140249260233255e-06,-,0
2026-08-08 20:20:00+00:00,1.0399804285064222e-07,1e-10,-,0
2026-08-08 20:21:00+00:00,1e-10,1e-10,-,0
2026-08-08 20:22:00+00:00,2.738437293634965e-06,1e-10,-,0
2026-08-08 20:23:00+00:00,2.691961067441993e-07,1e-10,-,0
2026-08-08 20:24:00+00:00,1.4675952473893583e-06,6.939778471207958e-07,-,0
2026-08-08 20:25:00+00:00,5.136447098546769e-07,2.4619725789802674e-07,-,0
2026-08-08 20:26:00+00:00,1.695826657002495e-06,1e-10,-,0
2026-08-08 20:27:00+00:00,1e-10,1e-10,-,0
2026-08-08 20:28:00+00:00,1e-10,1e-10,-,0
2026-08-08 20:29:00+00:00,1e-10,2.8729004512794367e-07,-,0
2026-08-08 20:30:00+00:00,1e-10,1e-10,-,0
2026-08-08 20:31:00+00:00,3.2457225006667887e-07,1.7081307902081896e-07,-,0
2026-08-08 20:32:00+00:00,1e-10,1.7049117997916564e-08,-,0
2026-08-08 20:33:00+00:00,1e-10,1.288933114360088e-06,-,0
2026-08-08 20:34:00+00:00,1e-10,3.280245306563111e-07,-,0
2026-08-08 20:35:00+00:00,1e-10,9.875262444261831e-07,-,0
2026-08-08 20:36:00+00:00,1.0011263725130396e-06,1e-10,-,0
2026-08-08 20:37:00+00:00,1e-10,1.8430497925517612e-06,-,0
2026-08-08 20:38:00+00:00,1e-10,1e-10,-,0
2026-08-08 20:39:00+00:00,1e-10,1e-10,-,0
2026-08-08 20:40:00+00:00,8.500572730660785e-07,1.5055840935900936e-06,-,0
2026-08-08 20:41:00+00:00,1e-10,1e-10,-,0
2026-08-08 20:42:00+00:00,1.1841990500658515e-06,1e-10,-,0
2026-08-08 20:43:00+00:00,1e-10,1e-10,-,0
2026-08-08 20:44:00+00:00,5.707468488105583e-07,1e-10,-,0
2026-08-08 20:45:00+00:00,1.2515819138114139e-06,1e-10,-,0
2026-08-08 20:46:00+00:00,1e-10,4.7181456158118865e-07,-,0
2026-08-08 20:47:00+00:00,1e-10,8.70323097647303e-07,-,0
2026-08-08 20:48:00+00:00,4.931344852177105e-07,4.1362858211206136e-08,-,0
2026-08-08 20:49:00+00:00,2.462144210206915e-07,1.0687103237508935e-06,-,0
2026-08-08 20:50:00+00:00,1e-10,9.186168934034722e-07,-,0
2026-08-08 20:51:00+00:00,7.994766545202648e-07,1e-10,-,0
2026-08-08 20:52:00+00:00,7.809899704761467e-08,1e-10,-,0
2026-08-08 20:53:00+00:00,1.702880892487758e-07,1e-10,-,0
2026-08-08 20:54:00+00:00,1e-10,1e-10,-,0
2026-08-08 20:55:00+00:00,1e-10,9.870982678875666e-08,-,0
2026-08-08 20:56:00+00:00,6.327815701005856e-07,1e-10,-,0
2026-08-08 20:57:00+00:00,6.786675993890549e-07,1.8296949881189002e-06,-,0
2026-08-08 20:58:00+00:00,1e-10,1.2356018295567343e-06,-,0
2026-08-08 20:59:00+00:00,1e-10,1e-10,-,0
2026-08-08 21:00:00+00:00,1e-10,1.0997480608991395e-06,-,0
2026-08-08 21:01:00+00:00,1.1246805079789083e-06,1e-10,-,0
2026-08-08 21:02:00+00:00,1e-10,5.345327391884213e-07,-,0
2026-08-08 21:03:00+00:00,5.36151757058764e-08,1e-10,-,0
2026-08-08 21:04:00+00:00,1e-10,1e-10,-,0
2026-08-08 21:05:00+00:00,3.758778555881331e-07,1.9199439284380455e-07,-,0
2026-08-08 21:06:00+00:00,1e-10,1e-10,-,0
2026-08-08 21:07:00+00:00,1e-10,1.4545807918146205e-06,-,0
2026-08-08 21:08:00+00:00,1.2383439607660029e-06,4.09636007439243e-07,-,0
2026-08-08 21:09:00+00:00,1e-10,6.932988991266341e-07,-,0
2026-08-08 21:10:00+00:00,1e-10,2.4912530467966773e-07,-,0
2026-08-08 21:11:00+00:00,1.1939437395842328e-06,2.848259523900338e-08,-,0
2026-08-08 21:12:00+00:00,8.529382006385776e-07,1.0373152297116223e-06,-,0
2026-08-08 21:13:00+00:00,5.291943654809348e-07,2.003828650998459e-06,-,0
2026-08-08 21:14:00+00:00,4.59698435261126e-07,1e-10,-,0
2026-08-08 21:15:00+00:00,4.419947578786857e-07,1e-10,-,0
2026-08-08 21:16:00+00:00,1e-10,7.296009116501114e-08,-,0
2026-08-08 21:17:00+00:00,1.244681224047879e-06,1.51352570964033e-06,-,0
2026-08-08 21:18:00+00:00,1e-10,8.863310245509545e-07,-,0
2026-08-08 21:19:00+00:00,1e-10,1e-10,-,0
2026-08-08 21:20:00+00:00,1e-10,1e-10,-,0
2026-08-08 21:21:00+00:00,1e-10,8.481251638370806e-07,-,0
2026-08-08 21:22:00+00:00,1e-10,1e-10,-,0
2026-08-08 21:23:00+00:00,1e-10,3.2474908942387823e-07,-,0
2026-08-08 21:24:00+00:00,1e-10,1e-10,-,0
2026-08-08 21:25:00+00:00,4.416947988204175e-07,5.535177234271715e-07,-,0
2026-08-08 21:26:00+00:00,1e-10,7.174408419797826e-07,-,0
2026-08-08 21:27:00+00:00,6.364517426548395e-07,1e-10,-,0
2026-08-08 21:28:00+00:00,8.235478013210186e-07,2.016250390375946e-06,-,0
2026-08-08 21:29:00+00:00,2.8776285277551972e-06,2.1363940069439433e-06,-,0
2026-08-08 21:30:00+00:00,1e-10,1e-10,-,0
2026-08-08 21:31:00+00:00,1e-10,1e-10,-,0
2026-08-08 21:32:00+00:00,1e-10,1e-10,-,0
2026-08-08 21:33:00+00:00,1e-10,1e-10,-,0
2026-08-08 21:34:00+00:00,1e-10,9.124422438414533e-07,-,0
2026-08-08 21:35:00+00:00,1e-10,2.0300914829233913e-06,-,0
2026-08-08 21:36:00+00:00,1e-10,1e-10,-,0
2026-08-08 21:37:00+00:00,2.895405477463364e-07,1.7513957869565831e-06,-,0
2026-08-08 21:38:00+00:00,1e-10,1e-10,-,0
2026-08-08 21:39:00+00:00,6.549994888445888e-07,1e-10,-,0
2026-08-08 21:40:00+00:00,9.767432607264296e-07,1e-10,-,0
2026-08-08 21:41:00+00:00,1e-10,1e-10,-,0
2026-08-08 21:42:00+00:00,1.5749590533686063e-06,4.868856422555335e-07,-,0
2026-08-08 21:43:00+00:00,4.723276125132233e-07,1.2213435114971883e-06,-,0
2026-08-08 21:44:00+00:00,1e-10,1e-10,-,0
2026-08-08 21:45:00+00:00,1e-10,1e-10,-,0
2026-08-08 21:46:00+00:00,1e-10,9.884549219244172e-07,-,0
2026-08-08 21:47:00+00:00,1.766637922326398e-06,1e-10,-,0
2026-08-08 21:48:00+00:00,1.487843041711028e-06,8.767196164714479e-07,-,0
2026-08-08 21:49:00+00:00,1.795887043748391e-06,1e-10,-,0
2026-08-08 21:50:00+00:00,2.083989135742205e-06,1e-10,-,0
2026-08-08 21:51:00+00:00,1.5477580782787153e-06,1.1516860472002653e-06,-,0
2026-08-08 21:52:00+00:00,2.918437884156084e-07,9.248007559078932e-07,-,0
2026-08-08 21:53:00+00:00,6.458810372675484e-07,1.5624296243272638e-06,-,0
2026-08-08 21:54:00+00:00,1e-10,1e-10,-,0
2026-08-08 21:55:00+00:00,2.9128858495013513e-07,1.4517903408414687e-06,-,0
2026-08-08 21:56:00+00:00,8.502352124681539e-07,5.035964046704165e-07,-,0
2026-08-08 21:57:00+00:00,8.760625855597475e-07,4.601388472884718e-07,-,0
2026-08-08 21:58:00+00:00,1e-10,1e-10,-,0
2026-08-08 21:59:00+00:00,1e-10,7.438690184179564e-07,-,0
2026-08-08 22:00:00+00:00,1e-10,1e-10,-,0
2026-08-08 22:01:00+00:00,5.534583351075192e-07,2.084533876367538e-06,-,0
2026-08-08 22:02:00+00:00,1e-10,6.201028373125286e-09,-,0
2026-08-08 22:03:00+00:00,7.61471171740563e-07,1e-10,-,0
2026-08-08 22:04:00+00:00,1e-10,1.4335748855246975e-06,-,0
2026-08-08 22:05:00+00:00,1.5337513623513448e-06,1.007505757115744e-07,-,0
2026-08-08 22:06:00+00:00,1e-10,1e-10,-,0
2026-08-08 22:07:00+00:00,1.6625610061163078e-06,1e-10,-,0
2026-08-08 22:08:00+00:00,1e-10,1e-10,-,0
2026-08-08 22:09:00+00:00,6.944003949667317e-07,1e-10,-,0
2026-08-08 22:10:00+00:00,1e-10,1e-10,-,0
2026-08-08 22:11:00+00:00,1.8555100214829388e-08,9.667985725256298e-07,-,0
2026-08-08 22:12:00+00:00,1.219032446191115e-06,1e-10,-,0
2026-08-08 22:13:00+00:00,1.0258691791618296e-06,2.834738467304037e-06,-,0
2026-08-08 22:14:00+00:00,1e-10,1e-10,-,0
2026-08-08 22:15:00+00:00,1e-10,5.984358430606459e-07,-,0
2026-08-08 22:16:00+00:00,1e-10,4.92616006618981e-07,-,0
2026-08-08 22:17:00+00:00,1e-10,1e-10,-,0
2026-08-08 22:18:00+00:00,1e-10,1e-10,-,0
2026-08-08 22:19:00+00:00,1e-10,1.8636193778029505e-06,-,0
2026-08-08 22:20:00+00:00,1e-10,1.2049767419497705e-06,-,0
2026-08-08 22:21:00+00:00,1e-10,1.0518126297330056e-06,-,0
2026-08-08 22:22:00+00:00,1e-10,1e-10,-,0
2026-08-08 22:23:00+00:00,1.1514851323809123e-08,5.590722440175938e-07,-,0
2026-08-08 22:24:00+00:00,1e-10,9.188713728661941e-07,-,0
2026-08-08 22:25:00+00:00,1e-10,9.728625040764326e-07,-,0
2026-08-08 22:26:00+00:00,1e-10,1e-10,-,0
2026-08-08 22:27:00+00:00,9.299016454053231e-07,3.869572649461059e-07,-,0
2026-08-08 22:28:00+00:00,1e-10,3.7565704297296153e-07,-,0
2026-08-08 22:29:00+00:00,1e-10,1.2572149933787193e-06,-,0
2026-08-08 22:30:00+00:00,1e-10,1e-10,-,0
2026-08-08 22:31:00+00:00,1e-10,1e-10,-,0
2026-08-08 22:32:00+00:00,1e-10,1e-10,-,0
2026-08-08 22:33:00+00:00,1e-10,4.121184768275019e-07,-,0
2026-08-08 22:34:00+00:00,1e-10,1.304171867621073e-06,-,0
2026-08-08 22:35:00+00:00,1e-10,1e-10,-,0
2026-08-08 22:36:00+00:00,4.907256028837216e-07,3.3348124740699707e-07,-,0
2026-08-08 22:37:00+00:00,1e-10,1e-10,-,0
2026-08-08 22:38:00+00:00,5.925065973247972e-07,1e-10,-,0
2026-08-08 22:39:00+00:00,1e-10,5.394320340376979e-07,-,0
2026-08-08 22:40:00+00:00,1e-10,5.182752469016296e-07,-,0
2026-08-08 22:41:00+00:00,1e-10,8.045837981245113e-07,-,0
2026-08-08 22:42:00+00:00,1e-10,1e-10,-,0
2026-08-08 22:43:00+00:00,1e-10,1.6325662777472082e-06,-,0
2026-08-08 22:44:00+00:00,1e-10,1e-10,-,0
2026-08-08 22:45:00+00:00,1.2640309445221464e-06,1e-10,-,0
2026-08-08 22:46:00+00:00,2.592794727406773e-07,7.520085304445137e-07,-,0
2026-08-08 22:47:00+00:00,1e-10,9.905440335839333e-08,-,0
2026-08-08 22:48:00+00:00,1.201252890994362e-06,1.8966206687698907e-06,-,0
2026-08-08 22:49:00+00:00,3.2000806181411443e-06,8.104661767816227e-07,-,0
2026-08-08 22:50:00+00:00,1e-10,1.7282814842121407e-06,-,0
2026-08-08 22:51:00+00:00,1e-10,1e-10,-,0
2026-08-08 22:52:00+00:00,7.625958165052554e-07,1.3774422832781587e-06,-,0
2026-08-08 22:53:00+00:00,1e-10,1e-10,-,0
2026-08-08 22:54:00+00:00,1e-10,1e-10,-,0
2026-08-08 22:55:00+00:00,1.084047008046566e-06,1e-10,-,0
2026-08-08 22:56:00+00:00,1e-10,1.5341576471253343e-07,-,0
2026-08-08 22:57:00+00:00,1e-10,2.130745410503492e-07,-,0
2026-08-08 22:58:00+00:00,1e-10,1.0752079555416871e-06,-,0
2026-08-08 22:59:00+00:00,3.9122415768048866e-07,2.921963405996121e-07,-,0
2026-08-08 23:00:00+00:00,1e-10,1e-10,-,0
2026-08-08 23:01:00+00:00,1e-10,1e-10,-,0
2026-08-08 23:02:00+00:00,1e-10,2.3674565256254312e-07,-,0
2026-08-08 23:03:00+00:00,1e-10,1e-10,-,0
2026-08-08 23:04:00+00:00,1e-10,1.3393933227896877e-06,-,0
2026-08-08 23:05:00+00:00,1e-10,1e-10,-,0
2026-08-08 23:06:00+00:00,1.0731670856786353e-06,1.1565638836281294e-06,-,0
2026-08-08 23:07:00+00:00,2.0830160449569461e-07,1e-10,-,0
2026-08-08 23:08:00+00:00,4.331048547048459e-08,7.06484323219714e-07,-,0
2026-08-08 23:09:00+00:00,5.080018224416467e-07,1e-10,-,0
2026-08-08 23:10:00+00:00,1e-10,1.3097891967447848e-06,-,0
2026-08-08 23:11:00+00:00,4.2642189335630125e-07,2.14634552102174e-06,-,0
2026-08-08 23:12:00+00:00,4.979982396413041e-07,2.4061937415203447e-07,-,0
2026-08-08 23:13:00+00:00,1e-10,2.13107602339471e-06,-,0
2026-08-08 23:14:00+00:00,6.85979167925267e-07,1e-10,-,0
2026-08-08 23:15:00+00:00,2.844173907440788e-07,2.3000521566090287e-07,-,0
2026-08-08 23:16:00+00:00,3.16630970477453e-07,1e-10,-,0
2026-08-08 23:17:00+00:00,1.8694718751454525e-06,1e-10,-,0
2026-08-08 23:18:00+00:00,1.5897667479199207e-07,1.6414221501707707e-06,-,0
2026-08-08 23:19:00+00:00,1e-10,1.8382362917234944e-07,-,0
2026-08-08 23:20:00+00:00,1.6919975839532293e-07,1e-10,-,0
2026-08-08 23:21:00+00:00,4.0891618254808214e-08,1e-10,-,0
2026-08-08 23:22:00+00:00,1e-10,2.121615495251716e-06,-,0
2026-08-08 23:23:00+00:00,1e-10,1e-10,-,0
2026-08-08 23:24:00+00:00,1e-10,1e-10,-,0
2026-08-08 23:25:00+00:00,1.067490168353168e-06,1.1535066091845179e-06,-,0
2026-08-08 23:26:00+00:00,1.0823756496292164e-06,1.7345869242858409e-06,-,0
2026-08-08 23:27:00+00:00,3.4088159583827757e-07,1e-10,-,0
2026-08-08 23:28:00+00:00,1.7664774645569603e-06,7.045340441403754e-07,-,0
2026-08-08 23:29:00+00:00,2.1838314065844591e-07,7.03416530501072e-07,-,0
2026-08-08 23:30:00+00:00,1e-10,1e-10,-,0
2026-08-08 23:31:00+00:00,2.5271137008194195e-07,1e-10,-,0
2026-08-08 23:32:00+00:00,1e-10,1e-10,-,0
2026-08-08 23:33:00+00:00,1e-10,1.1682887683728781e-06,-,0
2026-08-08 23:34:00+00:00,1e-10,2.8889157762302645e-07,-,0
2026-08-08 23:35:00+00:00,1e-10,9.5389037364332e-08,-,0
2026-08-08 23:36:00+00:00,9.85662520643777e-07,1e-10,-,0
2026-08-08 23:37:00+00:00,1e-10,1.1702024298738151e-06,-,0
2026-08-08 23:38:00+00:00,1e-10,3.61237249259582e-07,-,0
2026-08-08 23:39:00+00:00,9.198633563523366e-07,1e-10,-,0
2026-08-08 23:40:00+00:00,1e-10,1e-10,-,0
2026-08-08 23:41:00+00:00,1e-10,8.571860486046584e-07,-,0
2026-08-08 23:42:00+00:00,1e-10,1e-10,-,0
2026-08-08 23:43:00+00:00,2.1655625286414243e-06,1e-10,-,0
2026-08-08 23:44:00+00:00,6.443641224802713e-07,9.40467961227186e-07,-,0
2026-08-08 23:45:00+00:00,3.0357361627349153e-07,2.842000402133703e-07,-,0
2026-08-08 23:46:00+00:00,2.4871791076264846e-07,8.313848585367226e-07,-,0
2026-08-08 23:47:00+00:00,4.770085711698449e-07,1e-10,-,0
2026-08-08 23:48:00+00:00,2.072800314853109e-06,1e-10,-,0
2026-08-08 23:49:00+00:00,1e-10,1.008535687243233e-06,-,0
2026-08-08 23:50:00+00:00,2.1468177213933942e-07,4.568387142359716e-07,-,0
2026-08-08 23:51:00+00:00,5.917571854751892e-08,1e-10,-,0
2026-08-08 23:52:00+00:00,1.0294605733100417e-06,3.16343961275383e-07,-,0
2026-08-08 23:53:00+00:00,1.914126154856391e-06,6.822977839664103e-07,-,0
2026-08-08 23:54:00+00:00,1e-10,1e-10,-,0
2026-08-08 23:55:00+00:00,5.296122759052696e-07,1e-10,-,0
2026-08-08 23:56:00+00:00,2.2382512207368152e-07,1e-10,-,0
2026-08-08 23:57:00+00:00,1e-10,1.6316029181949183e-06,-,0
2026-08-08 23:58:00+00:00,1.1009977776737457e-06,8.89847888167175e-08,-,0
2026-08-08 23:59:00+00:00,1.7565912159432843e-06,1.7079233309579514e-06,-,0
2026-08-09 00:00:00+00:00,9.341015120428953e-07,1e-10,-,0
2026-08-09 00:01:00+00:00,1e-10,1.533437901051902e-07,-,0
2026-08-09 00:02:00+00:00,1e-10,1e-10,-,0
2026-08-09 00:03:00+00:00,7.358746119022436e-07,1.96998845391863e-06,-,0
2026-08-09 00:04:00+00:00,1e-10,3.049360851111986e-06,-,0
2026-08-09 00:05:00+00:00,1e-10,1.4084913665811984e-06,-,0
2026-08-09 00:06:00+00:00,2.5665561737582244e-07,1e-10,-,0
2026-08-09 00:07:00+00:00,8.429506846470294e-07,1e-10,-,0
2026-08-09 00:08:00+00:00,1e-10,1e-10,-,0
2026-08-09 00:09:00+00:00,1e-10,1.6232743412905395e-07,-,0
2026-08-09 00:10:00+00:00,1e-10,5.879146169782155e-07,-,0
2026-08-09 00:11:00+00:00,1e-10,5.367026087433395e-07,-,0
2026-08-09 00:12:00+00:00,1e-10,2.595089125539878e-08,-,0
2026-08-09 00:13:00+00:00,1e-10,1e-10,-,0
2026-08-09 00:14:00+00:00,8.400963449891581e-07,1e-10,-,0
2026-08-09 00:15:00+00:00,3.1154993586050484e-06,7.635086038672082e-07,-,0
2026-08-09 00:16:00+00:00,9.149518272151535e-08,1e-10,-,0
2026-08-09 00:17:00+00:00,1.3443302301786837e-06,1.183101943803354e-07,-,0
2026-08-09 00:18:00+00:00,1e-10,2.6176441079880066e-07,-,0
2026-08-09 00:19:00+00:00,1e-10,1e-10,-,0
2026-08-09 00:20:00+00:00,2.5169485826380465e-06,9.163987208504794e-07,-,0
2026-08-09 00:21:00+00:00,1e-10,1.1068682997551066e-06,-,0
2026-08-09 00:22:00+00:00,1.0761568014297734e-06,2.345106288725836e-07,-,0
2026-08-09 00:23:00+00:00,2.67173921254394e-07,2.591073790447925e-06,-,0
2026-08-09 00:24:00+00:00,1.3414317245348224e-06,1e-10,-,0
2026-08-09 00:25:00+00:00,1e-10,1e-10,-,0
2026-08-09 00:26:00+00:00,1e-10,1e-10,-,0
2026-08-09 00:27:00+00:00,1e-10,1.2686313662152924e-06,-,0
2026-08-09 00:28:00+00:00,2.631089199445901e-06,4.129664219019598e-07,-,0
2026-08-09 00:29:00+00:00,3.8317623403030633e-07,1e-10,-,0
2026-08-09 00:30:00+00:00,2.435358677318224e-06,1e-10,-,0
2026-08-09 00:31:00+00:00,1e-10,1e-10,-,0
2026-08-09 00:32:00+00:00,8.16531770059017e-07,1.8967518125649645e-06,-,0
2026-08-09 00:33:00+00:00,1e-10,1e-10,-,0
2026-08-09 00:34:00+00:00,6.28517040742395e-08,1e-10,-,0
2026-08-09 00:35:00+00:00,2.486475330145029e-06,1e-10,-,0
2026-08-09 00:36:00+00:00,1e-10,1.8259966782087108e-07,-,0
2026-08-09 00:37:00+00:00,1e-10,2.1086707752539703e-06,-,0
2026-08-09 00:38:00+00:00,9.420462168380529e-07,1e-10,-,0
2026-08-09 00:39:00+00:00,1.5501255785844414e-07,1.04726764376978e-06,-,0
2026-08-09 00:40:00+00:00,2.125743995558047e-06,1e-10,-,0
2026-08-09 00:41:00+00:00,1e-10,1e-10,-,0
2026-08-09 00:42:00+00:00,1.005701175447951e-07,6.994300505927364e-07,-,0
2026-08-09 00:43:00+00:00,3.784046353174255e-07,1e-10,-,0
2026-08-09 00:44:00+00:00,1e-10,1e-10,-,0
2026-08-09 00:45:00+00:00,1e-10,1e-10,-,0
2026-08-09 00:46:00+00:00,1e-10,1.8952593301589427e-06,-,0
2026-08-09 00:47:00+00:00,1e-10,1.184968278893796e-06,-,0
2026-08-09 00:48:00+00:00,1e-10,1.1101181669235738e-06,-,0
2026-08-09 00:49:00+00:00,1e-10,1.1338014949079816e-06,-,0
2026-08-09 00:50:00+00:00,1e-10,9.10052842005327e-07,-,0
2026-08-09 00:51:00+00:00,1.1575651232874372e-06,1e-10,-,0
2026-08-09 00:52:00+00:00,1e-10,1e-10,-,0
2026-08-09 00:53:00+00:00,7.922585045969173e-07,1e-10,-,0
2026-08-09 00:54:00+00:00,1e-10,1.543308363719309e-07,-,0
2026-08-09 00:55:00+00:00,1e-10,1e-10,-,0
2026-08-09 00:56:00+00:00,1.9545204085918486e-06,1e-10,-,0
2026-08-09 00:57:00+00:00,1e-10,1e-10,-,0
2026-08-09 00:58:00+00:00,1.4525114658243056e-06,1e-10,-,0
2026-08-09 00:59:00+00:00,2.636485007226713e-06,1e-10,-,0
2026-08-09 01:00:00+00:00,1e-10,4.82533493188204e-07,-,0
2026-08-09 01:01:00+00:00,1e-10,1e-10,-,0
2026-08-09 01:02:00+00:00,1e-10,1.3668495823043246e-06,-,0
2026-08-09 01:03:00+00:00,3.5004273820002414e-07,7.001834183422218e-07,-,0
2026-08-09 01:04:00+00:00,4.4495112790377715e-07,1e-10,-,0
2026-08-09 01:05:00+00:00,8.788988362292325e-07,5.085282692127015e-07,-,0
2026-08-09 01:06:00+00:00,1.5698384978073196e-06,1e-10,-,0
2026-08-09 01:07:00+00:00,1e-10,1e-10,-,0
2026-08-09 01:08:00+00:00,2.097201999047215e-06,7.140844039179355e-08,-,0
2026-08-09 01:09:00+00:00,1e-10,4.6979580282350746e-07,-,0
2026-08-09 01:10:00+00:00,4.29240272952187e-07,1.126902727531729e-06,-,0
2026-08-09 01:11:00+00:00,1e-10,2.4695855200586037e-06,-,0
2026-08-09 01:12:00+00:00,1e-10,1.4283724971689429e-06,-,0
2026-08-09 01:13:00+00:00,1e-10,1e-10,-,0
2026-08-09 01:14:00+00:00,2.6152594380734817e-07,1e-10,-,0
2026-08-09 01:15:00+00:00,1e-10,1.4515542206961793e-06,-,0
2026-08-09 01:16:00+00:00,1e-10,1e-10,-,0
2026-08-09 01:17:00+00:00,1e-10,1e-10,-,0
2026-08-09 01:18:00+00:00,1e-10,1.8280931358129258e-06,-,0
2026-08-09 01:19:00+00:00,1e-10,1e-10,-,0
2026-08-09 01:20:00+00:00,1e-10,1e-10,-,0
2026-08-09 01:21:00+00:00,9.550693666932956e-07,1e-10,-,0
2026-08-09 01:22:00+00:00,1.2721517691981849e-06,1e-10,-,0
2026-08-09 01:23:00+00:00,1e-10,1e-10,-,0
2026-08-09 01:24:00+00:00,4.890100312859024e-07,1e-10,-,0
2026-08-09 01:25:00+00:00,2.6770352743233237e-07,1e-10,-,0
2026-08-09 01:26:00+00:00,1e-10,9.535329183375484e-08,-,0
2026-08-09 01:27:00+00:00,1.0204175250787899e-06,3.0505123891574335e-07,-,0
2026-08-09 01:28:00+00:00,1.2886100397721338e-06,1.0225150900824333e-06,-,0
2026-08-09 01:29:00+00:00,1.2021524674865179e-06,1e-10,-,0
2026-08-09 01:30:00+00:00,1.9593649446510127e-06,1e-10,-,0
2026-08-09 01:31:00+00:00,1.135020555416138e-06,1e-10,-,0
2026-08-09 01:32:00+00:00,1e-10,1e-10,-,0
2026-08-09 01:33:00+00:00,4.2018345121088356e-08,1e-10,-,0
2026-08-09 01:34:00+00:00,4.5472165447729375e-07,9.756164364646208e-07,-,0
2026-08-09 01:35:00+00:00,1.709956018044747e-06,1e-10,-,0
2026-08-09 01:36:00+00:00,1e-10,1e-10,-,0
2026-08-09 01:37:00+00:00,1e-10,1e-10,-,0
2026-08-09 01:38:00+00:00,1e-10,1e-10,-,0
2026-08-09 01:39:00+00:00,9.94544735576635e-07,1.7978759861370954e-06,-,0
2026-08-09 01:40:00+00:00,2.610854224714406e-07,6.298334654379941e-07,-,0
2026-08-09 01:41:00+00:00,1e-10,1e-10,-,0
2026-08-09 01:42:00+00:00,8.822697873405003e-07,1e-10,-,0
2026-08-09 01:43:00+00:00,1e-10,1e-10,-,0
2026-08-09 01:44:00+00:00,1e-10,5.749092349305711e-07,-,0
2026-08-09 01:45:00+00:00,1.5015873786660789e-06,1e-10,-,0
2026-08-09 01:46:00+00:00,1e-10,1e-10,-,0
2026-08-09 01:47:00+00:00,1.8448515626824732e-07,1e-10,-,0
2026-08-09 01:48:00+00:00,1e-10,9.14416063251737e-07,-,0
2026-08-09 01:49:00+00:00,1e-10,1e-10,-,0
2026-08-09 01:50:00+00:00,3.862873261911933e-07,7.137345756353173e-07,-,0
2026-08-09 01:51:00+00:00,1e-10,3.9658009738837054e-07,-,0
2026-08-09 01:52:00+00:00,1.8883406407618738e-06,5.235316062511295e-07,-,0
2026-08-09 01:53:00+00:00,1.1391283347977565e-06,1e-10,-,0
2026-08-09 01:54:00+00:00,2.7049593703567e-07,1.8437164475430865e-06,-,0
2026-08-09 01:55:00+00:00,1e-10,1e-10,-,0
2026-08-09 01:56:00+00:00,1e-10,1.8606597000083892e-06,-,0
2026-08-09 01:57:00+00:00,1e-10,2.8957403898609686e-07,-,0
2026-08-09 01:58:00+00:00,1.3680780990701836e-06,1.4430740422226945e-07,-,0
2026-08-09 01:59:00+00:00,2.2318243061727785e-07,1e-10,-,0
2026-08-09 02:00:00+00:00,3.7876771048329434e-07,1.3265993156862744e-07,-,0
2026-08-09 02:01:00+00:00,1.1547659494468562e-06,1.8655235688152174e-08,-,0
2026-08-09 02:02:00+00:00,1.8309482468885947e-06,1.9531926606539995e-06,-,0
2026-08-09 02:03:00+00:00,1.6416329561773213e-06,1e-10,-,0
2026-08-09 02:04:00+00:00,6.304798179298415e-07,1e-10,-,0
2026-08-09 02:05:00+00:00,1e-10,1e-10,-,0
2026-08-09 02:06:00+00:00,5.073103311267266e-07,1e-10,-,0
2026-08-09 02:07:00+00:00,1e-10,2.709949291111183e-08,-,0
2026-08-09 02:08:00+00:00,8.96918077135631e-07,1.6879031451794037e-06,-,0
2026-08-09 02:09:00+00:00,1e-10,5.467127035760819e-07,-,0
2026-08-09 02:10:00+00:00,1.027621553990671e-06,1e-10,-,0
2026-08-09 02:11:00+00:00,7.973593012526252e-08,1e-10,-,0
2026-08-09 02:12:00+00:00,4.5546471835422054e-07,1.2945858338652476e-06,-,0
2026-08-09 02:13:00+00:00,1e-10,1e-10,-,0
2026-08-09 02:14:00+00:00,1e-10,1.584115716089033e-07,-,0
2026-08-09 02:15:00+00:00,5.195224005180084e-07,4.6310571083923434e-07,-,0
2026-08-09 02:16:00+00:00,1e-10,1e-10,-,0
2026-08-09 02:17:00+00:00,1e-10,1e-10,-,0
2026-08-09 02:18:00+00:00,1e-10,2.8845464416648827e-07,-,0
2026-08-09 02:19:00+00:00,4.022802513816409e-07,2.580946782980854e-06,-,0
2026-08-09 02:20:00+00:00,1.6938559324094888e-06,1e-10,-,0
2026-08-09 02:21:00+00:00,1e-10,1e-10,-,0
2026-08-09 02:22:00+00:00,1e-10,8.348490312170484e-07,-,0
2026-08-09 02:23:00+00:00,1.1910863628732783e-06,2.667628803661234e-06,-,0
2026-08-09 02:24:00+00:00,3.7332468899423507e-08,1e-10,-,0
2026-08-09 02:25:00+00:00,8.498750373402804e-07,1e-10,-,0
2026-08-09 02:26:00+00:00,1e-10,8.951539301025906e-07,-,0
2026-08-09 02:27:00+00:00,1e-10,9.225321176363496e-07,-,0
2026-08-09 02:28:00+00:00,9.386059858400821e-07,1e-10,-,0
2026-08-09 02:29:00+00:00,7.725405483154135e-07,1e-10,-,0
2026-08-09 02:30:00+00:00,1e-10,1e-10,-,0
2026-08-09 02:31:00+00:00,1e-10,1e-10,-,0
2026-08-09 02:32:00+00:00,1e-10,1e-10,-,0
2026-08-09 02:33:00+00:00,1e-10,1.0696867434193543e-06,-,0
2026-08-09 02:34:00+00:00,1e-10,1.3759338918652738e-06,-,0
2026-08-09 02:35:00+00:00,3.770236640160092e-07,1e-10,-,0
2026-08-09 02:36:00+00:00,1e-10,1.6849630976765748e-06,-,0
2026-08-09 02:37:00+00:00,1e-10,1.0780854696231243e-06,-,0
2026-08-09 02:38:00+00:00,4.4458139015286376e-07,1e-10,-,0
2026-08-09 02:39:00+00:00,1.7640526558734192e-06,1.271600706832683e-06,-,0
2026-08-09 02:40:00+00:00,1.2311159236023048e-06,9.100469468719914e-07,-,0
2026-08-09 02:41:00+00:00,1e-10,2.152655621158588e-06,-,0
2026-08-09 02:42:00+00:00,4.6125176846596377e-07,3.0492659195918883e-07,-,0
2026-08-09 02:43:00+00:00,1.084493511646238e-06,1.9863208603955887e-06,-,0
2026-08-09 02:44:00+00:00,1e-10,1e-10,-,0
2026-08-09 02:45:00+00:00,1e-10,1e-10,-,0
2026-08-09 02:46:00+00:00,3.991058981692531e-07,1e-10,-,0
2026-08-09 02:47:00+00:00,5.653705068465093e-07,1e-10,-,0
2026-08-09 02:48:00+00:00,4.4655867229089197e-07,1.923033308244084e-07,-,0
2026-08-09 02:49:00+00:00,8.256587416373169e-07,1e-10,-,0
2026-08-09 02:50:00+00:00,2.640595124919421e-07,1.0464495512284388e-06,-,0
2026-08-09 02:51:00+00:00,1e-10,2.772821502779822e-06,-,0
2026-08-09 02:52:00+00:00,1e-10,1e-10,-,0
2026-08-09 02:53:00+00:00,1e-10,1.426761711513291e-06,-,0
2026-08-09 02:54:00+00:00,1e-10,8.005072087093814e-07,-,0
2026-08-09 02:55:00+00:00,6.481168945946074e-07,4.23523463298538e-07,-,0
2026-08-09 02:56:00+00:00,1e-10,9.643621913948057e-07,-,0
2026-08-09 02:57:00+00:00,1.2108004015163235e-06,1e-10,-,0
2026-08-09 02:58:00+00:00,1e-10,1.1867683871883498e-06,-,0
2026-08-09 02:59:00+00:00,2.500114736487133e-07,1e-10,-,0
2026-08-09 03:00:00+00:00,9.512822578652461e-07,1.8424356295892165e-07,-,0
2026-08-09 03:01:00+00:00,5.22135381890246e-07,1e-10,-,0
2026-08-09 03:02:00+00:00,1e-10,2.7866567825610476e-06,-,0
2026-08-09 03:03:00+00:00,1.725274665690448e-07,1e-10,-,0
2026-08-09 03:04:00+00:00,1e-10,5.583042703524229e-07,-,0
2026-08-09 03:05:00+00:00,1e-10,1.419617933511293e-06,-,0
2026-08-09 03:06:00+00:00,2.74162298181957e-07,1e-10,-,0
2026-08-09 03:07:00+00:00,1e-10,4.980616212541882e-08,-,0
2026-08-09 03:08:00+00:00,2.977409484541201e-07,1e-10,-,0
2026-08-09 03:09:00+00:00,1.6387953877533583e-06,1e-10,-,0
2026-08-09 03:10:00+00:00,3.6146765455736884e-07,1.8930147213860031e-06,-,0
2026-08-09 03:11:00+00:00,1e-10,1e-10,-,0
2026-08-09 03:12:00+00:00,1e-10,3.17342605089835e-07,-,0
2026-08-09 03:13:00+00:00,1.0370242851805098e-06,1e-10,-,0
2026-08-09 03:14:00+00:00,1e-10,1.0739580885913948e-06,-,0
2026-08-09 03:15:00+00:00,1e-10,1e-10,-,0
2026-08-09 03:16:00+00:00,1e-10,1e-10,-,0
2026-08-09 03:17:00+00:00,1e-10,1e-10,-,0
2026-08-09 03:18:00+00:00,1.0180790494919882e-06,1e-10,-,0
2026-08-09 03:19:00+00:00,1e-10,1.1196233670953662e-06,-,0
2026-08-09 03:20:00+00:00,6.40525565561283e-07,1.1727869410467852e-06,-,0
2026-08-09 03:21:00+00:00,7.283910857969306e-07,1e-10,-,0
2026-08-09 03:22:00+00:00,1e-10,6.198441736363259e-07,-,0
2026-08-09 03:23:00+00:00,1e-10,1e-10,-,0
2026-08-09 03:24:00+00:00,6.663791729581545e-07,1e-10,-,0
2026-08-09 03:25:00+00:00,1.8210207096132026e-07,2.2378271803527925e-06,-,0
2026-08-09 03:26:00+00:00,1e-10,1e-10,-,0
2026-08-09 03:27:00+00:00,5.364536755487208e-07,1.6487270021697548e-06,-,0
2026-08-09 03:28:00+00:00,1.1497345214181246e-06,1.9875910424051957e-06,-,0
2026-08-09 03:29:00+00:00,1e-10,1e-10,-,0
2026-08-09 03:30:00+00:00,1e-10,3.328927542953898e-07,-,0
2026-08-09 03:31:00+00:00,1.5589349884105844e-07,1e-10,-,0
2026-08-09 03:32:00+00:00,1e-10,3.924647113443225e-08,-,0
2026-08-09 03:33:00+00:00,1.8523947860689254e-07,7.56252560296571e-07,-,0
2026-08-09 03:34:00+00:00,3.010884566643867e-08,1e-10,-,0
2026-08-09 03:35:00+00:00,1e-10,4.6150340121986334e-07,-,0
2026-08-09 03:36:00+00:00,1e-10,1e-10,-,0
2026-08-09 03:37:00+00:00,1e-10,1e-10,-,0
2026-08-09 03:38:00+00:00,8.388012227364279e-07,1e-10,-,0
2026-08-09 03:39:00+00:00,1e-10,1.8572955700818458e-07,-,0
2026-08-09 03:40:00+00:00,1e-10,1.4691049785674559e-06,-,0
2026-08-09 03:41:00+00:00,1e-10,1e-10,-,0
2026-08-09 03:42:00+00:00,6.479351745974863e-07,4.854644862150457e-07,-,0
2026-08-09 03:43:00+00:00,8.327760534675333e-07,1e-10,-,0
2026-08-09 03:44:00+00:00,3.171474637335846e-07,9.875102631301108e-07,-,0
2026-08-09 03:45:00+00:00,8.194087431064808e-07,1e-10,-,0
2026-08-09 03:46:00+00:00,1.312262110170676e-06,1e-10,-,0
2026-08-09 03:47:00+00:00,2.0157609727432076e-07,9.560584337161046e-08,-,0
2026-08-09 03:48:00+00:00,1e-10,1e-10,-,0
2026-08-09 03:49:00+00:00,1e-10,1e-10,-,0
2026-08-09 03:50:00+00:00,1e-10,5.352037808259911e-07,-,0
2026-08-09 03:51:00+00:00,4.6387572218669944e-07,1.040087457670677e-06,-,0
2026-08-09 03:52:00+00:00,1e-10,1e-10,-,0
2026-08-09 03:53:00+00:00,1.5073450745364196e-07,3.050639868148606e-07,-,0
2026-08-09 03:54:00+00:00,1e-10,2.8811568421085003e-07,-,0
2026-08-09 03:55:00+00:00,1e-10,1e-10,-,0
2026-08-09 03:56:00+00:00,2.784233793446543e-07,1e-10,-,0
2026-08-09 03:57:00+00:00,1e-10,1.2209625491358821e-06,-,0
2026-08-09 03:58:00+00:00,1e-10,2.4469086574314923e-06,-,0
2026-08-09 03:59:00+00:00,1e-10,1.4763022387385316e-06,-,0
2026-08-09 04:00:00+00:00,4.2098559514471677e-07,6.29217640401279e-07,-,0
2026-08-09 04:01:00+00:00,1e-10,1.3439671513358114e-06,-,0
2026-08-09 04:02:00+00:00,2.0102020322522714e-06,5.511187412163345e-07,-,0
2026-08-09 04:03:00+00:00,1.4506544346255135e-06,1e-10,-,0
2026-08-09 04:04:00+00:00,1e-10,4.291974332033688e-07,-,0
2026-08-09 04:05:00+00:00,7.242796954362104e-07,1e-10,-,0
2026-08-09 04:06:00+00:00,1.2866776418240993e-06,1e-10,-,0
2026-08-09 04:07:00+00:00,1e-10,1.069979641869773e-06,-,0
2026-08-09 04:08:00+00:00,4.1471356695998464e-07,1e-10,-,0
2026-08-09 04:09:00+00:00,1e-10,1e-10,-,0
2026-08-09 04:10:00+00:00,7.831214911442443e-07,1e-10,-,0
2026-08-09 04:11:00+00:00,1e-10,1e-10,-,0
2026-08-09 04:12:00+00:00,1.1470137648572087e-06,3.7378121337715673e-07,-,0
2026-08-09 04:13:00+00:00,1e-10,1e-10,-,0
2026-08-09 04:14:00+00:00,1e-10,1e-10,-,0
2026-08-09 04:15:00+00:00,7.432259125750201e-07,4.7300168626462176e-07,-,0
2026-08-09 04:16:00+00:00,1.0247442599221807e-06,3.892596751564505e-07,-,0
2026-08-09 04:17:00+00:00,1e-10,1e-10,-,0
2026-08-09 04:18:00+00:00,1e-10,1e-10,-,0
2026-08-09 04:19:00+00:00,4.03904247316333e-07,1e-10,-,0
2026-08-09 04:20:00+00:00,1e-10,7.34803082797811e-07,-,0
2026-08-09 04:21:00+00:00,1e-10,1e-10,-,0
2026-08-09 04:22:00+00:00,1e-10,1e-10,-,0
2026-08-09 04:23:00+00:00,3.2510742546873415e-06,1.6371322923762727e-07,-,0
2026-08-09 04:24:00+00:00,1e-10,1.4422849267644027e-07,-,0
2026-08-09 04:25:00+00:00,1.0063638647728852e-06,1e-10,-,0
2026-08-09 04:26:00+00:00,1e-10,4.3660390442336306e-07,-,0
2026-08-09 04:27:00+00:00,1e-10,1e-10,-,0
2026-08-09 04:28:00+00:00,1e-10,1.697415257982878e-06,-,0
2026-08-09 04:29:00+00:00,1e-10,1e-10,-,0
2026-08-09 04:30:00+00:00,1e-10,1.8842792658154765e-06,-,0
2026-08-09 04:31:00+00:00,1e-10,1e-10,-,0
2026-08-09 04:32:00+00:00,1e-10,1e-10,-,0
2026-08-09 04:33:00+00:00,1e-10,1e-10,-,0
2026-08-09 04:34:00+00:00,2.1096127206085734e-07,1.1249029895061606e-06,-,0
2026-08-09 04:35:00+00:00,1e-10,2.677887978284259e-07,-,0
2026-08-09 04:36:00+00:00,7.251457692256482e-07,1e-10,-,0
2026-08-09 04:37:00+00:00,1e-10,3.260109321891471e-07,-,0
2026-08-09 04:38:00+00:00,1e-10,1e-10,-,0
2026-08-09 04:39:00+00:00,1e-10,2.1976806998899035e-06,-,0
2026-08-09 04:40:00+00:00,1.1760021948784388e-07,1e-10,-,0
2026-08-09 04:41:00+00:00,2.522908730598765e-06,1.4303601210565447e-06,-,0
2026-08-09 04:42:00+00:00,9.07103787992478e-07,1e-10,-,0
2026-08-09 04:43:00+00:00,1e-10,1e-10,-,0
2026-08-09 04:44:00+00:00,1e-10,1e-10,-,0
2026-08-09 04:45:00+00:00,1.8336343501355293e-06,9.597586288476788e-07,-,0
2026-08-09 04:46:00+00:00,1e-10,1.3611476089770594e-06,-,0
2026-08-09 04:47:00+00:00,1e-10,1e-10,-,0
2026-08-09 04:48:00+00:00,1e-10,6.163444206153003e-07,-,0
2026-08-09 04:49:00+00:00,2.319749314677143e-06,1.4990300080087438e-07,-,0
2026-08-09 04:50:00+00:00,1e-10,6.702477762617731e-07,-,0
2026-08-09 04:51:00+00:00,5.243998341111441e-07,1.3258127426135878e-06,-,0
2026-08-09 04:52:00+00:00,1e-10,1e-10,-,0
2026-08-09 04:53:00+00:00,1e-10,1e-10,-,0
2026-08-09 04:54:00+00:00,1e-10,1e-10,-,0
2026-08-09 04:55:00+00:00,1.6011024654999052e-06,1e-10,-,0
2026-08-09 04:56:00+00:00,7.610089414589642e-08,2.4168656031051387e-07,-,0
2026-08-09 04:57:00+00:00,1e-10,1.9103392883100022e-08,-,0
2026-08-09 04:58:00+00:00,4.6263658230770426e-07,1e-10,-,0
2026-08-09 04:59:00+00:00,1e-10,1e-10,-,0
2026-08-09 05:00:00+00:00,4.46059808041828e-07,2.546438674575025e-07,-,0
2026-08-09 05:01:00+00:00,1e-10,1e-10,-,0
2026-08-09 05:02:00+00:00,1e-10,1e-10,-,0
2026-08-09 05:03:00+00:00,1.0181626720578974e-06,1e-10,-,0
2026-08-09 05:04:00+00:00,2.086619003448408e-06,1.2439247247165043e-06,-,0
2026-08-09 05:05:00+00:00,1e-10,1e-10,-,0
2026-08-09 05:06:00+00:00,1.2056974370025264e-07,1.2726256969730799e-06,-,0
2026-08-09 05:07:00+00:00,1e-10,1e-10,-,0
2026-08-09 05:08:00+00:00,1e-10,9.571375583535564e-07,-,0
2026-08-09 05:09:00+00:00,1e-10,1e-10,-,0
2026-08-09 05:10:00+00:00,4.24114415570342e-07,1e-10,-,0
2026-08-09 05:11:00+00:00,1e-10,1e-10,-,0
2026-08-09 05:12:00+00:00,1e-10,1e-10,-,0
2026-08-09 05:13:00+00:00,1.3575083095121537e-06,4.3932533203753644e-07,-,0
2026-08-09 05:14:00+00:00,1e-10,1e-10,-,0
2026-08-09 05:15:00+00:00,1e-10,4.2719659134255027e-07,-,0
2026-08-09 05:16:00+00:00,1e-10,3.8237618328798e-08,-,0
2026-08-09 05:17:00+00:00,1e-10,1e-10,-,0
2026-08-09 05:18:00+00:00,1.6527555800897936e-06,1.3852267801104928e-07,-,0
2026-08-09 05:19:00+00:00,7.034168691744294e-07,1.071133235969429e-07,-,0
2026-08-09 05:20:00+00:00,1.4537715775308297e-06,5.952054241106261e-07,C,1
2026-08-09 05:21:00+00:00,1e-10,2.3162368105288804e-07,C,1
2026-08-09 05:22:00+00:00,4.297227592267109e-07,1.2380596085483637e-07,C,1
2026-08-09 05:23:00+00:00,1.1904330142829655e-06,2.2151478800742295e-06,C,1
2026-08-09 05:24:00+00:00,6.765055661409244e-07,1e-10,C,1
2026-08-09 05:25:00+00:00,1.7928466042829315e-06,1e-10,C,1
2026-08-09 05:26:00+00:00,4.982829864884877e-07,1.2237532394580408e-06,C,1
2026-08-09 05:27:00+00:00,5.76602309282392e-08,1e-10,C,1
2026-08-09 05:28:00+00:00,1e-10,1.0092402010057819e-06,C,1
2026-08-09 05:29:00+00:00,5.779038712845854e-07,3.6215048545876745e-07,C,1
2026-08-09 05:30:00+00:00,8.391544571463814e-07,1e-10,C,1
2026-08-09 05:31:00+00:00,1.4944500258586326e-06,1.1121956671795822e-06,C,1
2026-08-09 05:32:00+00:00,1e-10,1.3347306436477996e-06,C,1
2026-08-09 05:33:00+00:00,3.91285227448574e-07,4.1938600167300694e-08,C,1
2026-08-09 05:34:00+00:00,1e-10,1e-10,C,1
2026-08-09 05:35:00+00:00,1e-10,1.455328444776381e-06,C,1
2026-08-09 05:36:00+00:00,1.6338833813525289e-06,1e-10,C,1
2026-08-09 05:37:00+00:00,2.818882997149046e-06,7.831550814673146e-07,C,1
2026-08-09 05:38:00+00:00,3.237996062583673e-06,1e-10,C,1
2026-08-09 05:39:00+00:00,2.3274918053703685e-06,6.772402831414652e-07,C,1
2026-08-09 05:40:00+00:00,4.8569078638935455e-06,1e-10,C,1
2026-08-09 05:41:00+00:00,2.471673081275967e-06,4.3560118853089905e-07,C,1
2026-08-09 05:42:00+00:00,4.192951980384441e-06,3.187424839854029e-06,C,1
2026-08-09 05:43:00+00:00,2.4117388041741833e-06,1.5821285669586193e-06,C,1
2026-08-09 05:44:00+00:00,1.1255096393965444e-06,6.10794833872288e-06,C,2
2026-08-09 05:45:00+00:00,4.723092231534278e-06,7.337049479293242e-06,C,2
2026-08-09 05:46:00+00:00,4.637497805227532e-06,1.1418127173840858e-05,C,2
2026-08-09 05:47:00+00:00,5.922457681501515e-06,9.191878629949264e-06,C,2
2026-08-09 05:48:00+00:00,6.086897586105009e-06,9.554142604606411e-06,C,2
2026-08-09 05:49:00+00:00,6.711264735200123e-06,7.156417705247311e-06,C,2
2026-08-09 05:50:00+00:00,6.2656470119123106e-06,4.8580530426174115e-06,C,2
2026-08-09 05:51:00+00:00,6.772999642949886e-06,6.0577853700208e-06,C,2
2026-08-09 05:52:00+00:00,4.51451867811209e-06,5.549509541119939e-06,C,2
2026-08-09 05:53:00+00:00,1.4224350428434517e-06,4.143069193453197e-06,C,2
2026-08-09 05:54:00+00:00,3.2902878758385184e-06,3.9826625135438086e-06,C,2
2026-08-09 05:55:00+00:00,6.348265642923274e-06,2.926898249208236e-06,C,2
2026-08-09 05:56:00+00:00,3.887271679594106e-06,1.2345108548041434e-06,C,3
2026-08-09 05:57:00+00:00,4.7946251868455e-06,1.7085309381046573e-06,C,3
2026-08-09 05:58:00+00:00,4.755429999052333e-06,1.1996349696641363e-06,C,3
2026-08-09 05:59:00+00:00,3.944858055908967e-06,1.651536725057683e-06,C,3
2026-08-09 06:00:00+00:00,3.508172985774831e-06,7.590451272474532e-07,C,3
2026-08-09 06:01:00+00:00,2.831247086109881e-06,3.219616410135009e-06,C,3
2026-08-09 06:02:00+00:00,6.111364331785565e-06,1.56281022600053e-06,C,3
2026-08-09 06:03:00+00:00,2.131707847941334e-06,7.607892284434768e-07,C,3
2026-08-09 06:04:00+00:00,4.185442040795669e-06,1.0822022041082656e-06,C,3
2026-08-09 06:05:00+00:00,3.887302881086102e-06,1.125231341019649e-06,C,3
2026-08-09 06:06:00+00:00,3.4927266217921367e-06,2.9897634650849782e-06,C,3
2026-08-09 06:07:00+00:00,2.622578778998117e-06,1.0542702259569366e-06,C,3
2026-08-09 06:08:00+00:00,8.287008734716136e-07,1.7153959722937465e-08,C,3
2026-08-09 06:09:00+00:00,1.4159053843614985e-06,1e-10,C,3
2026-08-09 06:10:00+00:00,1.8254884115007565e-06,6.571839305690306e-07,C,3
2026-08-09 06:11:00+00:00,2.744972651747105e-06,2.614644281471175e-06,C,3
2026-08-09 06:12:00+00:00,3.2571347771401157e-06,4.7451719319004394e-08,C,3
2026-08-09 06:13:00+00:00,2.5975313212581055e-06,1e-10,C,3
2026-08-09 06:14:00+00:00,2.358342612842935e-06,1.3265471423959596e-06,C,3
2026-08-09 06:15:00+00:00,3.3874912710657276e-06,2.985953283856992e-07,C,3
2026-08-09 06:16:00+00:00,1e-10,1e-10,C,3
2026-08-09 06:17:00+00:00,1e-10,3.665962933657009e-07,C,3
2026-08-09 06:18:00+00:00,8.244909514571778e-08,1.3840417172287203e-06,C,3
2026-08-09 06:19:00+00:00,2.946189156775179e-06,1e-10,C,3
2026-08-09 06:20:00+00:00,1e-10,8.875036848487862e-07,C,3
2026-08-09 06:21:00+00:00,1.8698701406431712e-06,1e-10,C,3
2026-08-09 06:22:00+00:00,6.440832799251907e-07,1e-10,C,3
2026-08-09 06:23:00+00:00,1.837666575164546e-06,1e-10,C,3
2026-08-09 06:24:00+00:00,1.3138280698940933e-06,1.2892199282160431e-06,C,3
2026-08-09 06:25:00+00:00,1.6397309078258429e-06,1.1572706600714182e-06,C,3
2026-08-09 06:26:00+00:00,9.461197140255028e-07,1e-10,C,3
2026-08-09 06:27:00+00:00,2.0678042209183844e-06,1e-10,C,3
2026-08-09 06:28:00+00:00,2.7552367887578475e-06,1e-10,C,3
2026-08-09 06:29:00+00:00,2.7177218848335706e-06,5.053678116088522e-07,C,3
2026-08-09 06:30:00+00:00,7.972744691050454e-07,1e-10,C,3
2026-08-09 06:31:00+00:00,1.459263255947779e-07,1e-10,C,3
2026-08-09 06:32:00+00:00,1.3510582895621104e-06,1.060080783490311e-06,C,3
2026-08-09 06:33:00+00:00,3.2584932392318676e-06,6.886633681132168e-07,C,3
2026-08-09 06:34:00+00:00,1.0574657495398946e-06,1e-10,C,3
2026-08-09 06:35:00+00:00,1.945741700543899e-06,2.380997715574912e-07,C,3
2026-08-09 06:36:00+00:00,1.8137388112572176e-06,1e-10,C,3
2026-08-09 06:37:00+00:00,1.8129726802186605e-06,1e-10,C,3
2026-08-09 06:38:00+00:00,2.2934723633907515e-06,1e-10,C,3
2026-08-09 06:39:00+00:00,1e-10,1e-10,C,3
2026-08-09 06:40:00+00:00,1e-10,1e-10,C,3
2026-08-09 06:41:00+00:00,7.896142649412419e-07,1e-10,C,3
2026-08-09 06:42:00+00:00,2.0861826338615096e-06,1e-10,C,3
2026-08-09 06:43:00+00:00,2.0768759616224645e-06,1.005469893169368e-06,C,3
2026-08-09 06:44:00+00:00,6.465152034564104e-07,1.3953250779712621e-08,C,3
2026-08-09 06:45:00+00:00,1.8358772551527792e-06,1e-10,C,3
2026-08-09 06:46:00+00:00,1.359986668163654e-07,1.2089702364783222e-07,C,3
2026-08-09 06:47:00+00:00,1e-10,1e-10,C,3
2026-08-09 06:48:00+00:00,1e-10,1.3634043093133484e-07,C,3
2026-08-09 06:49:00+00:00,4.979012301870248e-07,6.333264312845407e-07,C,3
2026-08-09 06:50:00+00:00,2.1489743626472412e-07,9.096368386205059e-07,C,3
2026-08-09 06:51:00+00:00,1.6666833099477502e-06,4.796747028825912e-07,C,3
2026-08-09 06:52:00+00:00,1.1820680337762232e-06,1e-10,C,3
2026-08-09 06:53:00+00:00,5.29056781974776e-07,1e-10,C,3
2026-08-09 06:54:00+00:00,6.153486409548928e-07,1.2796992582226514e-06,C,3
2026-08-09 06:55:00+00:00,1e-10,1e-10,C,3
2026-08-09 06:56:00+00:00,1e-10,1e-10,C,3
2026-08-09 06:57:00+00:00,1e-10,7.641367095293999e-07,C,3
2026-08-09 06:58:00+00:00,1.3024453898278979e-06,1.689987753346238e-06,C,3
2026-08-09 06:59:00+00:00,2.864088017630853e-07,1e-10,C,3
2026-08-09 07:00:00+00:00,1e-10,1e-10,C,3
2026-08-09 07:01:00+00:00,1.897380425410456e-06,2.1234612281410547e-06,C,3
2026-08-09 07:02:00+00:00,2.2388485169476358e-06,2.2043118748266376e-06,C,3
2026-08-09 07:03:00+00:00,1.6913713299981297e-06,4.936042224664976e-08,C,3
2026-08-09 07:04:00+00:00,8.101434405163002e-07,2.8393295719418566e-08,C,3
2026-08-09 07:05:00+00:00,6.548132235645069e-07,1.0198545096174875e-06,C,3
2026-08-09 07:06:00+00:00,3.1186371377714003e-07,4.968950145915135e-07,C,3
2026-08-09 07:07:00+00:00,4.980776096884161e-07,3.849836724101672e-08,C,3
2026-08-09 07:08:00+00:00,9.971399807953065e-07,8.300073759351995e-07,C,3
2026-08-09 07:09:00+00:00,1.05948931620431e-06,1e-10,C,3
2026-08-09 07:10:00+00:00,7.85872774604411e-07,1.249630220403547e-06,C,3
2026-08-09 07:11:00+00:00,1e-10,7.484098290566884e-07,C,3
2026-08-09 07:12:00+00:00,1.5212107025518382e-06,5.130470541828247e-07,C,3
2026-08-09 07:13:00+00:00,4.803514643545244e-07,1e-10,C,3
2026-08-09 07:14:00+00:00,1e-10,1e-10,C,3
2026-08-09 07:15:00+00:00,4.527346438682152e-07,1e-10,C,3
2026-08-09 07:16:00+00:00,5.635877139227499e-07,1e-10,C,3
2026-08-09 07:17:00+00:00,1e-10,1e-10,C,3
2026-08-09 07:18:00+00:00,1e-10,1.3726812060853278e-06,C,3
2026-08-09 07:19:00+00:00,1e-10,1e-10,C,3
2026-08-09 07:20:00+00:00,1e-10,1e-10,C,3
2026-08-09 07:21:00+00:00,8.270056918859296e-07,1e-10,C,3
2026-08-09 07:22:00+00:00,1e-10,1e-10,C,3
2026-08-09 07:23:00+00:00,2.7234709722041584e-07,1e-10,C,3
2026-08-09 07:24:00+00:00,9.884835251769249e-07,6.269356423163849e-07,C,3
2026-08-09 07:25:00+00:00,1e-10,1e-10,C,3
2026-08-09 07:26:00+00:00,1.0466914282801222e-06,1e-10,C,3
2026-08-09 07:27:00+00:00,1.6484600982988723e-06,1e-10,C,3
2026-08-09 07:28:00+00:00,1.0877374996274216e-06,1e-10,C,3
2026-08-09 07:29:00+00:00,8.085447882201333e-07,3.301454847324292e-07,C,3
2026-08-09 07:30:00+00:00,1.0782714512214189e-06,1.6000363143147866e-06,C,3
2026-08-09 07:31:00+00:00,5.650621320267576e-07,1e-10,C,3
2026-08-09 07:32:00+00:00,1.078834376758248e-06,1.1578280586538076e-07,C,3
2026-08-09 07:33:00+00:00,1e-10,1e-10,-,0
2026-08-09 07:34:00+00:00,3.985908789601838e-08,1e-10,-,0
2026-08-09 07:35:00+00:00,5.672875296615213e-07,1.1055646885970217e-06,-,0
2026-08-09 07:36:00+00:00,2.00923446705806e-08,1.8648590904393865e-07,-,0
2026-08-09 07:37:00+00:00,2.8772808716930937e-06,7.464762977946862e-07,-,0
2026-08-09 07:38:00+00:00,1e-10,3.0604037905277127e-07,-,0
2026-08-09 07:39:00+00:00,1e-10,1e-10,-,0
2026-08-09 07:40:00+00:00,1.6405363336650786e-07,1.3601618561461257e-06,-,0
2026-08-09 07:41:00+00:00,1.0187330019303181e-06,1e-10,-,0
2026-08-09 07:42:00+00:00,1e-10,1e-10,-,0
2026-08-09 07:43:00+00:00,6.516548952791108e-08,1e-10,-,0
2026-08-09 07:44:00+00:00,1.811946529040633e-08,5.706568397474897e-08,-,0
2026-08-09 07:45:00+00:00,2.6369840223495856e-08,1e-10,-,0
2026-08-09 07:46:00+00:00,1e-10,2.3903434814412635e-07,-,0
2026-08-09 07:47:00+00:00,1.3073031946704358e-06,1.5353250032686838e-06,-,0
2026-08-09 07:48:00+00:00,2.4939070189624355e-06,1e-10,-,0
2026-08-09 07:49:00+00:00,1e-10,1.7074188176525073e-06,-,0
2026-08-09 07:50:00+00:00,1e-10,1e-10,-,0
2026-08-09 07:51:00+00:00,1e-10,2.2237648492435267e-07,-,0
2026-08-09 07:52:00+00:00,1.6368281640046657e-06,3.500096841930004e-08,-,0
2026-08-09 07:53:00+00:00,1e-10,3.189592807853727e-07,-,0
2026-08-09 07:54:00+00:00,4.820081894641953e-07,1.3501482162650427e-06,-,0
2026-08-09 07:55:00+00:00,1e-10,1e-10,-,0
2026-08-09 07:56:00+00:00,2.0489965117787536e-06,1e-10,-,0
2026-08-09 07:57:00+00:00,1e-10,7.066231420983236e-07,-,0
2026-08-09 07:58:00+00:00,3.3537790231520906e-07,1e-10,-,0
2026-08-09 07:59:00+00:00,1e-10,1e-10,-,0
2026-08-09 08:00:00+00:00,1e-10,7.271003194996536e-07,-,0
2026-08-09 08:01:00+00:00,5.111413410445507e-08,1e-10,-,0
2026-08-09 08:02:00+00:00,1.7343603436874109e-07,9.895799863979183e-07,-,0
2026-08-09 08:03:00+00:00,1.0188025843156667e-06,1e-10,-,0
2026-08-09 08:04:00+00:00,1e-10,1.281030251404152e-06,-,0
2026-08-09 08:05:00+00:00,1e-10,2.914474487861438e-07,-,0
2026-08-09 08:06:00+00:00,1e-10,1e-10,-,0
2026-08-09 08:07:00+00:00,1.91445471981641e-07,1e-10,-,0
2026-08-09 08:08:00+00:00,1e-10,1e-10,-,0
2026-08-09 08:09:00+00:00,1e-10,6.946013095869764e-08,-,0
2026-08-09 08:10:00+00:00,1e-10,1e-10,-,0
2026-08-09 08:11:00+00:00,1e-10,1e-10,-,0
2026-08-09 08:12:00+00:00,1e-10,1e-10,-,0
2026-08-09 08:13:00+00:00,1e-10,1.7217991949657758e-06,-,0
2026-08-09 08:14:00+00:00,3.64256573705085e-07,2.83701975507792e-07,-,0
2026-08-09 08:15:00+00:00,1.2787818973245697e-06,1e-10,-,0
2026-08-09 08:16:00+00:00,9.478258859372599e-07,1.706350024897136e-07,-,0
2026-08-09 08:17:00+00:00,1.2765734240124913e-06,7.094304276714257e-07,-,0
2026-08-09 08:18:00+00:00,1.4068282712885504e-06,1e-10,-,0
2026-08-09 08:19:00+00:00,1e-10,1e-10,-,0
2026-08-09 08:20:00+00:00,2.113146029181982e-06,1e-10,-,0
2026-08-09 08:21:00+00:00,8.773072362354299e-07,1e-10,-,0
2026-08-09 08:22:00+00:00,1e-10,1e-10,-,0
2026-08-09 08:23:00+00:00,1e-10,7.455354852384552e-07,-,0
2026-08-09 08:24:00+00:00,2.1237681971551258e-07,1e-10,-,0
2026-08-09 08:25:00+00:00,1.0026655009161038e-06,1e-10,-,0
2026-08-09 08:26:00+00:00,1e-10,1e-10,-,0
2026-08-09 08:27:00+00:00,1e-10,1e-10,-,0
2026-08-09 08:28:00+00:00,9.024143988146693e-07,1.6369727313307736e-06,-,0
2026-08-09 08:29:00+00:00,1e-10,1e-10,-,0
2026-08-09 08:30:00+00:00,3.6401780402340477e-07,1.1967381723904704e-06,-,0
2026-08-09 08:31:00+00:00,7.140764445107234e-08,1.576893583645216e-07,-,0
2026-08-09 08:32:00+00:00,1e-10,5.068072803457221e-07,-,0
2026-08-09 08:33:00+00:00,1.9956314322353236e-06,1e-10,-,0
2026-08-09 08:34:00+00:00,4.832747966619802e-08,8.146948951920214e-07,-,0
2026-08-09 08:35:00+00:00,1e-10,1e-10,-,0
2026-08-09 08:36:00+00:00,8.034138254374482e-08,1e-10,-,0
2026-08-09 08:37:00+00:00,1e-10,1e-10,-,0
2026-08-09 08:38:00+00:00,4.248936958368332e-07,1e-10,-,0
2026-08-09 08:39:00+00:00,9.782949535480623e-07,1e-10,-,0
2026-08-09 08:40:00+00:00,3.018141845543969e-06,9.752953324462132e-07,-,0
2026-08-09 08:41:00+00:00,1.322538874678476e-07,1e-10,-,0
2026-08-09 08:42:00+00:00,1e-10,1e-10,-,0
2026-08-09 08:43:00+00:00,2.565121438657548e-07,2.1851782372819065e-06,-,0
2026-08-09 08:44:00+00:00,1.6216980546959572e-06,1e-10,-,0
2026-08-09 08:45:00+00:00,5.828571896162248e-07,8.22874851509814e-07,-,0
2026-08-09 08:46:00+00:00,9.489041242545069e-07,1.2850521644649772e-08,-,0
2026-08-09 08:47:00+00:00,8.678042129445065e-07,1.209089501856361e-06,-,0
2026-08-09 08:48:00+00:00,5.889698522576725e-07,1e-10,-,0
2026-08-09 08:49:00+00:00,1e-10,1e-10,-,0
2026-08-09 08:50:00+00:00,1e-10,1e-10,-,0
2026-08-09 08:51:00+00:00,1e-10,1e-10,-,0
2026-08-09 08:52:00+00:00,1e-10,7.535591830364049e-08,-,0
2026-08-09 08:53:00+00:00,1e-10,1e-10,-,0
2026-08-09 08:54:00+00:00,2.0828838784016344e-06,5.598780693974984e-07,-,0
2026-08-09 08:55:00+00:00,1e-10,3.0355919478567746e-06,-,0
2026-08-09 08:56:00+00:00,1.3692869613689106e-07,1e-10,-,0
2026-08-09 08:57:00+00:00,1e-10,3.598374056021197e-07,-,0
2026-08-09 08:58:00+00:00,2.399141636268523e-07,2.5618945397204538e-08,-,0
2026-08-09 08:59:00+00:00,1.047631749460029e-07,1e-10,-,0
2026-08-09 09:00:00+00:00,1e-10,8.791670173991849e-07,-,0
2026-08-09 09:01:00+00:00,6.887770883191044e-07,1e-10,-,0
2026-08-09 09:02:00+00:00,1e-10,1e-10,-,0
2026-08-09 09:03:00+00:00,1e-10,1.5339412795752188e-06,-,0
2026-08-09 09:04:00+00:00,1e-10,1e-10,-,0
2026-08-09 09:05:00+00:00,9.216090756227155e-07,1.3104177101248917e-06,-,0
2026-08-09 09:06:00+00:00,1e-10,6.103470408877792e-07,-,0
2026-08-09 09:07:00+00:00,1.2633522812023898e-07,1.1342240032133458e-07,-,0
2026-08-09 09:08:00+00:00,4.754621344146089e-07,7.167947382475753e-07,-,0
2026-08-09 09:09:00+00:00,3.1134297004760024e-07,8.844552519700069e-07,-,0
2026-08-09 09:10:00+00:00,2.490299877702203e-07,1e-10,-,0
2026-08-09 09:11:00+00:00,1e-10,1e-10,-,0
2026-08-09 09:12:00+00:00,1.668479517906872e-07,9.642802979873995e-07,-,0
2026-08-09 09:13:00+00:00,1e-10,3.1101438625590046e-06,-,0
2026-08-09 09:14:00+00:00,1e-10,1e-10,-,0
2026-08-09 09:15:00+00:00,1e-10,1e-10,-,0
2026-08-09 09:16:00+00:00,1e-10,1e-10,-,0
2026-08-09 09:17:00+00:00,3.304287614681077e-06,1e-10,-,0
2026-08-09 09:18:00+00:00,1.1086801026235423e-06,1e-10,-,0
2026-08-09 09:19:00+00:00,8.955436375598266e-07,6.899325450794148e-07,-,0
2026-08-09 09:20:00+00:00,1e-10,1e-10,-,0
2026-08-09 09:21:00+00:00,1e-10,1e-10,-,0
2026-08-09 09:22:00+00:00,2.872813030447432e-06,1e-10,-,0
2026-08-09 09:23:00+00:00,1e-10,1.117117361264755e-06,-,0
2026-08-09 09:24:00+00:00,3.0915649929229456e-07,1e-10,-,0
2026-08-09 09:25:00+00:00,2.064777155524552e-06,1e-10,-,0
2026-08-09 09:26:00+00:00,1e-10,3.377560187171789e-07,-,0
2026-08-09 09:27:00+00:00,1.918832084979605e-07,1e-10,-,0
2026-08-09 09:28:00+00:00,6.888515504518698e-09,1e-10,-,0
2026-08-09 09:29:00+00:00,1e-10,1.2446683584271146e-06,-,0
2026-08-09 09:30:00+00:00,8.87110987934354e-07,1e-10,-,0
2026-08-09 09:31:00+00:00,1e-10,5.549034730688377e-07,-,0
2026-08-09 09:32:00+00:00,8.862918707441268e-07,1e-10,-,0
2026-08-09 09:33:00+00:00,5.000390339462264e-07,2.823942180803636e-07,-,0
2026-08-09 09:34:00+00:00,1.0238090959659207e-06,1.5688907678123906e-06,-,0
2026-08-09 09:35:00+00:00,1e-10,2.1721098009202074e-07,-,0
2026-08-09 09:36:00+00:00,4.6072766359131896e-07,1e-10,-,0
2026-08-09 09:37:00+00:00,1.1621429471496922e-06,1e-10,-,0
2026-08-09 09:38:00+00:00,1e-10,1.0001873958255474e-06,-,0
2026-08-09 09:39:00+00:00,1e-10,5.43656639098088e-07,-,0
2026-08-09 09:40:00+00:00,6.704819799769865e-07,3.698727443909276e-07,-,0
2026-08-09 09:41:00+00:00,9.366933428153091e-07,1e-10,-,0
2026-08-09 09:42:00+00:00,1.7729632062471679e-07,1.261547605810866e-06,-,0
2026-08-09 09:43:00+00:00,1.0457779005059418e-06,1e-10,-,0
2026-08-09 09:44:00+00:00,1e-10,6.221051872873366e-07,-,0
2026-08-09 09:45:00+00:00,1.4308942802434937e-06,2.03625796012527e-06,-,0
2026-08-09 09:46:00+00:00,1e-10,9.71731513613965e-08,-,0
2026-08-09 09:47:00+00:00,1e-10,1e-10,-,0
2026-08-09 09:48:00+00:00,1.602903660504649e-06,1e-10,-,0
2026-08-09 09:49:00+00:00,9.429724662481418e-07,1e-10,-,0
2026-08-09 09:50:00+00:00,1e-10,4.8027501546825507e-08,-,0
2026-08-09 09:51:00+00:00,1e-10,1.8545054790485043e-06,-,0
2026-08-09 09:52:00+00:00,6.912646948138554e-07,4.904741148691492e-07,-,0
2026-08-09 09:53:00+00:00,1e-10,2.3608325507759604e-07,-,0
2026-08-09 09:54:00+00:00,3.8268844730326847e-07,1.6895580225991123e-07,-,0
2026-08-09 09:55:00+00:00,1e-10,1e-10,-,0
2026-08-09 09:56:00+00:00,2.6577879769626364e-07,1e-10,-,0
2026-08-09 09:57:00+00:00,1e-10,1e-10,-,0
2026-08-09 09:58:00+00:00,1e-10,1.6872772031153455e-06,-,0
2026-08-09 09:59:00+00:00,3.052404829412635e-07,1e-10,-,0
2026-08-09 10:00:00+00:00,1.1911614027133628e-06,1e-10,-,0
2026-08-09 10:01:00+00:00,1e-10,1e-10,-,0
2026-08-09 10:02:00+00:00,8.26055488551645e-07,1e-10,-,0
2026-08-09 10:03:00+00:00,1e-10,1e-10,-,0
2026-08-09 10:04:00+00:00,1e-10,2.148211847421651e-07,-,0
2026-08-09 10:05:00+00:00,3.34291915463867e-07,2.6990041330283775e-07,-,0
2026-08-09 10:06:00+00:00,1e-10,1e-10,-,0
2026-08-09 10:07:00+00:00,8.705450131603265e-07,9.706237878176857e-07,-,0
2026-08-09 10:08:00+00:00,1e-10,1e-10,-,0
2026-08-09 10:09:00+00:00,1e-10,1e-10,-,0
2026-08-09 10:10:00+00:00,7.491811263887559e-07,9.761363800475602e-07,-,0
2026-08-09 10:11:00+00:00,1e-10,1.2695542897021947e-06,-,0
2026-08-09 10:12:00+00:00,1e-10,1e-10,-,0
2026-08-09 10:13:00+00:00,5.405479061657353e-07,1e-10,-,0
2026-08-09 10:14:00+00:00,1e-10,1e-10,-,0
2026-08-09 10:15:00+00:00,1.5985360074617512e-06,1.7377288502335767e-06,-,0
2026-08-09 10:16:00+00:00,1e-10,1e-10,-,0
2026-08-09 10:17:00+00:00,1e-10,1.0882040127735558e-06,-,0
2026-08-09 10:18:00+00:00,1.82549703590392e-06,1e-10,-,0
2026-08-09 10:19:00+00:00,2.214144754039666e-06,1e-10,-,0
2026-08-09 10:20:00+00:00,1e-10,1e-10,-,0
2026-08-09 10:21:00+00:00,1.2492743311507266e-06,4.6724698231649245e-07,-,0
2026-08-09 10:22:00+00:00,8.8732413817636e-07,1.7131824029212996e-07,-,0
2026-08-09 10:23:00+00:00,1e-10,1e-10,-,0
2026-08-09 10:24:00+00:00,5.435828618855791e-07,1e-10,-,0
2026-08-09 10:25:00+00:00,1e-10,1e-10,-,0
2026-08-09 10:26:00+00:00,1e-10,2.616650148033727e-07,-,0
2026-08-09 10:27:00+00:00,5.834909881957485e-07,1e-10,-,0
2026-08-09 10:28:00+00:00,6.487456528212323e-07,1.1351911893987157e-07,-,0
2026-08-09 10:29:00+00:00,1e-10,4.5052642674888306e-07,-,0
2026-08-09 10:30:00+00:00,1e-10,7.433926740499764e-07,-,0
2026-08-09 10:31:00+00:00,1e-10,7.59153322358282e-07,-,0
2026-08-09 10:32:00+00:00,1e-10,3.826219814174887e-07,-,0
2026-08-09 10:33:00+00:00,1e-10,1e-10,-,0
2026-08-09 10:34:00+00:00,8.446264616692328e-07,1e-10,-,0
2026-08-09 10:35:00+00:00,1e-10,1e-10,-,0
2026-08-09 10:36:00+00:00,1e-10,1e-10,-,0
2026-08-09 10:37:00+00:00,1.925888386155813e-06,1.2247618082841155e-06,-,0
2026-08-09 10:38:00+00:00,5.741098661419693e-07,1e-10,-,0
2026-08-09 10:39:00+00:00,1.0183684121009793e-06,1e-10,-,0
2026-08-09 10:40:00+00:00,6.980662183017206e-07,1.3475728826266309e-06,-,0
2026-08-09 10:41:00+00:00,1.068282272832433e-06,1e-10,-,0
2026-08-09 10:42:00+00:00,5.09334244287714e-07,1.7056147833322129e-06,-,0
2026-08-09 10:43:00+00:00,5.430581049368991e-07,7.024323302404712e-07,-,0
2026-08-09 10:44:00+00:00,1.6802600516184363e-07,1e-10,-,0
2026-08-09 10:45:00+00:00,1e-10,1e-10,-,0
2026-08-09 10:46:00+00:00,1.0063630347553287e-06,1.9024387406127035e-06,-,0
2026-08-09 10:47:00+00:00,1e-10,1e-10,-,0
2026-08-09 10:48:00+00:00,1.5667073887538197e-07,8.068325041394983e-07,-,0
2026-08-09 10:49:00+00:00,4.3548678578535844e-07,2.2842226586515076e-06,-,0
2026-08-09 10:50:00+00:00,5.290059625247857e-07,1e-10,-,0
2026-08-09 10:51:00+00:00,1e-10,1e-10,-,0
2026-08-09 10:52:00+00:00,2.4796891120254165e-07,2.4752595174789584e-06,-,0
2026-08-09 10:53:00+00:00,1e-10,1e-10,-,0
2026-08-09 10:54:00+00:00,2.234700204613073e-07,1e-10,-,0
2026-08-09 10:55:00+00:00,8.858677443070426e-07,4.829211806435044e-07,-,0
2026-08-09 10:56:00+00:00,2.0188553178679465e-06,1e-10,-,0
2026-08-09 10:57:00+00:00,6.672520596285655e-07,1e-10,-,0
2026-08-09 10:58:00+00:00,9.83434816235716e-07,1e-10,-,0
2026-08-09 10:59:00+00:00,1e-10,4.6331277458036134e-07,-,0
2026-08-09 11:00:00+00:00,6.218008612257096e-07,1e-10,-,0
2026-08-09 11:01:00+00:00,1e-10,1e-10,-,0
2026-08-09 11:02:00+00:00,1.358537938458586e-06,8.80035340843212e-07,-,0
2026-08-09 11:03:00+00:00,1e-10,6.783098382422442e-07,-,0
2026-08-09 11:04:00+00:00,1e-10,1e-10,-,0
2026-08-09 11:05:00+00:00,8.621681279047971e-07,2.1095945338620158e-07,-,0
2026-08-09 11:06:00+00:00,1.885145882282094e-06,6.187716563239275e-07,-,0
2026-08-09 11:07:00+00:00,1.1990832321463794e-06,1e-10,-,0
2026-08-09 11:08:00+00:00,1e-10,5.925276088609068e-07,-,0
2026-08-09 11:09:00+00:00,1e-10,8.664996217000862e-07,-,0
2026-08-09 11:10:00+00:00,1e-10,3.702068760885936e-07,-,0
2026-08-09 11:11:00+00:00,1.6427937055556028e-07,1e-10,-,0
2026-08-09 11:12:00+00:00,1e-10,2.891945193039857e-07,-,0
2026-08-09 11:13:00+00:00,1e-10,1e-10,-,0
2026-08-09 11:14:00+00:00,1.4510911012162255e-06,1.5827632163163824e-06,-,0
2026-08-09 11:15:00+00:00,1.4719527225353908e-06,1.4851562005551407e-06,-,0
2026-08-09 11:16:00+00:00,2.11111762989305e-06,1.4053919981206595e-06,-,0
2026-08-09 11:17:00+00:00,1e-10,1.4920316978709268e-07,-,0
2026-08-09 11:18:00+00:00,1e-10,6.431572160574118e-07,-,0
2026-08-09 11:19:00+00:00,3.0169619474051365e-07,1.6279045687694343e-07,-,0
2026-08-09 11:20:00+00:00,3.0376268003400566e-08,3.6660512495980143e-07,-,0
2026-08-09 11:21:00+00:00,1e-10,1.5339344918148217e-06,-,0
2026-08-09 11:22:00+00:00,1e-10,1e-10,-,0
2026-08-09 11:23:00+00:00,1e-10,4.95635572526517e-07,-,0
2026-08-09 11:24:00+00:00,2.270142895839971e-06,1e-10,-,0
2026-08-09 11:25:00+00:00,1e-10,1e-10,-,0
2026-08-09 11:26:00+00:00,1e-10,1e-10,-,0
2026-08-09 11:27:00+00:00,1e-10,1e-10,-,0
2026-08-09 11:28:00+00:00,2.3742485731197617e-07,1e-10,-,0
2026-08-09 11:29:00+00:00,1e-10,1e-10,-,0
2026-08-09 11:30:00+00:00,4.819676116313074e-07,1e-10,-,0
2026-08-09 11:31:00+00:00,1e-10,6.014576507639644e-07,-,0
2026-08-09 11:32:00+00:00,1.2293983434010643e-07,9.289369551377039e-07,-,0
2026-08-09 11:33:00+00:00,1.1888807474052364e-07,2.2156670748975373e-06,-,0
2026-08-09 11:34:00+00:00,1.7706769581039094e-06,1e-10,-,0
2026-08-09 11:35:00+00:00,1.9938978832214565e-06,8.988915015458328e-07,-,0
2026-08-09 11:36:00+00:00,1e-10,2.0923230001578412e-07,-,0
2026-08-09 11:37:00+00:00,9.736601320488964e-07,1.758394420818553e-07,-,0
2026-08-09 11:38:00+00:00,2.0410485915827362e-07,4.25106340845342e-07,-,0
2026-08-09 11:39:00+00:00,8.810217912091543e-07,9.015977897736353e-07,-,0
2026-08-09 11:40:00+00:00,4.502204319475445e-07,5.412819149221017e-07,-,0
2026-08-09 11:41:00+00:00,8.426215526712319e-07,1e-10,-,0
2026-08-09 11:42:00+00:00,9.708198486594263e-07,6.596791470145427e-07,-,0
2026-08-09 11:43:00+00:00,4.934666764124928e-07,1e-10,-,0
2026-08-09 11:44:00+00:00,1.7529390409666118e-07,6.63205612475027e-07,-,0
2026-08-09 11:45:00+00:00,1.1796988928494558e-06,1.379223201519465e-07,-,0
2026-08-09 11:46:00+00:00,1e-10,1e-10,-,0
2026-08-09 11:47:00+00:00,1e-10,1e-10,-,0
2026-08-09 11:48:00+00:00,1e-10,1.0475796957229488e-06,-,0
2026-08-09 11:49:00+00:00,4.967236275067117e-07,1e-10,-,0
2026-08-09 11:50:00+00:00,7.891547820948749e-07,2.6117758857628003e-07,-,0
2026-08-09 11:51:00+00:00,1e-10,1e-10,-,0
2026-08-09 11:52:00+00:00,1e-10,1e-10,-,0
2026-08-09 11:53:00+00:00,8.584747188606395e-07,1.0654113487365005e-06,-,0
2026-08-09 11:54:00+00:00,1e-10,1e-10,-,0
2026-08-09 11:55:00+00:00,8.561516386223162e-08,1e-10,-,0
2026-08-09 11:56:00+00:00,1.0345122677454012e-06,1e-10,-,0
2026-08-09 11:57:00+00:00,1e-10,1e-10,-,0
2026-08-09 11:58:00+00:00,4.5479381782629264e-07,1e-10,-,0
2026-08-09 11:59:00+00:00,1e-10,1e-10,-,0
2026-08-09 12:00:00+00:00,4.164245169873077e-07,1e-10,-,0
2026-08-09 12:01:00+00:00,1e-10,1e-10,-,0
2026-08-09 12:02:00+00:00,1e-10,1e-10,-,0
2026-08-09 12:03:00+00:00,1e-10,1.5510671463206616e-06,-,0
2026-08-09 12:04:00+00:00,6.342326892746604e-07,1e-10,-,0
2026-08-09 12:05:00+00:00,8.227439399537797e-08,6.530342977208349e-07,-,0
2026-08-09 12:06:00+00:00,1e-10,6.048182803449103e-07,-,0
2026-08-09 12:07:00+00:00,9.95685846925786e-07,6.932275765785607e-07,-,0
2026-08-09 12:08:00+00:00,3.780547854178385e-07,1e-10,-,0
2026-08-09 12:09:00+00:00,1.1821109764644795e-06,1.4202433767370313e-06,-,0
2026-08-09 12:10:00+00:00,1e-10,7.493162599352993e-09,-,0
2026-08-09 12:11:00+00:00,1.6099201284969949e-06,1e-10,-,0
2026-08-09 12:12:00+00:00,1.7807592780868552e-06,1.3088253454369148e-06,-,0
2026-08-09 12:13:00+00:00,1.0338420758092055e-06,1e-10,-,0
2026-08-09 12:14:00+00:00,5.657578772713182e-07,1e-10,-,0
2026-08-09 12:15:00+00:00,5.760715792969183e-07,5.673819640107902e-07,-,0
2026-08-09 12:16:00+00:00,3.9241342287470454e-07,1.2180366943399706e-06,-,0
2026-08-09 12:17:00+00:00,1e-10,3.344302183778373e-07,-,0
2026-08-09 12:18:00+00:00,1e-10,1e-10,-,0
2026-08-09 12:19:00+00:00,1e-10,2.990606681403666e-07,-,0
2026-08-09 12:20:00+00:00,1e-10,7.70604310289408e-07,-,0
2026-08-09 12:21:00+00:00,1.6141805508392408e-06,1e-10,-,0
2026-08-09 12:22:00+00:00,5.789338329831446e-07,1e-10,-,0
2026-08-09 12:23:00+00:00,1.9981487468224614e-06,1e-10,-,0
2026-08-09 12:24:00+00:00,9.025996490484919e-07,1.165732605001937e-06,-,0
2026-08-09 12:25:00+00:00,1e-10,1e-10,-,0
2026-08-09 12:26:00+00:00,1.4743243542638938e-06,1e-10,-,0
2026-08-09 12:27:00+00:00,1e-10,2.3338799217237176e-07,-,0
2026-08-09 12:28:00+00:00,1.533000756042222e-06,1e-10,-,0
2026-08-09 12:29:00+00:00,1.695400452874153e-06,1e-10,-,0
2026-08-09 12:30:00+00:00,1.522010011932669e-06,1.3057351630979045e-06,-,0
2026-08-09 12:31:00+00:00,1.2142272199985471e-06,1e-10,-,0
2026-08-09 12:32:00+00:00,5.075760288119272e-07,4.0806866607646686e-07,-,0
2026-08-09 12:33:00+00:00,1.6302254407036588e-08,9.432424402511802e-07,-,0
2026-08-09 12:34:00+00:00,2.1130576345105207e-06,1e-10,-,0
2026-08-09 12:35:00+00:00,3.2503618567233016e-07,9.460068700487166e-07,-,0
2026-08-09 12:36:00+00:00,1e-10,7.519445034129083e-07,-,0
2026-08-09 12:37:00+00:00,5.151697424853097e-07,2.1163962975672903e-07,-,0
2026-08-09 12:38:00+00:00,1.2983355165337457e-06,1e-10,-,0
2026-08-09 12:39:00+00:00,1.2550613511445578e-06,1.6044197305164286e-06,-,0
2026-08-09 12:40:00+00:00,1e-10,1.0202334404524612e-06,-,0
2026-08-09 12:41:00+00:00,1.219134290353214e-06,8.312301679886912e-07,-,0
2026-08-09 12:42:00+00:00,7.848902860897302e-07,7.128644363044379e-08,-,0
2026-08-09 12:43:00+00:00,1e-10,1e-10,-,0
2026-08-09 12:44:00+00:00,1e-10,1e-10,-,0
2026-08-09 12:45:00+00:00,1.6114496380313347e-06,5.911604625264387e-07,-,0
2026-08-09 12:46:00+00:00,1.7159210361617331e-06,1e-10,-,0
2026-08-09 12:47:00+00:00,1.76132922331487e-06,2.5395976495662707e-07,-,0
2026-08-09 12:48:00+00:00,1e-10,2.761794047469342e-06,-,0
2026-08-09 12:49:00+00:00,1e-10,1.4035204426394567e-06,-,0
2026-08-09 12:50:00+00:00,9.102803590087393e-08,5.0662722598215e-07,-,0
2026-08-09 12:51:00+00:00,1.690362883304971e-06,1e-10,-,0
2026-08-09 12:52:00+00:00,9.213557520355013e-07,8.793004795029463e-07,-,0
2026-08-09 12:53:00+00:00,1e-10,1.0187085247686446e-06,-,0
2026-08-09 12:54:00+00:00,2.0590533565258403e-07,1e-10,-,0
2026-08-09 12:55:00+00:00,8.192032866066959e-07,1e-10,-,0
2026-08-09 12:56:00+00:00,8.538035526532521e-07,2.676712123071686e-07,-,0
2026-08-09 12:57:00+00:00,1.8862367755056678e-06,1e-10,-,0
2026-08-09 12:58:00+00:00,1.6376535426354238e-06,1e-10,-,0
2026-08-09 12:59:00+00:00,1.403967275328884e-06,1e-10,-,0
2026-08-09 13:00:00+00:00,1e-10,1.952338524233856e-06,-,0
2026-08-09 13:01:00+00:00,1e-10,1e-10,-,0
2026-08-09 13:02:00+00:00,1e-10,1e-10,-,0
2026-08-09 13:03:00+00:00,4.919798270776842e-07,1e-10,-,0
2026-08-09 13:04:00+00:00,1e-10,6.982623712097437e-07,-,0
2026-08-09 13:05:00+00:00,6.841901711946603e-07,1e-10,-,0
2026-08-09 13:06:00+00:00,8.462518307662526e-07,8.532288384220942e-07,-,0
2026-08-09 13:07:00+00:00,2.9826808864947123e-07,1e-10,-,0
2026-08-09 13:08:00+00:00,1.0296053536180398e-06,1.4277525588375817e-06,-,0
2026-08-09 13:09:00+00:00,1e-10,1e-10,-,0
2026-08-09 13:10:00+00:00,1e-10,7.26653028570136e-08,-,0
2026-08-09 13:11:00+00:00,1e-10,1.2479262321837733e-06,-,0
2026-08-09 13:12:00+00:00,9.870226346047843e-07,1.3638635503177567e-06,-,0
2026-08-09 13:13:00+00:00,2.096530188358656e-06,1.2201892580175096e-06,-,0
2026-08-09 13:14:00+00:00,1.6976524616574713e-06,6.26363246815491e-07,-,0
2026-08-09 13:15:00+00:00,1e-10,1e-10,-,0
2026-08-09 13:16:00+00:00,1.1265292517750085e-06,6.596945003593623e-07,-,0
2026-08-09 13:17:00+00:00,1e-10,1e-10,-,0
2026-08-09 13:18:00+00:00,1.7798149681321284e-06,1e-10,-,0
2026-08-09 13:19:00+00:00,6.48211601569973e-07,1.581857496607697e-06,-,0
2026-08-09 13:20:00+00:00,9.413407486833761e-07,1.0362493910864497e-06,-,0
2026-08-09 13:21:00+00:00,1e-10,1e-10,-,0
2026-08-09 13:22:00+00:00,5.871262973984447e-07,4.0112647106300655e-07,-,0
2026-08-09 13:23:00+00:00,2.1184041140917983e-06,1e-10,-,0
2026-08-09 13:24:00+00:00,4.0483926809948715e-07,1e-10,-,0
2026-08-09 13:25:00+00:00,1e-10,1.6621151630059614e-06,-,0
2026-08-09 13:26:00+00:00,1e-10,1e-10,-,0
2026-08-09 13:27:00+00:00,1e-10,1e-10,-,0
2026-08-09 13:28:00+00:00,1.7751200415108942e-07,1.7524303353475606e-07,-,0
2026-08-09 13:29:00+00:00,1e-10,5.32082217377278e-07,-,0
2026-08-09 13:30:00+00:00,5.818889910967217e-07,1e-10,-,0
2026-08-09 13:31:00+00:00,1.309994982014084e-06,1.3009939678572265e-06,-,0
2026-08-09 13:32:00+00:00,1e-10,1e-10,-,0
2026-08-09 13:33:00+00:00,5.078877690777139e-07,3.0949141911597275e-07,-,0
2026-08-09 13:34:00+00:00,1.0809057712845021e-08,7.206355429947062e-08,-,0
2026-08-09 13:35:00+00:00,5.189199071340508e-07,1e-10,-,0
2026-08-09 13:36:00+00:00,1.0916115698365903e-06,8.407758207127943e-07,-,0
2026-08-09 13:37:00+00:00,5.364776718894008e-07,1e-10,-,0
2026-08-09 13:38:00+00:00,1.0344898859835118e-06,1.4506675348345942e-06,-,0
2026-08-09 13:39:00+00:00,6.578920466856508e-07,1.084215297871452e-06,-,0
2026-08-09 13:40:00+00:00,1.0367753220863216e-06,1.1027177388158715e-06,-,0
2026-08-09 13:41:00+00:00,4.317282591290853e-07,2.5541365127929623e-06,-,0
2026-08-09 13:42:00+00:00,4.4713734760746427e-07,4.780343129809133e-07,-,0
2026-08-09 13:43:00+00:00,8.475074903117702e-07,1.4477315458641777e-07,-,0
2026-08-09 13:44:00+00:00,1.8217910930784299e-09,5.286226934117546e-07,-,0
2026-08-09 13:45:00+00:00,5.79747695992906e-07,1e-10,-,0
2026-08-09 13:46:00+00:00,1e-10,1e-10,-,0
2026-08-09 13:47:00+00:00,1e-10,1e-10,-,0
2026-08-09 13:48:00+00:00,1.829761418218506e-07,1.5241621097098223e-06,-,0
2026-08-09 13:49:00+00:00,1e-10,1e-10,-,0
2026-08-09 13:50:00+00:00,2.215958108581067e-06,1e-10,-,0
2026-08-09 13:51:00+00:00,1e-10,1e-10,-,0
2026-08-09 13:52:00+00:00,9.240947083980662e-07,1e-10,-,0
2026-08-09 13:53:00+00:00,1e-10,1e-10,-,0
2026-08-09 13:54:00+00:00,5.01957052565051e-08,1e-10,-,0
2026-08-09 13:55:00+00:00,1e-10,8.947981627660646e-07,-,0
2026-08-09 13:56:00+00:00,1e-10,1e-10,-,0
2026-08-09 13:57:00+00:00,3.924740835863516e-07,1e-10,-,0
2026-08-09 13:58:00+00:00,1e-10,3.421421533187089e-07,-,0
2026-08-09 13:59:00+00:00,8.978633258149444e-07,5.670945901103402e-07,-,0
2026-08-09 14:00:00+00:00,1.4560794371877688e-06,2.903913247009294e-06,-,0
2026-08-09 14:01:00+00:00,1e-10,1.6401950371413125e-06,-,0
2026-08-09 14:02:00+00:00,1.237039920728703e-06,1.8513601126138375e-06,-,0
2026-08-09 14:03:00+00:00,1e-10,1e-10,-,0
2026-08-09 14:04:00+00:00,1e-10,3.798882286206796e-07,-,0
2026-08-09 14:05:00+00:00,1e-10,7.080890978949051e-07,-,0
2026-08-09 14:06:00+00:00,1e-10,1e-10,-,0
2026-08-09 14:07:00+00:00,1e-10,1e-10,-,0
2026-08-09 14:08:00+00:00,1e-10,9.13875088433025e-07,-,0
2026-08-09 14:09:00+00:00,9.365269792127364e-08,9.77729131160166e-07,-,0
2026-08-09 14:10:00+00:00,1e-10,1.4325380327057133e-06,-,0
2026-08-09 14:11:00+00:00,1e-10,1.5455162954860616e-07,-,0
2026-08-09 14:12:00+00:00,1e-10,1e-10,-,0
2026-08-09 14:13:00+00:00,3.6698845943602535e-08,6.853068230389813e-07,-,0
2026-08-09 14:14:00+00:00,8.997566434715286e-07,2.34114561145844e-07,-,0
2026-08-09 14:15:00+00:00,3.0070397259924844e-07,5.340704562845767e-07,-,0
2026-08-09 14:16:00+00:00,2.093265743327452e-06,1e-10,-,0
2026-08-09 14:17:00+00:00,1e-10,1.497776294742545e-08,-,0
2026-08-09 14:18:00+00:00,3.7337082787917705e-07,4.859481657981978e-07,-,0
2026-08-09 14:19:00+00:00,1.418454326439949e-09,1.3833358352885977e-08,-,0
2026-08-09 14:20:00+00:00,1e-10,1e-10,-,0
2026-08-09 14:21:00+00:00,1e-10,1e-10,-,0
2026-08-09 14:22:00+00:00,9.544706508748317e-07,1e-10,-,0
2026-08-09 14:23:00+00:00,9.95097316118899e-07,9.688972124787932e-07,-,0
2026-08-09 14:24:00+00:00,4.2570693948589694e-07,1e-10,-,0
2026-08-09 14:25:00+00:00,1.7762287336547173e-06,1e-10,-,0
2026-08-09 14:26:00+00:00,5.305482822610381e-07,1e-10,-,0
2026-08-09 14:27:00+00:00,3.875558874114493e-07,1e-10,-,0
2026-08-09 14:28:00+00:00,1.6875902358179837e-06,1e-10,-,0
2026-08-09 14:29:00+00:00,1e-10,1e-10,-,0
2026-08-09 14:30:00+00:00,1.6044794171530995e-06,1e-10,-,0
2026-08-09 14:31:00+00:00,1e-10,2.2864671466478792e-07,-,0
2026-08-09 14:32:00+00:00,1e-10,1e-10,-,0
2026-08-09 14:33:00+00:00,1e-10,6.371451487281062e-08,-,0
2026-08-09 14:34:00+00:00,3.01441418228264e-07,7.474153048038411e-07,-,0
2026-08-09 14:35:00+00:00,1.4921346204238073e-06,1e-10,-,0
2026-08-09 14:36:00+00:00,1e-10,7.433963322813592e-07,-,0
2026-08-09 14:37:00+00:00,1e-10,1.485699052241918e-06,-,0
2026-08-09 14:38:00+00:00,1e-10,1e-10,-,0
2026-08-09 14:39:00+00:00,1e-10,3.3586710241712923e-07,-,0
2026-08-09 14:40:00+00:00,1e-10,2.2797492946686476e-06,-,0
2026-08-09 14:41:00+00:00,6.7563712765584e-08,2.756987295728606e-07,-,0
2026-08-09 14:42:00+00:00,1.7647550521294292e-06,1e-10,-,0
2026-08-09 14:43:00+00:00,1e-10,5.535396556312758e-07,-,0
2026-08-09 14:44:00+00:00,2.8061548438558095e-07,1e-10,-,0
2026-08-09 14:45:00+00:00,2.7254573793055027e-07,1e-10,-,0
2026-08-09 14:46:00+00:00,1e-10,1e-10,-,0
2026-08-09 14:47:00+00:00,3.346711620394628e-07,1e-10,-,0
2026-08-09 14:48:00+00:00,1e-10,1e-10,-,0
2026-08-09 14:49:00+00:00,4.882137416328455e-07,9.758459940244863e-07,-,0
2026-08-09 14:50:00+00:00,1e-10,1e-10,-,0
2026-08-09 14:51:00+00:00,1e-10,1.566521586212745e-06,-,0
2026-08-09 14:52:00+00:00,1e-10,6.420637253309308e-07,-,0
2026-08-09 14:53:00+00:00,1e-10,1.6762579919544883e-06,-,0
2026-08-09 14:54:00+00:00,1e-10,1.8670608785153446e-06,-,0
2026-08-09 14:55:00+00:00,9.459850197447803e-07,1.2627068291336579e-06,-,0
2026-08-09 14:56:00+00:00,1e-10,1e-10,-,0
2026-08-09 14:57:00+00:00,1e-10,1e-10,-,0
2026-08-09 14:58:00+00:00,1e-10,1.3334227773677247e-07,-,0
2026-08-09 14:59:00+00:00,1e-10,1.1167419215959857e-06,-,0
2026-08-09 15:00:00+00:00,2.4638131420647396e-06,2.1202245244877305e-06,-,0
2026-08-09 15:01:00+00:00,1e-10,1e-10,-,0
2026-08-09 15:02:00+00:00,1e-10,9.134336764048203e-07,-,0
2026-08-09 15:03:00+00:00,1e-10,5.184163168117506e-08,-,0
2026-08-09 15:04:00+00:00,1.0636353146677298e-07,5.45589491563331e-08,-,0
2026-08-09 15:05:00+00:00,1e-10,7.340614260570579e-07,-,0
2026-08-09 15:06:00+00:00,3.4386893492520977e-07,1e-10,-,0
2026-08-09 15:07:00+00:00,1e-10,3.764186142992249e-08,-,0
2026-08-09 15:08:00+00:00,1e-10,1e-10,-,0
2026-08-09 15:09:00+00:00,1e-10,8.284248311800489e-07,-,0
2026-08-09 15:10:00+00:00,1e-10,3.57264781175496e-07,-,0
2026-08-09 15:11:00+00:00,8.17229380966889e-07,1.8986925407426905e-06,-,0
2026-08-09 15:12:00+00:00,9.33595048106892e-07,1.6763132351775766e-06,-,0
2026-08-09 15:13:00+00:00,1.5844207933481273e-06,1e-10,-,0
2026-08-09 15:14:00+00:00,1e-10,3.161595397875386e-07,-,0
2026-08-09 15:15:00+00:00,1e-10,1.8075494307954046e-06,-,0
2026-08-09 15:16:00+00:00,1e-10,5.428014416547007e-07,-,0
2026-08-09 15:17:00+00:00,2.240691612479235e-08,8.161323934079959e-07,-,0
2026-08-09 15:18:00+00:00,1e-10,1.8543191098796797e-06,-,0
2026-08-09 15:19:00+00:00,1e-10,1.6775745821604748e-06,-,0
2026-08-09 15:20:00+00:00,7.837077685531214e-07,2.5453105067007393e-07,-,0
2026-08-09 15:21:00+00:00,1.2095343162919612e-06,1.2414068488525555e-06,-,0
2026-08-09 15:22:00+00:00,7.972235903409719e-07,1.055069977151868e-06,-,0
2026-08-09 15:23:00+00:00,3.827315747235441e-07,1.9408019204507294e-06,-,0
2026-08-09 15:24:00+00:00,1e-10,1.7123367859654083e-07,-,0
2026-08-09 15:25:00+00:00,4.848714873108469e-08,1.473671188552604e-06,-,0
2026-08-09 15:26:00+00:00,1.287110898767276e-06,1e-10,-,0
2026-08-09 15:27:00+00:00,7.578165374529202e-07,5.948730155132686e-07,-,0
2026-08-09 15:28:00+00:00,1.0053004786761891e-06,1.077646415218798e-06,-,0
2026-08-09 15:29:00+00:00,1.0759465479197119e-06,8.533654258568613e-07,-,0
2026-08-09 15:30:00+00:00,1e-10,4.3331584555228267e-07,-,0
2026-08-09 15:31:00+00:00,7.289952761846946e-07,5.6286297206948404e-08,-,0
2026-08-09 15:32:00+00:00,1e-10,8.864517178057063e-07,-,0
2026-08-09 15:33:00+00:00,6.832477373873781e-07,6.666314889840365e-07,-,0
2026-08-09 15:34:00+00:00,1.3856975763557583e-06,2.1087758172341832e-07,-,0
2026-08-09 15:35:00+00:00,1.7464998221160284e-06,8.435104342347191e-07,-,0
2026-08-09 15:36:00+00:00,6.827598569484981e-07,1e-10,-,0
2026-08-09 15:37:00+00:00,4.6294654740576327e-07,5.576290398815532e-07,-,0
2026-08-09 15:38:00+00:00,1.5611364042802462e-06,1e-10,-,0
2026-08-09 15:39:00+00:00,1e-10,1e-10,-,0
2026-08-09 15:40:00+00:00,1.6245958579188787e-06,4.4634991270811914e-07,-,0
2026-08-09 15:41:00+00:00,1.7043705242134898e-07,1.7381268800592402e-08,-,0
2026-08-09 15:42:00+00:00,1.8007101707269965e-07,1e-10,-,0
2026-08-09 15:43:00+00:00,1e-10,1e-10,-,0
2026-08-09 15:44:00+00:00,1e-10,1e-10,-,0
2026-08-09 15:45:00+00:00,1.6547988191936373e-06,1e-10,-,0
2026-08-09 15:46:00+00:00,4.746627885826271e-07,1e-10,-,0
2026-08-09 15:47:00+00:00,1e-10,1e-10,-,0
2026-08-09 15:48:00+00:00,4.156052875541303e-07,1.0108708842977115e-06,-,0
2026-08-09 15:49:00+00:00,1e-10,1e-10,-,0
2026-08-09 15:50:00+00:00,1e-10,1e-10,-,0
2026-08-09 15:51:00+00:00,1e-10,1.5170008359228913e-06,-,0
2026-08-09 15:52:00+00:00,1e-10,9.663553888491248e-07,-,0
2026-08-09 15:53:00+00:00,2.8823390362253317e-07,4.1364222314231753e-07,-,0
2026-08-09 15:54:00+00:00,1.781853106887062e-06,1e-10,-,0
2026-08-09 15:55:00+00:00,1e-10,2.3438387707927086e-06,-,0
2026-08-09 15:56:00+00:00,9.004177974001029e-07,3.6675075765987463e-07,-,0
2026-08-09 15:57:00+00:00,1e-10,1.011613436593101e-07,-,0
2026-08-09 15:58:00+00:00,4.019053478036925e-09,1e-10,-,0
2026-08-09 15:59:00+00:00,1e-10,4.936369190487113e-07,-,0
2026-08-09 16:00:00+00:00,7.133362476540738e-07,1e-10,-,0
2026-08-09 16:01:00+00:00,1.5158570267054903e-06,1.2509887732086956e-06,-,0
2026-08-09 16:02:00+00:00,2.3754463281963362e-07,1.462616134293144e-06,-,0
2026-08-09 16:03:00+00:00,6.163529508057722e-07,1.4307547734429598e-06,-,0
2026-08-09 16:04:00+00:00,6.169626073657521e-07,1e-10,-,0
2026-08-09 16:05:00+00:00,1e-10,4.291212319963738e-07,-,0
2026-08-09 16:06:00+00:00,1.4729881319947158e-06,1e-10,-,0
2026-08-09 16:07:00+00:00,1e-10,1e-10,-,0
2026-08-09 16:08:00+00:00,1e-10,8.67590032595925e-07,-,0
2026-08-09 16:09:00+00:00,1e-10,1.0291467961693576e-06,-,0
2026-08-09 16:10:00+00:00,7.08942979153272e-07,1e-10,-,0
2026-08-09 16:11:00+00:00,1e-10,1e-10,-,0
2026-08-09 16:12:00+00:00,1.292501432693648e-07,1e-10,-,0
2026-08-09 16:13:00+00:00,1e-10,3.939377642810539e-07,-,0
2026-08-09 16:14:00+00:00,2.256211868782562e-07,1e-10,-,0
2026-08-09 16:15:00+00:00,1.2359835550988467e-06,1e-10,-,0
2026-08-09 16:16:00+00:00,1.7144149656778223e-06,1e-10,-,0
2026-08-09 16:17:00+00:00,1e-10,1e-10,-,0
2026-08-09 16:18:00+00:00,1.057728118185566e-06,1.0218134722828125e-06,-,0
2026-08-09 16:19:00+00:00,2.444561066637928e-07,1e-10,-,0
2026-08-09 16:20:00+00:00,1e-10,1.6385910163893735e-06,-,0
2026-08-09 16:21:00+00:00,5.724483610250849e-07,1e-10,-,0
2026-08-09 16:22:00+00:00,2.0723155210657314e-06,5.172601019395767e-07,-,0
2026-08-09 16:23:00+00:00,1e-10,2.3518072373052783e-06,-,0
2026-08-09 16:24:00+00:00,1e-10,1e-10,-,0
2026-08-09 16:25:00+00:00,1e-10,1e-10,-,0
2026-08-09 16:26:00+00:00,1e-10,1e-10,-,0
2026-08-09 16:27:00+00:00,2.0376471166132673e-07,1e-10,-,0
2026-08-09 16:28:00+00:00,2.2116493898194256e-06,1.1888306532308223e-06,-,0
2026-08-09 16:29:00+00:00,1e-10,1e-10,-,0
2026-08-09 16:30:00+00:00,1.093815676780749e-06,1.0195379340963527e-06,-,0
2026-08-09 16:31:00+00:00,3.595738736591105e-07,4.4496600720405094e-07,-,0
2026-08-09 16:32:00+00:00,2.5020512507677927e-06,7.41855762831852e-07,-,0
2026-08-09 16:33:00+00:00,2.193308430381841e-07,1e-10,-,0
2026-08-09 16:34:00+00:00,1e-10,3.8954738777567316e-07,-,0
2026-08-09 16:35:00+00:00,9.620364271388869e-07,1.1100604682334674e-08,-,0
2026-08-09 16:36:00+00:00,5.677062179283171e-07,2.1983537867224704e-07,-,0
2026-08-09 16:37:00+00:00,1.0615741135908757e-06,1e-10,-,0
2026-08-09 16:38:00+00:00,6.485872467631244e-07,5.940319626203338e-07,-,0
2026-08-09 16:39:00+00:00,1e-10,2.4998621807631267e-06,-,0
2026-08-09 16:40:00+00:00,6.044703398195221e-07,1e-10,-,0
2026-08-09 16:41:00+00:00,5.776333579950746e-07,1.0631853847929928e-06,-,0
2026-08-09 16:42:00+00:00,1e-10,1e-10,-,0
2026-08-09 16:43:00+00:00,3.472732015894398e-07,1e-10,-,0
2026-08-09 16:44:00+00:00,1e-10,1e-10,-,0
2026-08-09 16:45:00+00:00,3.0810903878194654e-07,1.635480304283929e-06,-,0
2026-08-09 16:46:00+00:00,7.835692828587709e-07,3.2953154138868663e-07,-,0
2026-08-09 16:47:00+00:00,1.0879398848949662e-06,1e-10,-,0
2026-08-09 16:48:00+00:00,8.015753148940595e-07,1e-10,-,0
2026-08-09 16:49:00+00:00,1e-10,6.206916484182877e-07,-,0
2026-08-09 16:50:00+00:00,1e-10,1.213953298457617e-06,-,0
2026-08-09 16:51:00+00:00,1.067546862744819e-06,3.4366089621857867e-07,-,0
2026-08-09 16:52:00+00:00,4.780763396919558e-07,1e-10,-,0
2026-08-09 16:53:00+00:00,5.712128926488506e-07,5.941944354201817e-07,-,0
2026-08-09 16:54:00+00:00,1.8851679570054569e-06,2.082808555827947e-06,-,0
2026-08-09 16:55:00+00:00,1e-10,1e-10,-,0
2026-08-09 16:56:00+00:00,2.022913312069276e-06,1.1635401853556002e-06,-,0
2026-08-09 16:57:00+00:00,1e-10,1e-10,-,0
2026-08-09 16:58:00+00:00,9.371659569759279e-07,1e-10,-,0
2026-08-09 16:59:00+00:00,9.117792393605068e-09,2.3727412697643657e-07,-,0
2026-08-09 17:00:00+00:00,1e-10,1e-10,-,0
2026-08-09 17:01:00+00:00,1e-10,1e-10,-,0
2026-08-09 17:02:00+00:00,1e-10,2.770641148309394e-08,-,0
2026-08-09 17:03:00+00:00,5.43439034663397e-07,1.0848767135071386e-06,-,0
2026-08-09 17:04:00+00:00,4.1475140127043653e-07,1.0099309401104018e-07,-,0
2026-08-09 17:05:00+00:00,1.078580794207966e-06,1e-10,-,0
2026-08-09 17:06:00+00:00,1e-10,2.2672209597951008e-07,-,0
2026-08-09 17:07:00+00:00,8.520199775643378e-07,1.7786854518120188e-06,-,0
2026-08-09 17:08:00+00:00,1.005308610036483e-07,1e-10,-,0
2026-08-09 17:09:00+00:00,7.228579719544201e-07,7.568008663876878e-07,-,0
2026-08-09 17:10:00+00:00,5.92724898801539e-07,9.471893067214332e-07,-,0
2026-08-09 17:11:00+00:00,1e-10,1e-10,-,0
2026-08-09 17:12:00+00:00,3.0562275071125963e-07,1.3798284618919305e-06,-,0
2026-08-09 17:13:00+00:00,5.36814411539292e-07,1.0561942478888037e-06,-,0
2026-08-09 17:14:00+00:00,8.967808126920564e-07,9.412527348668934e-07,-,0
2026-08-09 17:15:00+00:00,1.6903133250148986e-06,1e-10,-,0
2026-08-09 17:16:00+00:00,1e-10,1e-10,-,0
2026-08-09 17:17:00+00:00,1e-10,1e-10,-,0
2026-08-09 17:18:00+00:00,1.4482510058102766e-06,8.151838539647463e-07,-,0
2026-08-09 17:19:00+00:00,1e-10,1.0139590471462486e-06,-,0
2026-08-09 17:20:00+00:00,1.1710710474664405e-06,1e-10,-,0
2026-08-09 17:21:00+00:00,1e-10,1e-10,-,0
2026-08-09 17:22:00+00:00,1e-10,2.4894260687995563e-06,-,0
2026-08-09 17:23:00+00:00,1e-10,2.3009853812504567e-07,-,0
2026-08-09 17:24:00+00:00,1e-10,5.192547773709022e-07,-,0
2026-08-09 17:25:00+00:00,1e-10,1e-10,-,0
2026-08-09 17:26:00+00:00,1e-10,1.4961290693914229e-06,-,0
2026-08-09 17:27:00+00:00,7.682286231277163e-07,4.6885620985675243e-07,-,0
2026-08-09 17:28:00+00:00,9.469805978483054e-09,2.1092189737046324e-07,-,0
2026-08-09 17:29:00+00:00,3.9660298987298925e-08,2.584119371291802e-07,-,0
2026-08-09 17:30:00+00:00,1e-10,1e-10,-,0
2026-08-09 17:31:00+00:00,7.045101998347648e-09,1e-10,-,0
2026-08-09 17:32:00+00:00,1e-10,1.7048631556712855e-08,-,0
2026-08-09 17:33:00+00:00,1.0836777788881833e-06,1.7442769671622874e-06,-,0
2026-08-09 17:34:00+00:00,1e-10,1e-10,-,0
2026-08-09 17:35:00+00:00,1e-10,1.186913768475926e-06,-,0
2026-08-09 17:36:00+00:00,1.528188702296883e-06,1e-10,-,0
2026-08-09 17:37:00+00:00,3.204641479654889e-07,1e-10,-,0
2026-08-09 17:38:00+00:00,1e-10,1e-10,-,0
2026-08-09 17:39:00+00:00,3.798383983274512e-07,1e-10,-,0
2026-08-09 17:40:00+00:00,1e-10,8.434011079025285e-07,-,0
2026-08-09 17:41:00+00:00,1.4652267561956047e-06,1e-10,-,0
2026-08-09 17:42:00+00:00,1.0455037994347269e-06,1.0000072262184795e-07,-,0
2026-08-09 17:43:00+00:00,2.34758084029737e-06,1e-10,-,0
2026-08-09 17:44:00+00:00,1e-10,1e-10,-,0
2026-08-09 17:45:00+00:00,1e-10,9.758422927612981e-07,-,0
2026-08-09 17:46:00+00:00,1e-10,1e-10,-,0
2026-08-09 17:47:00+00:00,1e-10,1e-10,-,0
2026-08-09 17:48:00+00:00,4.5438693113776786e-07,1e-10,-,0
2026-08-09 17:49:00+00:00,1e-10,1e-10,-,0
2026-08-09 17:50:00+00:00,1.9538199551845118e-08,1e-10,-,0
2026-08-09 17:51:00+00:00,1e-10,1e-10,-,0
2026-08-09 17:52:00+00:00,1e-10,4.3409676307417035e-07,-,0
2026-08-09 17:53:00+00:00,1.5565479142407443e-06,3.447286182988847e-07,-,0
2026-08-09 17:54:00+00:00,1.1348161581357464e-06,1.2853960705620878e-06,-,0
2026-08-09 17:55:00+00:00,8.338000397361185e-07,4.583373012055061e-07,-,0
2026-08-09 17:56:00+00:00,7.316342181333127e-07,1e-10,-,0
2026-08-09 17:57:00+00:00,1e-10,1e-10,-,0
2026-08-09 17:58:00+00:00,1e-10,6.479606545895053e-07,-,0
2026-08-09 17:59:00+00:00,1e-10,1.2389419527142494e-06,-,0
2026-08-09 18:00:00+00:00,1e-10,1e-10,-,0
2026-08-09 18:01:00+00:00,1.6808898087291187e-07,1.2453572944384813e-06,-,0
2026-08-09 18:02:00+00:00,1e-10,1e-10,-,0
2026-08-09 18:03:00+00:00,7.885239678178062e-07,1e-10,-,0
2026-08-09 18:04:00+00:00,1e-10,1e-10,-,0
2026-08-09 18:05:00+00:00,1e-10,1e-10,-,0
2026-08-09 18:06:00+00:00,1e-10,1e-10,-,0
2026-08-09 18:07:00+00:00,5.24562636390522e-07,1.2923212990951959e-06,-,0
2026-08-09 18:08:00+00:00,7.743069422638035e-07,2.117036674342309e-06,-,0
2026-08-09 18:09:00+00:00,1e-10,1e-10,-,0
2026-08-09 18:10:00+00:00,1e-10,1e-10,-,0
2026-08-09 18:11:00+00:00,1e-10,1e-10,-,0
2026-08-09 18:12:00+00:00,3.807913036464088e-07,1e-10,-,0
2026-08-09 18:13:00+00:00,3.6594680617169e-07,3.2059611311116236e-07,-,0
2026-08-09 18:14:00+00:00,1e-10,1e-10,-,0
2026-08-09 18:15:00+00:00,8.074250712531193e-07,1.1884849217294698e-06,-,0
2026-08-09 18:16:00+00:00,1e-10,1e-10,-,0
2026-08-09 18:17:00+00:00,1e-10,3.5228195859049863e-07,-,0
2026-08-09 18:18:00+00:00,1.506789365814583e-06,1e-10,-,0
2026-08-09 18:19:00+00:00,1.1112695926234676e-06,1e-10,-,0
2026-08-09 18:20:00+00:00,1e-10,1.5062312182490896e-06,-,0
2026-08-09 18:21:00+00:00,2.2394581850574052e-07,1e-10,-,0
2026-08-09 18:22:00+00:00,1.4657792663471187e-06,1e-10,-,0
2026-08-09 18:23:00+00:00,1e-10,6.043996021797988e-07,-,0
2026-08-09 18:24:00+00:00,8.815066692178923e-07,9.912144244442569e-07,-,0
2026-08-09 18:25:00+00:00,1.2582100707688027e-06,1e-10,-,0
2026-08-09 18:26:00+00:00,3.2115470500953273e-07,2.1278398138425228e-07,-,0
2026-08-09 18:27:00+00:00,2.3956179047620405e-06,1.0839947678079723e-06,-,0
2026-08-09 18:28:00+00:00,7.430284670937602e-07,1e-10,-,0
2026-08-09 18:29:00+00:00,1.361535051153105e-07,1e-10,-,0
2026-08-09 18:30:00+00:00,1e-10,8.887717251049468e-07,-,0
2026-08-09 18:31:00+00:00,1e-10,1e-10,-,0
2026-08-09 18:32:00+00:00,1e-10,1e-10,-,0
2026-08-09 18:33:00+00:00,1e-10,4.6612340736046035e-09,-,0
2026-08-09 18:34:00+00:00,1e-10,1e-10,-,0
2026-08-09 18:35:00+00:00,1e-10,1e-10,-,0
2026-08-09 18:36:00+00:00,9.145242739783934e-07,1.0900747057552158e-06,-,0
2026-08-09 18:37:00+00:00,3.9066934838911773e-07,1e-10,-,0
2026-08-09 18:38:00+00:00,2.1406432087032498e-07,1e-10,-,0
2026-08-09 18:39:00+00:00,2.373642995833088e-06,6.749091365083999e-07,-,0
2026-08-09 18:40:00+00:00,1.88921635139222e-06,1e-10,-,0
2026-08-09 18:41:00+00:00,1e-10,1.5648435210404812e-06,-,0
2026-08-09 18:42:00+00:00,8.089452467779708e-07,7.345073124241832e-08,-,0
2026-08-09 18:43:00+00:00,1e-10,4.459062134717405e-07,-,0
2026-08-09 18:44:00+00:00,3.2264354179438457e-07,1.555980326540606e-06,-,0
2026-08-09 18:45:00+00:00,1e-10,5.870195918976971e-07,-,0
2026-08-09 18:46:00+00:00,1e-10,1e-10,-,0
2026-08-09 18:47:00+00:00,7.157990968745091e-07,1e-10,-,0
2026-08-09 18:48:00+00:00,1e-10,1e-10,-,0
2026-08-09 18:49:00+00:00,1e-10,3.9265143821686456e-07,-,0
2026-08-09 18:50:00+00:00,1e-10,1e-10,-,0
2026-08-09 18:51:00+00:00,1e-10,1.4797419394872809e-06,-,0
2026-08-09 18:52:00+00:00,4.808044720128117e-07,2.579533717830252e-06,-,0
2026-08-09 18:53:00+00:00,1.3556838913743876e-06,2.0504828945778105e-08,-,0
2026-08-09 18:54:00+00:00,1e-10,1e-10,-,0
2026-08-09 18:55:00+00:00,1.1658462460459892e-06,8.778357598471859e-07,-,0
2026-08-09 18:56:00+00:00,1e-10,1.307682040240906e-07,-,0
2026-08-09 18:57:00+00:00,1e-10,7.567008184176052e-07,-,0
2026-08-09 18:58:00+00:00,2.000635803950487e-06,1e-10,-,0
2026-08-09 18:59:00+00:00,1e-10,1.0711653507300692e-06,-,0
2026-08-09 19:00:00+00:00,1.2088435850554012e-06,1e-10,-,0
2026-08-09 19:01:00+00:00,1e-10,4.779309281533901e-07,-,0
2026-08-09 19:02:00+00:00,6.466878581815455e-09,3.682798440575596e-07,-,0
2026-08-09 19:03:00+00:00,1e-10,4.6222073327576495e-07,-,0
2026-08-09 19:04:00+00:00,9.728129109014888e-08,8.883777555993106e-07,-,0
2026-08-09 19:05:00+00:00,2.934043220650803e-07,1.0411214414819455e-06,-,0
2026-08-09 19:06:00+00:00,8.656248953103317e-07,1e-10,-,0
2026-08-09 19:07:00+00:00,1e-10,9.022858106965239e-07,-,0
2026-08-09 19:08:00+00:00,1e-10,2.1689851974442432e-07,-,0
2026-08-09 19:09:00+00:00,1.3407022420017837e-06,1e-10,-,0
2026-08-09 19:10:00+00:00,1e-10,3.2716601421393085e-07,-,0
2026-08-09 19:11:00+00:00,1e-10,2.798182176630008e-07,-,0
2026-08-09 19:12:00+00:00,1e-10,1.2070221077643094e-07,-,0
2026-08-09 19:13:00+00:00,7.0005469841942e-07,1e-10,-,0
2026-08-09 19:14:00+00:00,1.1384547739430846e-07,1.6561472115071716e-07,-,0
2026-08-09 19:15:00+00:00,1e-10,1e-10,-,0
2026-08-09 19:16:00+00:00,1.0366511051969763e-07,3.9498221271216136e-07,-,0
2026-08-09 19:17:00+00:00,1e-10,1e-10,-,0
2026-08-09 19:18:00+00:00,1e-10,2.383390583459333e-06,-,0
2026-08-09 19:19:00+00:00,1e-10,1e-10,-,0
2026-08-09 19:20:00+00:00,8.491947931569097e-07,1e-10,-,0
2026-08-09 19:21:00+00:00,1e-10,1e-10,-,0
2026-08-09 19:22:00+00:00,1e-10,1e-10,-,0
2026-08-09 19:23:00+00:00,1.932997362741453e-06,2.39072970358804e-07,-,0
2026-08-09 19:24:00+00:00,1e-10,1e-10,-,0
2026-08-09 19:25:00+00:00,4.3806705545667386e-07,7.150943911276458e-07,-,0
2026-08-09 19:26:00+00:00,9.485683008354491e-07,1e-10,-,0
2026-08-09 19:27:00+00:00,4.917462934997107e-07,4.0233095876509957e-07,-,0
2026-08-09 19:28:00+00:00,1e-10,1.6514564052543258e-06,-,0
2026-08-09 19:29:00+00:00,1e-10,8.245253097312518e-08,-,0
2026-08-09 19:30:00+00:00,1.3249016944748638e-06,1e-10,-,0
2026-08-09 19:31:00+00:00,1e-10,1e-10,-,0
2026-08-09 19:32:00+00:00,1.1003496184539886e-06,1e-10,-,0
2026-08-09 19:33:00+00:00,1.2511864322536998e-06,1e-10,-,0
2026-08-09 19:34:00+00:00,1e-10,1e-10,-,0
2026-08-09 19:35:00+00:00,1e-10,9.427619839015246e-07,-,0
2026-08-09 19:36:00+00:00,1e-10,1e-10,-,0
2026-08-09 19:37:00+00:00,1.0450469946871127e-06,8.127092752984875e-07,-,0
2026-08-09 19:38:00+00:00,1e-10,1e-10,-,0
2026-08-09 19:39:00+00:00,1.2928791916650956e-07,1e-10,-,0
2026-08-09 19:40:00+00:00,1e-10,1.8247036182265085e-06,-,0
2026-08-09 19:41:00+00:00,8.968095316885985e-07,1e-10,-,0
2026-08-09 19:42:00+00:00,1e-10,1e-10,-,0
2026-08-09 19:43:00+00:00,1e-10,1e-10,-,0
2026-08-09 19:44:00+00:00,1e-10,1e-10,-,0
2026-08-09 19:45:00+00:00,1e-10,9.56058090600192e-07,-,0
2026-08-09 19:46:00+00:00,1.2031631754387539e-06,6.213736641744148e-07,-,0
2026-08-09 19:47:00+00:00,1e-10,1e-10,-,0
2026-08-09 19:48:00+00:00,1e-10,8.641894275485053e-07,-,0
2026-08-09 19:49:00+00:00,1e-10,6.747682297656498e-07,-,0
2026-08-09 19:50:00+00:00,1e-10,1e-10,-,0
2026-08-09 19:51:00+00:00,1e-10,2.788410351445398e-07,-,0
2026-08-09 19:52:00+00:00,1e-10,1e-10,-,0
2026-08-09 19:53:00+00:00,1e-10,1e-10,-,0
2026-08-09 19:54:00+00:00,1.6093635866683517e-07,1e-10,-,0
2026-08-09 19:55:00+00:00,1e-10,1e-10,-,0
2026-08-09 19:56:00+00:00,1e-10,1e-10,-,0
2026-08-09 19:57:00+00:00,1.0051843657598246e-06,1e-10,-,0
2026-08-09 19:58:00+00:00,1e-10,9.330579057220293e-07,-,0
2026-08-09 19:59:00+00:00,1e-10,1e-10,-,0
2026-08-09 20:00:00+00:00,1.1924664910805237e-06,4.6061470213690964e-07,-,0
2026-08-09 20:01:00+00:00,1e-10,2.9564525382787355e-07,-,0
2026-08-09 20:02:00+00:00,1e-10,1e-10,-,0
2026-08-09 20:03:00+00:00,6.005082059926222e-07,1e-10,-,0
2026-08-09 20:04:00+00:00,1e-10,1e-10,-,0
2026-08-09 20:05:00+00:00,1.0462100392074815e-07,1e-10,-,0
2026-08-09 20:06:00+00:00,1e-10,1.616874446974041e-06,-,0
2026-08-09 20:07:00+00:00,1e-10,3.4500495536503907e-07,-,0
2026-08-09 20:08:00+00:00,2.0870055171096434e-06,1e-10,-,0
2026-08-09 20:09:00+00:00,1e-10,6.107203197646083e-07,-,0
2026-08-09 20:10:00+00:00,1.0267284142687767e-07,1e-10,-,0
2026-08-09 20:11:00+00:00,1.955106978105694e-06,6.495433876622034e-07,-,0
2026-08-09 20:12:00+00:00,7.872015537009807e-07,4.6089876000324155e-07,-,0
2026-08-09 20:13:00+00:00,3.459745080177262e-07,1e-10,-,0
2026-08-09 20:14:00+00:00,1e-10,1e-10,-,0
2026-08-09 20:15:00+00:00,1e-10,1e-10,-,0
2026-08-09 20:16:00+00:00,1e-10,9.060589279627664e-08,-,0
2026-08-09 20:17:00+00:00,3.9858418709679824e-07,1e-10,-,0
2026-08-09 20:18:00+00:00,1.4347533906658921e-06,1e-10,-,0
2026-08-09 20:19:00+00:00,1.543661005760507e-07,1.4331976390240372e-06,-,0
2026-08-09 20:20:00+00:00,1e-10,1e-10,-,0
2026-08-09 20:21:00+00:00,1e-10,2.9287219694174208e-06,-,0
2026-08-09 20:22:00+00:00,6.011538442813166e-07,4.6444349288419123e-07,-,0
2026-08-09 20:23:00+00:00,3.9998630576280453e-07,1e-10,-,0
2026-08-09 20:24:00+00:00,1e-10,1e-10,-,0
2026-08-09 20:25:00+00:00,1e-10,1e-10,-,0
2026-08-09 20:26:00+00:00,1.2156548190780422e-06,1.453676749318048e-07,-,0
2026-08-09 20:27:00+00:00,1e-10,1e-10,-,0
2026-08-09 20:28:00+00:00,2.966296647754824e-07,1e-10,-,0
2026-08-09 20:29:00+00:00,1e-10,1.866294282300673e-07,-,0
2026-08-09 20:30:00+00:00,1e-10,1e-10,-,0
2026-08-09 20:31:00+00:00,5.738463234965342e-07,9.411084386787111e-07,-,0
2026-08-09 20:32:00+00:00,1e-10,2.902486689163992e-07,-,0
2026-08-09 20:33:00+00:00,1e-10,1e-10,-,0
2026-08-09 20:34:00+00:00,1.6963368303197756e-06,2.426675705155646e-07,-,0
2026-08-09 20:35:00+00:00,9.387320714048364e-07,1e-10,-,0
2026-08-09 20:36:00+00:00,4.861614645058036e-07,4.193870163610122e-07,-,0
2026-08-09 20:37:00+00:00,1e-10,4.012807982809631e-07,-,0
2026-08-09 20:38:00+00:00,2.7191136212912e-07,1e-10,-,0
2026-08-09 20:39:00+00:00,1e-10,1e-10,-,0
2026-08-09 20:40:00+00:00,1e-10,1e-10,-,0
2026-08-09 20:41:00+00:00,1e-10,1e-10,-,0
2026-08-09 20:42:00+00:00,1e-10,1e-10,-,0
2026-08-09 20:43:00+00:00,1e-10,5.4476252572742713e-08,-,0
2026-08-09 20:44:00+00:00,3.560878914738929e-07,1.7063406692620488e-06,-,0
2026-08-09 20:45:00+00:00,2.0631772931191176e-07,1e-10,-,0
2026-08-09 20:46:00+00:00,3.054025142026953e-07,6.751229993415189e-07,-,0
2026-08-09 20:47:00+00:00,8.771745847721289e-07,1e-10,-,0
2026-08-09 20:48:00+00:00,5.916348789176598e-07,4.3076592478925627e-07,-,0
2026-08-09 20:49:00+00:00,1.6671213160406065e-06,1e-10,-,0
2026-08-09 20:50:00+00:00,1.3315853875433118e-06,1e-10,-,0
2026-08-09 20:51:00+00:00,9.053941607202742e-08,1e-10,-,0
2026-08-09 20:52:00+00:00,1.9899016286430119e-07,4.1851427984829303e-07,-,0
2026-08-09 20:53:00+00:00,2.7831120274457783e-07,1e-10,-,0
2026-08-09 20:54:00+00:00,1e-10,8.360345549479348e-08,-,0
2026-08-09 20:55:00+00:00,1.0432043199228326e-06,3.541142242359725e-07,-,0
2026-08-09 20:56:00+00:00,6.772191856746094e-07,3.717656708751093e-07,-,0
2026-08-09 20:57:00+00:00,1e-10,8.229456100195394e-07,-,0
2026-08-09 20:58:00+00:00,1.7427729638721195e-06,2.2651859564671122e-06,-,0
2026-08-09 20:59:00+00:00,1e-10,1e-10,-,0
2026-08-09 21:00:00+00:00,1e-10,1e-10,-,0
2026-08-09 21:01:00+00:00,1e-10,1e-10,-,0
2026-08-09 21:02:00+00:00,1e-10,1e-10,-,0
2026-08-09 21:03:00+00:00,2.6785531569691022e-06,1.2989058482446862e-06,-,0
2026-08-09 21:04:00+00:00,1e-10,1.3846245690375953e-06,-,0
2026-08-09 21:05:00+00:00,1e-10,2.495193825282319e-06,-,0
2026-08-09 21:06:00+00:00,4.8102213116937366e-08,1e-10,-,0
2026-08-09 21:07:00+00:00,1e-10,1e-10,-,0
2026-08-09 21:08:00+00:00,3.500033632501195e-07,1e-10,-,0
2026-08-09 21:09:00+00:00,1e-10,1e-10,-,0
2026-08-09 21:10:00+00:00,5.795057411415238e-07,9.251185028999778e-07,-,0
2026-08-09 21:11:00+00:00,1e-10,8.398207911214781e-07,-,0
2026-08-09 21:12:00+00:00,1e-10,8.583071166899536e-07,-,0
2026-08-09 21:13:00+00:00,1e-10,2.3315302175445116e-06,-,0
2026-08-09 21:14:00+00:00,1e-10,1.6091306859388987e-08,-,0
2026-08-09 21:15:00+00:00,1e-10,1e-10,-,0
2026-08-09 21:16:00+00:00,1e-10,1e-10,-,0
2026-08-09 21:17:00+00:00,1e-10,1e-10,-,0
2026-08-09 21:18:00+00:00,1e-10,1e-10,-,0
2026-08-09 21:19:00+00:00,1.9448313779357336e-06,1.5210510263880574e-08,-,0
2026-08-09 21:20:00+00:00,1e-10,5.511592287749389e-07,-,0
2026-08-09 21:21:00+00:00,8.106600585962107e-07,1e-10,-,0
2026-08-09 21:22:00+00:00,3.709852086918799e-07,1e-10,-,0
2026-08-09 21:23:00+00:00,1e-10,7.964289600508739e-07,-,0
2026-08-09 21:24:00+00:00,1e-10,1e-10,-,0
2026-08-09 21:25:00+00:00,8.457995602580554e-07,1.6829567524424166e-07,-,0
2026-08-09 21:26:00+00:00,7.735308165148432e-07,1.2787040609454224e-06,-,0
2026-08-09 21:27:00+00:00,9.828108397162519e-07,9.058211606016675e-07,-,0
2026-08-09 21:28:00+00:00,1e-10,6.622814376020696e-07,-,0
2026-08-09 21:29:00+00:00,6.732655124384664e-07,1.2163417624688755e-06,-,0
2026-08-09 21:30:00+00:00,1e-10,2.6834065440722313e-07,-,0
2026-08-09 21:31:00+00:00,1.1467760286582628e-06,1e-10,-,0
2026-08-09 21:32:00+00:00,1.1093968155370863e-06,2.749241540285406e-06,-,0
2026-08-09 21:33:00+00:00,1e-10,4.969215231668723e-07,-,0
2026-08-09 21:34:00+00:00,3.3067121191976913e-07,5.327201016550313e-07,-,0
2026-08-09 21:35:00+00:00,1e-10,1.9787091638392282e-07,-,0
2026-08-09 21:36:00+00:00,9.411538159467319e-07,1e-10,-,0
2026-08-09 21:37:00+00:00,1e-10,1e-10,-,0
2026-08-09 21:38:00+00:00,3.8429057065317433e-07,1.8329559892796305e-06,-,0
2026-08-09 21:39:00+00:00,8.433657119362466e-07,1e-10,-,0
2026-08-09 21:40:00+00:00,1.0138767553928642e-07,1e-10,-,0
2026-08-09 21:41:00+00:00,9.799051243697893e-07,3.0319907062058767e-07,-,0
2026-08-09 21:42:00+00:00,3.4854175820549003e-07,1e-10,-,0
2026-08-09 21:43:00+00:00,1.7609412649367553e-06,2.2618458300515298e-06,-,0
2026-08-09 21:44:00+00:00,1e-10,1e-10,-,0
2026-08-09 21:45:00+00:00,1e-10,1e-10,-,0
2026-08-09 21:46:00+00:00,1e-10,3.621042733836487e-07,-,0
2026-08-09 21:47:00+00:00,1e-10,4.4771685738173395e-07,-,0
2026-08-09 21:48:00+00:00,1e-10,1.1568461103039927e-07,-,0
2026-08-09 21:49:00+00:00,1e-10,3.0463783525416625e-07,-,0
2026-08-09 21:50:00+00:00,1e-10,1e-10,-,0
2026-08-09 21:51:00+00:00,1e-10,1e-10,-,0
2026-08-09 21:52:00+00:00,3.078591044199486e-07,1e-10,-,0
2026-08-09 21:53:00+00:00,5.550269257058953e-07,4.4928314508241306e-07,-,0
2026-08-09 21:54:00+00:00,1.13452612873405e-06,1e-10,-,0
2026-08-09 21:55:00+00:00,1.0713460400290847e-06,1e-10,-,0
2026-08-09 21:56:00+00:00,1e-10,9.833410893387844e-07,-,0
2026-08-09 21:57:00+00:00,1e-10,1e-10,-,0
2026-08-09 21:58:00+00:00,2.414324603383806e-07,2.6966427566102223e-06,-,0
2026-08-09 21:59:00+00:00,2.558388887305001e-07,1e-10,-,0
2026-08-09 22:00:00+00:00,1.5525743920308202e-06,1e-10,-,0
2026-08-09 22:01:00+00:00,1e-10,1.4753540189421752e-06,-,0
2026-08-09 22:02:00+00:00,8.743754307149815e-07,1.0978556387803485e-06,-,0
2026-08-09 22:03:00+00:00,1e-10,1e-10,-,0
2026-08-09 22:04:00+00:00,4.2329524697601933e-07,1e-10,-,0
2026-08-09 22:05:00+00:00,4.5609318384000655e-07,1.1285114467459212e-06,-,0
2026-08-09 22:06:00+00:00,1e-10,2.3129139355176565e-07,-,0
2026-08-09 22:07:00+00:00,1e-10,1e-10,-,0
2026-08-09 22:08:00+00:00,3.33068891425063e-07,1e-10,-,0
2026-08-09 22:09:00+00:00,7.357229090863211e-07,2.2089862366041856e-06,-,0
2026-08-09 22:10:00+00:00,1.447040105598461e-07,1e-10,-,0
2026-08-09 22:11:00+00:00,1e-10,1e-10,-,0
2026-08-09 22:12:00+00:00,1e-10,1e-10,-,0
2026-08-09 22:13:00+00:00,7.776193548180145e-07,7.421697330712583e-08,-,0
2026-08-09 22:14:00+00:00,1e-10,1e-10,-,0
2026-08-09 22:15:00+00:00,1.207037387805244e-06,1.7908599666777275e-06,-,0
2026-08-09 22:16:00+00:00,1e-10,1e-10,-,0
2026-08-09 22:17:00+00:00,1e-10,5.694907152227743e-07,-,0
2026-08-09 22:18:00+00:00,2.5388101108869563e-07,1.8453547200283832e-06,-,0
2026-08-09 22:19:00+00:00,1e-10,1e-10,-,0
2026-08-09 22:20:00+00:00,1.0343780315718762e-06,4.6007547328445586e-07,-,0
2026-08-09 22:21:00+00:00,1.4270246704372807e-06,1e-10,-,0
2026-08-09 22:22:00+00:00,1e-10,1e-10,-,0
2026-08-09 22:23:00+00:00,1e-10,1.7586885371107513e-07,-,0
2026-08-09 22:24:00+00:00,2.122304015232415e-06,1e-10,-,0
2026-08-09 22:25:00+00:00,1.2409083566117516e-06,8.666238300878573e-07,-,0
2026-08-09 22:26:00+00:00,1e-10,1e-10,-,0
2026-08-09 22:27:00+00:00,1.31804094895064e-06,1e-10,-,0
2026-08-09 22:28:00+00:00,1e-10,1e-10,-,0
2026-08-09 22:29:00+00:00,7.064103639422958e-07,1.268821548027308e-06,-,0
2026-08-09 22:30:00+00:00,1e-10,1e-10,-,0
2026-08-09 22:31:00+00:00,5.369361075857505e-07,1e-10,-,0
2026-08-09 22:32:00+00:00,3.0100723309772726e-07,1e-10,-,0
2026-08-09 22:33:00+00:00,1.7794110581356472e-07,1e-10,-,0
2026-08-09 22:34:00+00:00,6.743931609050131e-07,7.964130404811699e-07,-,0
2026-08-09 22:35:00+00:00,1e-10,1e-10,-,0
2026-08-09 22:36:00+00:00,1e-10,3.310296172764679e-06,-,0
2026-08-09 22:37:00+00:00,1.0591179594654073e-06,1e-10,-,0
2026-08-09 22:38:00+00:00,3.095250783959047e-08,1e-10,-,0
2026-08-09 22:39:00+00:00,1e-10,1e-10,-,0
2026-08-09 22:40:00+00:00,1e-10,2.5486789901930715e-06,-,0
2026-08-09 22:41:00+00:00,1e-10,4.1374995936220724e-07,-,0
2026-08-09 22:42:00+00:00,1e-10,1e-10,-,0
2026-08-09 22:43:00+00:00,5.17308748235616e-07,1e-10,-,0
2026-08-09 22:44:00+00:00,1e-10,1e-10,-,0
2026-08-09 22:45:00+00:00,1.7093909821807564e-06,1.3529648732524166e-06,-,0
2026-08-09 22:46:00+00:00,2.7423586588140367e-07,1e-10,-,0
2026-08-09 22:47:00+00:00,1e-10,4.556221955365255e-08,-,0
2026-08-09 22:48:00+00:00,3.3287080454283784e-07,1.763762663801995e-07,-,0
2026-08-09 22:49:00+00:00,1e-10,2.209712330069751e-08,-,0
2026-08-09 22:50:00+00:00,1e-10,1e-10,-,0
2026-08-09 22:51:00+00:00,1e-10,1e-10,-,0
2026-08-09 22:52:00+00:00,7.736697758532862e-07,2.5141313235529674e-07,-,0
2026-08-09 22:53:00+00:00,7.631805068131425e-07,1e-10,-,0
2026-08-09 22:54:00+00:00,2.706570579585529e-07,1.3863559293681545e-06,-,0
2026-08-09 22:55:00+00:00,2.1411235055247477e-06,1e-10,-,0
2026-08-09 22:56:00+00:00,1e-10,1e-10,-,0
2026-08-09 22:57:00+00:00,1.5382612805652726e-06,1.8396142859553969e-07,-,0
2026-08-09 22:58:00+00:00,1.568059435620387e-06,5.37672920317207e-07,-,0
2026-08-09 22:59:00+00:00,3.983966101744146e-07,1e-10,-,0
2026-08-09 23:00:00+00:00,5.352177757630492e-07,3.5735144594326844e-07,-,0
2026-08-09 23:01:00+00:00,1.0782233508472613e-06,1e-10,-,0
2026-08-09 23:02:00+00:00,1e-10,1e-10,-,0
2026-08-09 23:03:00+00:00,1e-10,7.234707935783081e-07,-,0
2026-08-09 23:04:00+00:00,1e-10,2.3181807077165036e-06,-,0
2026-08-09 23:05:00+00:00,3.482666070653459e-07,1e-10,-,0
2026-08-09 23:06:00+00:00,1e-10,1e-10,-,0
2026-08-09 23:07:00+00:00,1e-10,1e-10,-,0
2026-08-09 23:08:00+00:00,1e-10,1e-10,-,0
2026-08-09 23:09:00+00:00,1e-10,2.5657192713413098e-06,-,0
2026-08-09 23:10:00+00:00,1e-10,1e-10,-,0
2026-08-09 23:11:00+00:00,1e-10,1e-10,-,0
2026-08-09 23:12:00+00:00,1.4579139955168791e-07,9.922052674067661e-07,-,0
2026-08-09 23:13:00+00:00,1e-10,9.658228450271803e-07,-,0
2026-08-09 23:14:00+00:00,5.693355335095486e-07,6.157473709988236e-08,-,0
2026-08-09 23:15:00+00:00,2.2065086710504054e-06,1.509831071573728e-07,-,0
2026-08-09 23:16:00+00:00,1.4100550385316273e-06,8.856228074321979e-07,-,0
2026-08-09 23:17:00+00:00,1e-10,9.07258688094861e-07,-,0
2026-08-09 23:18:00+00:00,1e-10,1e-10,-,0
2026-08-09 23:19:00+00:00,1e-10,1e-10,-,0
2026-08-09 23:20:00+00:00,2.4231363126916674e-07,1e-10,-,0
2026-08-09 23:21:00+00:00,3.0752902651277994e-07,1e-10,-,0
2026-08-09 23:22:00+00:00,2.1790598259951166e-07,8.16293143739667e-07,-,0
2026-08-09 23:23:00+00:00,1e-10,1.1854784059857554e-06,-,0
2026-08-09 23:24:00+00:00,1e-10,1e-10,-,0
2026-08-09 23:25:00+00:00,1.0863332546274157e-06,3.2173214966858944e-07,-,0
2026-08-09 23:26:00+00:00,4.6339601271866666e-07,1e-10,-,0
2026-08-09 23:27:00+00:00,1e-10,1e-10,-,0
2026-08-09 23:28:00+00:00,1e-10,1e-10,-,0
2026-08-09 23:29:00+00:00,1e-10,7.926749831532215e-08,-,0
2026-08-09 23:30:00+00:00,1e-10,8.51922874486133e-07,-,0
2026-08-09 23:31:00+00:00,1e-10,4.634309531549733e-07,-,0
2026-08-09 23:32:00+00:00,1e-10,1e-10,-,0
2026-08-09 23:33:00+00:00,1e-10,1.5630535213215555e-06,-,0
2026-08-09 23:34:00+00:00,1e-10,1.7532982748923303e-06,-,0
2026-08-09 23:35:00+00:00,1e-10,1e-10,-,0
2026-08-09 23:36:00+00:00,3.287682096653117e-07,1e-10,-,0
2026-08-09 23:37:00+00:00,1.2585859772119065e-07,1e-10,-,0
2026-08-09 23:38:00+00:00,1.416233016762913e-06,1.013427610165852e-06,-,0
2026-08-09 23:39:00+00:00,2.4218084699931567e-07,1e-10,-,0
2026-08-09 23:40:00+00:00,9.190494445521662e-07,7.204765275538667e-08,-,0
2026-08-09 23:41:00+00:00,1e-10,6.805859381812572e-07,-,0
2026-08-09 23:42:00+00:00,1.9410389631806984e-07,1e-10,-,0
2026-08-09 23:43:00+00:00,1e-10,1e-10,-,0
2026-08-09 23:44:00+00:00,8.271081264797875e-07,1e-10,-,0
2026-08-09 23:45:00+00:00,3.0842745992403614e-07,1e-10,-,0
2026-08-09 23:46:00+00:00,1.7666065314169046e-06,9.01379533630898e-07,-,0
2026-08-09 23:47:00+00:00,1e-10,1e-10,-,0
2026-08-09 23:48:00+00:00,1e-10,1e-10,-,0
2026-08-09 23:49:00+00:00,4.038224935377113e-07,1e-10,-,0
2026-08-09 23:50:00+00:00,1e-10,1.036378960549427e-06,-,0
2026-08-09 23:51:00+00:00,1e-10,1e-10,-,0
2026-08-09 23:52:00+00:00,4.385882531802017e-07,1e-10,-,0
2026-08-09 23:53:00+00:00,1e-10,9.383905929031323e-07,-,0
2026-08-09 23:54:00+00:00,5.250707519730463e-07,1e-10,-,0
2026-08-09 23:55:00+00:00,1e-10,1e-10,-,0
2026-08-09 23:56:00+00:00,1e-10,5.973052937120133e-07,-,0
2026-08-09 23:57:00+00:00,2.0021511823240594e-07,1.3239275606513308e-07,-,0
2026-08-09 23:58:00+00:00,2.125254768474305e-07,2.1720031862116333e-06,-,0
2026-08-09 23:59:00+00:00,7.987887680660438e-07,1e-10,-,0
2026-08-10 00:00:00+00:00,1e-10,1e-10,-,0
2026-08-10 00:01:00+00:00,5.214414484592215e-07,1e-10,-,0
2026-08-10 00:02:00+00:00,1e-10,1.1015415892489635e-06,-,0
2026-08-10 00:03:00+00:00,8.357818041553729e-07,1e-10,-,0
2026-08-10 00:04:00+00:00,1e-10,1e-10,-,0
2026-08-10 00:05:00+00:00,1e-10,2.7245158999344897e-07,-,0
2026-08-10 00:06:00+00:00,1.4145324582044369e-06,1.305889485873538e-06,-,0
2026-08-10 00:07:00+00:00,1e-10,1e-10,-,0
2026-08-10 00:08:00+00:00,1e-10,2.9308532122100387e-07,-,0
2026-08-10 00:09:00+00:00,1e-10,1e-10,-,0
2026-08-10 00:10:00+00:00,1e-10,1e-10,-,0
2026-08-10 00:11:00+00:00,4.3586920736730306e-07,1e-10,-,0
2026-08-10 00:12:00+00:00,5.694211832214326e-07,1e-10,-,0
2026-08-10 00:13:00+00:00,1e-10,5.289524682528063e-07,-,0
2026-08-10 00:14:00+00:00,1.0524868383652662e-06,2.1665831477410332e-06,-,0
2026-08-10 00:15:00+00:00,1e-10,4.5485679128076965e-07,-,0
2026-08-10 00:16:00+00:00,1e-10,1e-10,-,0
2026-08-10 00:17:00+00:00,1.888658385922469e-07,5.74498525310803e-07,-,0
2026-08-10 00:18:00+00:00,1e-10,1e-10,-,0
2026-08-10 00:19:00+00:00,1e-10,8.417009082402524e-07,-,0
2026-08-10 00:20:00+00:00,7.016591921685205e-07,1e-10,-,0
2026-08-10 00:21:00+00:00,1e-10,3.192062441661079e-07,-,0
2026-08-10 00:22:00+00:00,1e-10,1e-10,-,0
2026-08-10 00:23:00+00:00,8.755490078686157e-07,1e-10,-,0
2026-08-10 00:24:00+00:00,3.1036603664108256e-07,1.7327474203079723e-06,-,0
2026-08-10 00:25:00+00:00,2.482900260751795e-07,1e-10,-,0
2026-08-10 00:26:00+00:00,1e-10,4.913848075413604e-07,-,0
2026-08-10 00:27:00+00:00,2.1301025012889952e-07,1e-10,-,0
2026-08-10 00:28:00+00:00,5.887964342195802e-07,9.562024996504998e-07,-,0
2026-08-10 00:29:00+00:00,1e-10,1e-10,-,0
2026-08-10 00:30:00+00:00,1e-10,1e-10,-,0
2026-08-10 00:31:00+00:00,8.989746169578097e-07,1e-10,-,0
2026-08-10 00:32:00+00:00,2.074485695142226e-06,1.7089581445152701e-06,-,0
2026-08-10 00:33:00+00:00,1.6794775404371192e-06,1.3930669317482245e-06,-,0
2026-08-10 00:34:00+00:00,1e-10,1e-10,-,0
2026-08-10 00:35:00+00:00,1.4103775705540693e-06,1e-10,-,0
2026-08-10 00:36:00+00:00,1e-10,1e-10,-,0
2026-08-10 00:37:00+00:00,2.020187259495118e-06,8.558031432983974e-07,-,0
2026-08-10 00:38:00+00:00,1e-10,2.808899641598068e-07,-,0
2026-08-10 00:39:00+00:00,1e-10,1e-10,-,0
2026-08-10 00:40:00+00:00,1e-10,1.2377116399473549e-06,-,0
2026-08-10 00:41:00+00:00,1e-10,3.6215063491027785e-07,-,0
2026-08-10 00:42:00+00:00,1e-10,1e-10,-,0
2026-08-10 00:43:00+00:00,1.070891478327556e-06,1e-10,-,0
2026-08-10 00:44:00+00:00,1.3934126541919788e-06,2.284324455883879e-06,-,0
2026-08-10 00:45:00+00:00,1e-10,1e-10,-,0
2026-08-10 00:46:00+00:00,1.8430803506810306e-06,1e-10,-,0
2026-08-10 00:47:00+00:00,1e-10,3.2940216943293887e-07,-,0
2026-08-10 00:48:00+00:00,1e-10,1e-10,-,0
2026-08-10 00:49:00+00:00,2.8304311699074953e-06,1.4260695288233175e-06,-,0
2026-08-10 00:50:00+00:00,4.3493287962156056e-07,1.3583931024068036e-06,-,0
2026-08-10 00:51:00+00:00,1e-10,1e-10,-,0
2026-08-10 00:52:00+00:00,3.1429594283004025e-07,1e-10,-,0
2026-08-10 00:53:00+00:00,8.057054260470773e-07,5.432830040435616e-07,-,0
2026-08-10 00:54:00+00:00,3.97627342528233e-07,1.353309946013586e-06,-,0
2026-08-10 00:55:00+00:00,1.4393509523319587e-06,1e-10,-,0
2026-08-10 00:56:00+00:00,1e-10,1e-10,-,0
2026-08-10 00:57:00+00:00,1e-10,1e-10,-,0
2026-08-10 00:58:00+00:00,1e-10,1e-10,-,0
2026-08-10 00:59:00+00:00,1e-10,1e-10,-,0
2026-08-10 01:00:00+00:00,7.33727161352151e-08,1e-10,-,0
2026-08-10 01:01:00+00:00,1e-10,1e-10,-,0
2026-08-10 01:02:00+00:00,3.448562792895244e-07,1.8508020546125992e-06,-,0
2026-08-10 01:03:00+00:00,7.26748188793432e-07,1e-10,-,0
2026-08-10 01:04:00+00:00,1e-10,1e-10,-,0
2026-08-10 01:05:00+00:00,1e-10,2.2491235062139178e-07,-,0
2026-08-10 01:06:00+00:00,1e-10,2.728137671413536e-07,-,0
2026-08-10 01:07:00+00:00,1e-10,1e-10,-,0
2026-08-10 01:08:00+00:00,1e-10,1e-10,-,0
2026-08-10 01:09:00+00:00,1.02710281247105e-06,1e-10,-,0
2026-08-10 01:10:00+00:00,1.110683366759261e-06,1.6783945672653935e-07,-,0
2026-08-10 01:11:00+00:00,1e-10,3.65683309374093e-07,-,0
2026-08-10 01:12:00+00:00,7.91784146773832e-07,3.0211930037039873e-07,-,0
2026-08-10 01:13:00+00:00,1.5468258445840213e-06,2.1452889499573439e-07,-,0
2026-08-10 01:14:00+00:00,1.3621068823981032e-06,1e-10,-,0
2026-08-10 01:15:00+00:00,2.514914629408597e-07,2.8429383925039963e-06,-,0
2026-08-10 01:16:00+00:00,1e-10,5.130667305185257e-07,-,0
2026-08-10 01:17:00+00:00,1e-10,8.542798155378952e-07,-,0
2026-08-10 01:18:00+00:00,1e-10,6.882643015280087e-07,-,0
2026-08-10 01:19:00+00:00,1e-10,1e-10,-,0
2026-08-10 01:20:00+00:00,1.289327738579301e-06,1e-10,-,0
2026-08-10 01:21:00+00:00,1e-10,1e-10,-,0
2026-08-10 01:22:00+00:00,1e-10,1e-10,-,0
2026-08-10 01:23:00+00:00,1e-10,1e-10,-,0
2026-08-10 01:24:00+00:00,1e-10,2.3366892416221904e-06,-,0
2026-08-10 01:25:00+00:00,8.146059618050817e-07,9.14869605993218e-07,-,0
2026-08-10 01:26:00+00:00,5.805103841126404e-07,1.1737148096968053e-07,-,0
2026-08-10 01:27:00+00:00,1.0601683601076651e-06,7.946034709241462e-08,-,0
2026-08-10 01:28:00+00:00,1e-10,6.858204585862942e-07,-,0
2026-08-10 01:29:00+00:00,1.4863145487231412e-06,1e-10,-,0
2026-08-10 01:30:00+00:00,1e-10,1e-10,-,0
2026-08-10 01:31:00+00:00,8.850077485862507e-07,1.5174244712559755e-06,-,0
2026-08-10 01:32:00+00:00,1e-10,1e-10,-,0
2026-08-10 01:33:00+00:00,4.790583040711792e-07,1.3175523481005414e-06,-,0
2026-08-10 01:34:00+00:00,1e-10,2.155295748425717e-08,-,0
2026-08-10 01:35:00+00:00,1e-10,2.7497457539287755e-07,-,0
2026-08-10 01:36:00+00:00,1e-10,1e-10,-,0
2026-08-10 01:37:00+00:00,1e-10,1e-10,-,0
2026-08-10 01:38:00+00:00,1e-10,1e-10,-,0
2026-08-10 01:39:00+00:00,1e-10,3.2400735292142815e-07,-,0
2026-08-10 01:40:00+00:00,5.40714123991749e-08,1e-10,-,0
2026-08-10 01:41:00+00:00,1.4754117427784514e-06,1e-10,-,0
2026-08-10 01:42:00+00:00,1.248855283525664e-06,7.897581912446786e-07,-,0
2026-08-10 01:43:00+00:00,2.830472800976529e-07,4.381452657751204e-07,-,0
2026-08-10 01:44:00+00:00,1e-10,1e-10,-,0
2026-08-10 01:45:00+00:00,2.3079102617313255e-06,1.304166803477253e-06,-,0
2026-08-10 01:46:00+00:00,7.794260464823504e-07,1.4014255556571092e-06,-,0
2026-08-10 01:47:00+00:00,6.828710005627111e-07,1e-10,-,0
2026-08-10 01:48:00+00:00,1e-10,1e-10,-,0
2026-08-10 01:49:00+00:00,3.081818739973291e-07,1e-10,-,0
2026-08-10 01:50:00+00:00,1e-10,1e-10,-,0
2026-08-10 01:51:00+00:00,2.329031286391702e-06,1.3186099974843029e-06,-,0
2026-08-10 01:52:00+00:00,1e-10,1.5804374063449795e-07,-,0
2026-08-10 01:53:00+00:00,1e-10,1e-10,-,0
2026-08-10 01:54:00+00:00,1e-10,1.6228296996489973e-06,-,0
2026-08-10 01:55:00+00:00,1e-10,1e-10,-,0
2026-08-10 01:56:00+00:00,7.65429360316663e-07,8.92202377569498e-07,-,0
2026-08-10 01:57:00+00:00,2.927415204093692e-08,1e-10,-,0
2026-08-10 01:58:00+00:00,7.206598030572436e-08,1e-10,-,0
2026-08-10 01:59:00+00:00,8.194460100702537e-07,1e-10,-,0
2026-08-10 02:00:00+00:00,1e-10,1e-10,-,0
2026-08-10 02:01:00+00:00,8.551642464921221e-07,3.3738648472374236e-07,-,0
2026-08-10 02:02:00+00:00,1.7666278093125573e-07,4.779680438674189e-07,-,0
2026-08-10 02:03:00+00:00,1e-10,2.076194121208256e-06,-,0
2026-08-10 02:04:00+00:00,1.704945386974993e-07,1e-10,-,0
2026-08-10 02:05:00+00:00,1.4905401739588585e-07,1e-10,-,0
2026-08-10 02:06:00+00:00,1e-10,1e-10,-,0
2026-08-10 02:07:00+00:00,1.5498780970222207e-06,1.0224026885636165e-06,-,0
2026-08-10 02:08:00+00:00,1.3627562125586198e-06,1.619955390034616e-06,-,0
2026-08-10 02:09:00+00:00,1e-10,1e-10,-,0
2026-08-10 02:10:00+00:00,1e-10,1e-10,-,0
2026-08-10 02:11:00+00:00,1.5268010861935092e-06,3.9120526131990564e-07,-,0
2026-08-10 02:12:00+00:00,7.578155387319816e-07,1e-10,-,0
2026-08-10 02:13:00+00:00,4.5535712145439385e-07,1e-10,-,0
2026-08-10 02:14:00+00:00,5.069772598227125e-07,1.6009383416977599e-07,-,0
2026-08-10 02:15:00+00:00,4.3713926311097586e-07,6.428496802990825e-07,-,0
2026-08-10 02:16:00+00:00,1e-10,1e-10,-,0
2026-08-10 02:17:00+00:00,1e-10,1e-10,-,0
2026-08-10 02:18:00+00:00,1.1292217618672e-06,2.3062430823908543e-06,-,0
2026-08-10 02:19:00+00:00,7.521548474024312e-07,1.2339072856200836e-06,-,0
2026-08-10 02:20:00+00:00,3.390057410137751e-07,5.648483908589532e-07,-,0
2026-08-10 02:21:00+00:00,1e-10,1e-10,-,0
2026-08-10 02:22:00+00:00,1.1206162942853486e-06,7.069058788268671e-07,-,0
2026-08-10 02:23:00+00:00,1e-10,1e-10,-,0
2026-08-10 02:24:00+00:00,1.6663841818709497e-06,1e-10,-,0
2026-08-10 02:25:00+00:00,1e-10,1e-10,-,0
2026-08-10 02:26:00+00:00,1e-10,8.402156038253905e-07,-,0
2026-08-10 02:27:00+00:00,5.933817531449088e-08,1e-10,-,0
2026-08-10 02:28:00+00:00,2.620266135816472e-07,2.806167466741527e-06,-,0
2026-08-10 02:29:00+00:00,1.3262941252607782e-07,1e-10,-,0
2026-08-10 02:30:00+00:00,1e-10,1.8060584368424521e-06,-,0
2026-08-10 02:31:00+00:00,4.924365857135545e-07,8.148726415886965e-07,-,0
2026-08-10 02:32:00+00:00,1.109802835414873e-06,3.6536555099753276e-07,-,0
2026-08-10 02:33:00+00:00,1e-10,2.687587705311982e-07,-,0
2026-08-10 02:34:00+00:00,1e-10,8.939686746005839e-08,-,0
2026-08-10 02:35:00+00:00,1e-10,1e-10,-,0
2026-08-10 02:36:00+00:00,1e-10,4.757446765081246e-07,-,0
2026-08-10 02:37:00+00:00,1e-10,1e-10,-,0
2026-08-10 02:38:00+00:00,1e-10,6.148376216339643e-07,-,0
2026-08-10 02:39:00+00:00,1.8236263402269528e-06,4.643879868068723e-07,-,0
2026-08-10 02:40:00+00:00,1e-10,1e-10,-,0
2026-08-10 02:41:00+00:00,1e-10,1e-10,-,0
2026-08-10 02:42:00+00:00,8.100580454838539e-07,3.044865393606347e-07,-,0
2026-08-10 02:43:00+00:00,7.02245132943053e-07,4.7559507590710386e-07,-,0
2026-08-10 02:44:00+00:00,1e-10,1e-10,-,0
2026-08-10 02:45:00+00:00,2.096050275362514e-06,1e-10,-,0
2026-08-10 02:46:00+00:00,2.4346153477286165e-07,2.9031593418951117e-07,-,0
2026-08-10 02:47:00+00:00,1.028301447602223e-06,4.013304925276644e-07,-,0
2026-08-10 02:48:00+00:00,1e-10,1.3540093122876885e-07,-,0
2026-08-10 02:49:00+00:00,1e-10,1e-10,-,0
2026-08-10 02:50:00+00:00,1e-10,8.930985841685043e-07,-,0
2026-08-10 02:51:00+00:00,1e-10,1e-10,-,0
2026-08-10 02:52:00+00:00,1.3209338556914896e-06,1e-10,-,0
2026-08-10 02:53:00+00:00,1e-10,1e-10,-,0
2026-08-10 02:54:00+00:00,5.401104225760642e-08,1e-10,-,0
2026-08-10 02:55:00+00:00,6.90584437985154e-07,1e-10,-,0
2026-08-10 02:56:00+00:00,4.961313108098948e-07,1e-10,-,0
2026-08-10 02:57:00+00:00,1e-10,1.0181999513299375e-06,-,0
2026-08-10 02:58:00+00:00,1e-10,1e-10,-,0
2026-08-10 02:59:00+00:00,1e-10,9.023875256492051e-07,-,0
2026-08-10 03:00:00+00:00,1e-10,1.2452525887362163e-08,-,0
2026-08-10 03:01:00+00:00,1e-10,1e-10,-,0
2026-08-10 03:02:00+00:00,1e-10,1.2437337141231052e-06,-,0
2026-08-10 03:03:00+00:00,1e-10,1e-10,-,0
2026-08-10 03:04:00+00:00,1e-10,3.854810120250368e-07,-,0
2026-08-10 03:05:00+00:00,1e-10,8.26229016127598e-07,-,0
2026-08-10 03:06:00+00:00,1e-10,1e-10,-,0
2026-08-10 03:07:00+00:00,1e-10,1e-10,-,0
2026-08-10 03:08:00+00:00,1e-10,1e-10,-,0
2026-08-10 03:09:00+00:00,5.31652426551856e-08,1.2132145160448999e-07,-,0
2026-08-10 03:10:00+00:00,1e-10,1e-10,-,0
2026-08-10 03:11:00+00:00,1e-10,1e-10,-,0
2026-08-10 03:12:00+00:00,7.41974748428182e-07,1e-10,-,0
2026-08-10 03:13:00+00:00,1e-10,1e-10,-,0
2026-08-10 03:14:00+00:00,7.481134598630996e-07,2.9892142100534414e-07,-,0
2026-08-10 03:15:00+00:00,4.6088515557651857e-07,1.2773013055359478e-06,-,0
2026-08-10 03:16:00+00:00,1e-10,8.721153405506949e-07,-,0
2026-08-10 03:17:00+00:00,1e-10,1e-10,-,0
2026-08-10 03:18:00+00:00,6.934518341870887e-08,4.8492135833421136e-08,-,0
2026-08-10 03:19:00+00:00,5.210776497404322e-07,2.479131119840476e-06,-,0
2026-08-10 03:20:00+00:00,1e-10,1.0444971390659351e-07,-,0
2026-08-10 03:21:00+00:00,6.988115622582796e-07,1e-10,-,0
2026-08-10 03:22:00+00:00,1.952678959666594e-06,1.4306596911757302e-06,-,0
2026-08-10 03:23:00+00:00,1e-10,1e-10,-,0
2026-08-10 03:24:00+00:00,1.4691941326418265e-06,1.309365421897688e-06,-,0
2026-08-10 03:25:00+00:00,5.494560255222591e-07,1e-10,-,0
2026-08-10 03:26:00+00:00,3.170050157641501e-07,4.6757654885939733e-07,-,0
2026-08-10 03:27:00+00:00,1e-10,1e-10,-,0
2026-08-10 03:28:00+00:00,1e-10,1.116598781383758e-06,-,0
2026-08-10 03:29:00+00:00,1e-10,1e-10,-,0
2026-08-10 03:30:00+00:00,1.071836525376237e-06,1.4938116840604314e-07,-,0
2026-08-10 03:31:00+00:00,1e-10,1.0464021936282946e-06,-,0
2026-08-10 03:32:00+00:00,1.9782492010942528e-06,5.182855360400359e-07,-,0
2026-08-10 03:33:00+00:00,5.101554523765519e-07,1e-10,-,0
2026-08-10 03:34:00+00:00,4.648540697618623e-07,1e-10,-,0
2026-08-10 03:35:00+00:00,1e-10,1e-10,-,0
2026-08-10 03:36:00+00:00,7.631156803563416e-07,1e-10,-,0
2026-08-10 03:37:00+00:00,1e-10,2.456115934596577e-08,-,0
2026-08-10 03:38:00+00:00,1e-10,1e-10,-,0
2026-08-10 03:39:00+00:00,1e-10,1.4040567768005706e-06,-,0
2026-08-10 03:40:00+00:00,1e-10,6.027472083438576e-07,-,0
2026-08-10 03:41:00+00:00,3.7017476252540345e-08,1e-10,-,0
2026-08-10 03:42:00+00:00,1e-10,7.811970163792527e-07,-,0
2026-08-10 03:43:00+00:00,1e-10,1.6122155960251556e-06,-,0
2026-08-10 03:44:00+00:00,5.974354226416945e-07,1e-10,-,0
2026-08-10 03:45:00+00:00,2.3834211612483656e-06,1e-10,-,0
2026-08-10 03:46:00+00:00,1e-10,1e-10,-,0
2026-08-10 03:47:00+00:00,1e-10,4.147700817862316e-07,-,0
2026-08-10 03:48:00+00:00,1.859386100276425e-06,2.3334821001568214e-06,-,0
2026-08-10 03:49:00+00:00,1e-10,1.327096013126136e-06,-,0
2026-08-10 03:50:00+00:00,5.120109385114e-07,1e-10,-,0
2026-08-10 03:51:00+00:00,4.6130796375878123e-07,7.223395797628872e-07,-,0
2026-08-10 03:52:00+00:00,7.534362884355099e-07,1.3836194366856177e-06,-,0
2026-08-10 03:53:00+00:00,2.0530494366520483e-06,1e-10,-,0
2026-08-10 03:54:00+00:00,1e-10,1e-10,-,0
2026-08-10 03:55:00+00:00,2.3643825792623505e-07,1.0467966601201356e-06,-,0
2026-08-10 03:56:00+00:00,1e-10,1e-10,-,0
2026-08-10 03:57:00+00:00,1e-10,8.739212029031315e-08,-,0
2026-08-10 03:58:00+00:00,7.632559378760407e-08,8.165199048476568e-07,-,0
2026-08-10 03:59:00+00:00,1e-10,3.6612065568362874e-07,-,0
2026-08-10 04:00:00+00:00,1e-10,1e-10,-,0
2026-08-10 04:01:00+00:00,1e-10,1.5433494095609746e-06,-,0
2026-08-10 04:02:00+00:00,2.3797504388689377e-06,9.382934771787289e-07,-,0
2026-08-10 04:03:00+00:00,1e-10,2.4711843098302815e-06,-,0
2026-08-10 04:04:00+00:00,1.3838814466363744e-06,1e-10,-,0
2026-08-10 04:05:00+00:00,1e-10,1e-10,-,0
2026-08-10 04:06:00+00:00,1.3048972643785085e-07,1e-10,-,0
2026-08-10 04:07:00+00:00,2.2043998941765706e-06,1.4598023065345744e-06,-,0
2026-08-10 04:08:00+00:00,9.041930712144651e-07,8.358390831056585e-07,-,0
2026-08-10 04:09:00+00:00,1e-10,1e-10,-,0
2026-08-10 04:10:00+00:00,1e-10,1e-10,-,0
2026-08-10 04:11:00+00:00,1e-10,1e-10,-,0
2026-08-10 04:12:00+00:00,1.163453151424632e-06,1.954836870132742e-06,-,0
2026-08-10 04:13:00+00:00,7.74610074032203e-08,1e-10,-,0
2026-08-10 04:14:00+00:00,1e-10,2.2947202874072354e-07,-,0
2026-08-10 04:15:00+00:00,1.9315541827334055e-06,1e-10,-,0
2026-08-10 04:16:00+00:00,1.778107365997985e-06,4.13647966719368e-08,-,0
2026-08-10 04:17:00+00:00,7.988489466856303e-07,1e-10,-,0
2026-08-10 04:18:00+00:00,1e-10,1.5371074590553626e-07,-,0
2026-08-10 04:19:00+00:00,1e-10,1e-10,-,0
2026-08-10 04:20:00+00:00,1e-10,1e-10,-,0
2026-08-10 04:21:00+00:00,1e-10,1.3449020956613704e-06,-,0
2026-08-10 04:22:00+00:00,1e-10,1.4348303672392971e-06,-,0
2026-08-10 04:23:00+00:00,1.0655099437344718e-06,5.597493954819817e-07,-,0
2026-08-10 04:24:00+00:00,2.2120937724118882e-06,1e-10,-,0
2026-08-10 04:25:00+00:00,1.431727585554007e-06,1e-10,-,0
2026-08-10 04:26:00+00:00,1e-10,1e-10,-,0
2026-08-10 04:27:00+00:00,3.0659794642342083e-07,2.1061423927446255e-06,-,0
2026-08-10 04:28:00+00:00,4.7323617885110254e-07,1.1901848969168472e-06,-,0
2026-08-10 04:29:00+00:00,1e-10,1.524408005495209e-06,-,0
2026-08-10 04:30:00+00:00,1e-10,1e-10,-,0
2026-08-10 04:31:00+00:00,1e-10,1e-10,-,0
2026-08-10 04:32:00+00:00,2.382794598745178e-06,1.141257346205207e-06,-,0
2026-08-10 04:33:00+00:00,4.577398402991622e-07,1e-10,-,0
2026-08-10 04:34:00+00:00,1e-10,9.63928046017673e-08,-,0
2026-08-10 04:35:00+00:00,1e-10,6.813653596599227e-07,-,0
2026-08-10 04:36:00+00:00,5.225531390806621e-07,1e-10,-,0
2026-08-10 04:37:00+00:00,1e-10,1.6936052538337096e-06,-,0
2026-08-10 04:38:00+00:00,1e-10,1e-10,-,0
2026-08-10 04:39:00+00:00,8.385367762061128e-07,3.7071073660420203e-07,-,0
2026-08-10 04:40:00+00:00,1.5767011479877689e-06,6.02545533967493e-07,-,0
2026-08-10 04:41:00+00:00,1.3699748510790205e-06,2.1868099093999104e-07,-,0
2026-08-10 04:42:00+00:00,1e-10,1e-10,-,0
2026-08-10 04:43:00+00:00,1e-10,1e-10,-,0
2026-08-10 04:44:00+00:00,1e-10,4.3272174494733817e-07,-,0
2026-08-10 04:45:00+00:00,1.1944758501364043e-06,7.089047535873552e-07,-,0
2026-08-10 04:46:00+00:00,1e-10,1.0993522919822068e-06,-,0
2026-08-10 04:47:00+00:00,1e-10,1e-10,-,0
2026-08-10 04:48:00+00:00,5.584701101198155e-07,9.650170228698664e-08,-,0
2026-08-10 04:49:00+00:00,6.098802135655339e-07,1e-10,-,0
2026-08-10 04:50:00+00:00,1e-10,1.149059282087067e-06,-,0
2026-08-10 04:51:00+00:00,2.077505986744306e-06,1e-10,-,0
2026-08-10 04:52:00+00:00,1e-10,6.649661240299232e-07,-,0
2026-08-10 04:53:00+00:00,1.5976276728160372e-06,1.1393998977157293e-06,-,0
2026-08-10 04:54:00+00:00,1e-10,1.1215065351662392e-06,-,0
2026-08-10 04:55:00+00:00,3.3174962186458447e-07,1e-10,-,0
2026-08-10 04:56:00+00:00,1e-10,1e-10,-,0
2026-08-10 04:57:00+00:00,1e-10,1e-10,-,0
2026-08-10 04:58:00+00:00,8.680213859533788e-07,1e-10,-,0
2026-08-10 04:59:00+00:00,1e-10,2.365690623782456e-06,-,0
2026-08-10 05:00:00+00:00,1e-10,4.1997624328656084e-07,-,0
2026-08-10 05:01:00+00:00,1e-10,1e-10,-,0
2026-08-10 05:02:00+00:00,4.1878130987582756e-06,1e-10,-,0
2026-08-10 05:03:00+00:00,2.5107386281933626e-07,1.7550405988406106e-06,-,0
2026-08-10 05:04:00+00:00,1.8369504259305747e-07,1.4520697863867888e-06,-,0
2026-08-10 05:05:00+00:00,5.073584284198694e-07,1e-10,-,0
2026-08-10 05:06:00+00:00,1e-10,8.717480059984846e-07,-,0
2026-08-10 05:07:00+00:00,1.0460778720028503e-06,1e-10,-,0
2026-08-10 05:08:00+00:00,8.135816698918489e-07,1e-10,-,0
2026-08-10 05:09:00+00:00,1e-10,1e-10,-,0
2026-08-10 05:10:00+00:00,2.6846955525438234e-06,1e-10,-,0
2026-08-10 05:11:00+00:00,2.862159297253545e-08,1e-10,-,0
2026-08-10 05:12:00+00:00,1e-10,1.4200550364281346e-06,-,0
2026-08-10 05:13:00+00:00,3.720876567828448e-07,1e-10,-,0
2026-08-10 05:14:00+00:00,1e-10,1.3007507371542068e-06,-,0
2026-08-10 05:15:00+00:00,1e-10,1e-10,-,0
2026-08-10 05:16:00+00:00,1e-10,1e-10,-,0
2026-08-10 05:17:00+00:00,1e-10,1e-10,-,0
2026-08-10 05:18:00+00:00,1e-10,1e-10,-,0
2026-08-10 05:19:00+00:00,1e-10,4.893658822950596e-07,-,0
2026-08-10 05:20:00+00:00,1e-10,1e-10,-,0
2026-08-10 05:21:00+00:00,1e-10,1e-10,-,0
2026-08-10 05:22:00+00:00,7.425620604047697e-07,2.962164816666666e-07,-,0
2026-08-10 05:23:00+00:00,1.8371101370687e-07,1e-10,-,0
2026-08-10 05:24:00+00:00,1e-10,1.4800985546105956e-06,-,0
2026-08-10 05:25:00+00:00,1e-10,1.5437434175486226e-07,-,0
2026-08-10 05:26:00+00:00,1e-10,2.4524493086110174e-08,-,0
2026-08-10 05:27:00+00:00,1e-10,1e-10,-,0
2026-08-10 05:28:00+00:00,1e-10,1e-10,-,0
2026-08-10 05:29:00+00:00,9.955873507986065e-07,1e-10,-,0
2026-08-10 05:30:00+00:00,1e-10,1e-10,-,0
2026-08-10 05:31:00+00:00,1.307351695999833e-07,8.820975827545577e-07,-,0
2026-08-10 05:32:00+00:00,1e-10,1e-10,-,0
2026-08-10 05:33:00+00:00,1e-10,1e-10,-,0
2026-08-10 05:34:00+00:00,1.377052770670298e-06,1e-10,-,0
2026-08-10 05:35:00+00:00,1e-10,1e-10,-,0
2026-08-10 05:36:00+00:00,1e-10,2.1290447300930852e-06,-,0
2026-08-10 05:37:00+00:00,1e-10,3.479918643218225e-07,-,0
2026-08-10 05:38:00+00:00,2.2042377912540445e-07,1e-10,-,0
2026-08-10 05:39:00+00:00,1e-10,1e-10,-,0
2026-08-10 05:40:00+00:00,1e-10,1e-10,-,0
2026-08-10 05:41:00+00:00,1e-10,5.418423944494141e-07,-,0
2026-08-10 05:42:00+00:00,1e-10,3.3452763090265866e-07,-,0
2026-08-10 05:43:00+00:00,1e-10,4.2295348414850594e-07,-,0
2026-08-10 05:44:00+00:00,1.931154450258005e-06,1e-10,-,0
2026-08-10 05:45:00+00:00,1e-10,1e-10,-,0
2026-08-10 05:46:00+00:00,3.9646530531622267e-07,4.969407493958534e-07,-,0
2026-08-10 05:47:00+00:00,1e-10,1e-10,-,0
2026-08-10 05:48:00+00:00,1e-10,4.92712228785254e-07,-,0
2026-08-10 05:49:00+00:00,1.0210099061453036e-06,1e-10,-,0
2026-08-10 05:50:00+00:00,6.689738591725593e-07,1e-10,-,0
2026-08-10 05:51:00+00:00,6.482808183562367e-07,7.163684082354294e-07,-,0
2026-08-10 05:52:00+00:00,6.36683573755299e-07,2.1108761119344906e-06,-,0
2026-08-10 05:53:00+00:00,1e-10,1e-10,-,0
2026-08-10 05:54:00+00:00,5.133271254605111e-07,1.5202382107878446e-06,-,0
2026-08-10 05:55:00+00:00,1e-10,1.0541361535451023e-06,-,0
2026-08-10 05:56:00+00:00,1e-10,1e-10,-,0
2026-08-10 05:57:00+00:00,3.8554843070481425e-06,1e-10,-,0
2026-08-10 05:58:00+00:00,1e-10,1e-10,-,0
2026-08-10 05:59:00+00:00,1e-10,1e-10,-,0
2026-08-10 06:00:00+00:00,1e-10,1e-10,-,0
2026-08-10 06:01:00+00:00,1e-10,1e-10,-,0
2026-08-10 06:02:00+00:00,1e-10,1e-10,-,0
2026-08-10 06:03:00+00:00,2.7179820821663624e-07,7.075734837997234e-08,-,0
2026-08-10 06:04:00+00:00,1e-10,1.6132147832731468e-06,-,0
2026-08-10 06:05:00+00:00,3.394474882047112e-07,2.0511112735450777e-07,-,0
2026-08-10 06:06:00+00:00,1.9987413052115677e-07,1e-10,-,0
2026-08-10 06:07:00+00:00,1e-10,1e-10,-,0
2026-08-10 06:08:00+00:00,1e-10,2.06765029576466e-06,-,0
2026-08-10 06:09:00+00:00,1.7809071454860255e-06,1.1078051787254161e-06,-,0
2026-08-10 06:10:00+00:00,6.675084811899736e-07,1e-10,-,0
2026-08-10 06:11:00+00:00,2.1753725612738693e-07,2.2862281496238717e-06,-,0
2026-08-10 06:12:00+00:00,4.940062434942641e-07,1.6626402339095289e-06,-,0
2026-08-10 06:13:00+00:00,6.836918988746946e-08,1e-10,-,0
2026-08-10 06:14:00+00:00,6.352889209778691e-07,8.380403670838785e-07,-,0
2026-08-10 06:15:00+00:00,1e-10,1e-10,-,0
2026-08-10 06:16:00+00:00,2.4732903908820575e-06,1e-10,-,0
2026-08-10 06:17:00+00:00,2.3665023212673838e-07,1e-10,-,0
2026-08-10 06:18:00+00:00,3.155013002552924e-06,8.162371841487407e-07,-,0
2026-08-10 06:19:00+00:00,2.47973302556216e-06,6.756019705311319e-07,-,0
2026-08-10 06:20:00+00:00,1e-10,3.0497115884977016e-06,-,0
2026-08-10 06:21:00+00:00,2.8961824996587926e-07,1.6981930996234275e-07,-,0
2026-08-10 06:22:00+00:00,4.320595819040318e-07,1e-10,-,0
2026-08-10 06:23:00+00:00,1.06094790005351e-06,1e-10,-,0
2026-08-10 06:24:00+00:00,1.7111343396873301e-07,1e-10,-,0
2026-08-10 06:25:00+00:00,1.3650630305499806e-06,1e-10,-,0
2026-08-10 06:26:00+00:00,1e-10,1e-10,-,0
2026-08-10 06:27:00+00:00,1e-10,3.1009996593733294e-07,-,0
2026-08-10 06:28:00+00:00,1e-10,1.6199021221405971e-06,-,0
2026-08-10 06:29:00+00:00,1e-10,3.8886284069816265e-07,-,0
2026-08-10 06:30:00+00:00,1e-10,1e-10,-,0
2026-08-10 06:31:00+00:00,1.004037399413663e-06,3.507496976290098e-07,-,0
2026-08-10 06:32:00+00:00,1e-10,1e-10,-,0
2026-08-10 06:33:00+00:00,1e-10,1e-10,-,0
2026-08-10 06:34:00+00:00,8.595056458918e-07,1.8837527491460116e-06,-,0
2026-08-10 06:35:00+00:00,1.380256537318115e-06,1e-10,-,0
2026-08-10 06:36:00+00:00,1e-10,2.1133504687093052e-06,-,0
2026-08-10 06:37:00+00:00,1e-10,5.107045417031949e-07,-,0
2026-08-10 06:38:00+00:00,1e-10,2.882887560045305e-07,-,0
2026-08-10 06:39:00+00:00,1.2595006930242887e-06,1e-10,-,0
2026-08-10 06:40:00+00:00,1.3237427021958705e-06,3.875770326511993e-09,-,0
2026-08-10 06:41:00+00:00,3.968603846775064e-07,1e-10,-,0
2026-08-10 06:42:00+00:00,2.98035030868751e-07,1e-10,-,0
2026-08-10 06:43:00+00:00,1e-10,1e-10,-,0
2026-08-10 06:44:00+00:00,5.421066331662104e-07,2.537435187990048e-06,-,0
2026-08-10 06:45:00+00:00,8.964296676509444e-07,7.880363291150857e-07,-,0
2026-08-10 06:46:00+00:00,2.1086403593062993e-07,1e-10,-,0
2026-08-10 06:47:00+00:00,2.515832461648549e-07,3.2440369827691915e-07,-,0
2026-08-10 06:48:00+00:00,1e-10,1e-10,-,0
2026-08-10 06:49:00+00:00,1.318110709310267e-06,6.967639467564433e-07,-,0
2026-08-10 06:50:00+00:00,1e-10,1e-10,-,0
2026-08-10 06:51:00+00:00,5.597853855196854e-09,8.644217788034268e-07,-,0
2026-08-10 06:52:00+00:00,5.316810233198115e-07,1e-10,-,0
2026-08-10 06:53:00+00:00,1.2856585202973502e-06,1e-10,-,0
2026-08-10 06:54:00+00:00,1.1904840767111357e-06,1.148594187164635e-06,-,0
2026-08-10 06:55:00+00:00,1.2867009134214162e-06,1.9386180861748582e-06,-,0
2026-08-10 06:56:00+00:00,1e-10,1e-10,-,0
2026-08-10 06:57:00+00:00,2.5973143900007767e-06,1e-10,-,0
2026-08-10 06:58:00+00:00,1.2301544428060558e-06,1e-10,-,0
2026-08-10 06:59:00+00:00,1e-10,7.249031059348476e-07,-,0
2026-08-10 07:00:00+00:00,1e-10,1e-10,-,0
2026-08-10 07:01:00+00:00,8.691833981550416e-07,1e-10,-,0
2026-08-10 07:02:00+00:00,1e-10,1e-10,-,0
2026-08-10 07:03:00+00:00,1e-10,1e-10,-,0
2026-08-10 07:04:00+00:00,1.1857079563648881e-07,1e-10,-,0
2026-08-10 07:05:00+00:00,1e-10,1e-10,-,0
2026-08-10 07:06:00+00:00,4.2239257158244825e-07,1.7975868561692687e-06,-,0
2026-08-10 07:07:00+00:00,7.297074727513435e-07,1e-10,-,0
2026-08-10 07:08:00+00:00,1e-10,1.3978187758719664e-06,-,0
2026-08-10 07:09:00+00:00,1.298828769472667e-06,1e-10,-,0
2026-08-10 07:10:00+00:00,9.694227465651818e-07,1e-10,-,0
2026-08-10 07:11:00+00:00,1e-10,1e-10,-,0
2026-08-10 07:12:00+00:00,7.710914419343957e-08,1e-10,-,0
2026-08-10 07:13:00+00:00,1e-10,1e-10,-,0
2026-08-10 07:14:00+00:00,1e-10,1e-10,-,0
2026-08-10 07:15:00+00:00,1.295125449301296e-06,1.4438652849064232e-07,-,0
2026-08-10 07:16:00+00:00,7.160300796685097e-07,1.8329772541464496e-06,-,0
2026-08-10 07:17:00+00:00,1e-10,1e-10,-,0
2026-08-10 07:18:00+00:00,2.740198257860012e-07,1e-10,-,0
2026-08-10 07:19:00+00:00,1e-10,9.426241972871244e-07,-,0
2026-08-10 07:20:00+00:00,1e-10,2.1115084576534962e-07,-,0
2026-08-10 07:21:00+00:00,1.7279570352119436e-06,1.3019640402057254e-06,-,0
2026-08-10 07:22:00+00:00,2.8443894710944686e-06,1.091887739090931e-06,-,0
2026-08-10 07:23:00+00:00,1.9937960634069643e-06,6.354331973856478e-07,-,0
2026-08-10 07:24:00+00:00,3.3461193687670656e-07,4.031004255085376e-07,-,0
2026-08-10 07:25:00+00:00,2.2550901284282195e-07,1.0947501338599855e-06,-,0
2026-08-10 07:26:00+00:00,1.1543275916356975e-06,1.0153427806269314e-06,-,0
2026-08-10 07:27:00+00:00,1.388200560229315e-07,1.0642242840853177e-06,-,0
2026-08-10 07:28:00+00:00,1e-10,1.0400855169251438e-06,-,0
2026-08-10 07:29:00+00:00,2.0389666257845366e-06,1e-10,-,0
2026-08-10 07:30:00+00:00,1e-10,1e-10,-,0
2026-08-10 07:31:00+00:00,1.3626651505158184e-06,3.810787870269128e-08,-,0
2026-08-10 07:32:00+00:00,8.677934718943728e-07,1e-10,-,0
2026-08-10 07:33:00+00:00,2.085429561983166e-06,1e-10,-,0
2026-08-10 07:34:00+00:00,9.79564951648823e-07,1.7926648108595301e-06,-,0
2026-08-10 07:35:00+00:00,1e-10,1e-10,-,0
2026-08-10 07:36:00+00:00,1.2274014832706915e-06,1e-10,-,0
2026-08-10 07:37:00+00:00,1e-10,1.5024227182215692e-06,-,0
2026-08-10 07:38:00+00:00,1e-10,1.3634159919301416e-07,-,0
2026-08-10 07:39:00+00:00,1e-10,1.1169554092555477e-06,-,0
2026-08-10 07:40:00+00:00,1e-10,1e-10,-,0
2026-08-10 07:41:00+00:00,1e-10,6.720473393809348e-07,-,0
2026-08-10 07:42:00+00:00,1.6198523415444547e-06,7.20605506363375e-07,-,0
2026-08-10 07:43:00+00:00,1e-10,1.230591984984519e-07,-,0
2026-08-10 07:44:00+00:00,1e-10,1e-10,-,0
2026-08-10 07:45:00+00:00,1e-10,4.536767589128634e-07,-,0
2026-08-10 07:46:00+00:00,2.1584134039156686e-07,6.77428480720479e-07,-,0
2026-08-10 07:47:00+00:00,1e-10,1e-10,-,0
2026-08-10 07:48:00+00:00,1.2826326091412656e-06,2.7107982033978055e-06,-,0
2026-08-10 07:49:00+00:00,2.075212925031759e-07,1.825994443089331e-06,-,0
2026-08-10 07:50:00+00:00,6.145244017687542e-09,1.7138535587440705e-07,-,0
2026-08-10 07:51:00+00:00,1e-10,9.593465148349945e-07,-,0
2026-08-10 07:52:00+00:00,6.318861335439082e-07,1e-10,-,0
2026-08-10 07:53:00+00:00,1.5732353497340481e-06,1e-10,-,0
2026-08-10 07:54:00+00:00,3.007421999936661e-06,1.0690512182836871e-06,-,0
2026-08-10 07:55:00+00:00,1e-10,1e-10,-,0
2026-08-10 07:56:00+00:00,1e-10,4.2163316794050187e-07,C,1
2026-08-10 07:57:00+00:00,1e-10,1e-10,C,1
2026-08-10 07:58:00+00:00,7.801160897254463e-07,1e-10,C,1
2026-08-10 07:59:00+00:00,1e-10,1.7145486785664197e-07,C,1
2026-08-10 08:00:00+00:00,3.3061825961581923e-07,1.170757372153363e-06,C,1
2026-08-10 08:01:00+00:00,1.3928538897029022e-06,2.9880722038050005e-07,C,1
2026-08-10 08:02:00+00:00,1e-10,7.862981659941118e-08,C,1
2026-08-10 08:03:00+00:00,1e-10,1e-10,C,1
2026-08-10 08:04:00+00:00,1.4823866934150219e-06,1e-10,C,1
2026-08-10 08:05:00+00:00,8.113602526646737e-07,1e-10,C,1
2026-08-10 08:06:00+00:00,1e-10,7.167219738776023e-08,C,1
2026-08-10 08:07:00+00:00,1.7819494783308523e-07,4.811766444325727e-10,C,1
2026-08-10 08:08:00+00:00,1e-10,1e-10,C,1
2026-08-10 08:09:00+00:00,1.1990396893971693e-06,1e-10,C,1
2026-08-10 08:10:00+00:00,1.6152676620239816e-07,5.685179182319498e-07,C,1
2026-08-10 08:11:00+00:00,1.7190523948333069e-06,6.406292207090794e-07,C,1
2026-08-10 08:12:00+00:00,1e-10,3.8378813692420256e-07,C,1
2026-08-10 08:13:00+00:00,2.817514330263638e-07,1.0897476805168676e-06,C,1
2026-08-10 08:14:00+00:00,1.882374635902313e-08,1e-10,C,1
2026-08-10 08:15:00+00:00,3.2043646845166436e-07,1e-10,C,1
2026-08-10 08:16:00+00:00,1e-10,4.982500828592587e-07,C,1
2026-08-10 08:17:00+00:00,1e-10,1.3468966429709843e-08,C,1
2026-08-10 08:18:00+00:00,8.422588883866964e-07,1e-10,C,1
2026-08-10 08:19:00+00:00,1.6870393821860122e-07,4.938829426212697e-07,C,1
2026-08-10 08:20:00+00:00,1e-10,8.270780705355083e-07,C,1
2026-08-10 08:21:00+00:00,1e-10,1e-10,C,1
2026-08-10 08:22:00+00:00,1e-10,1e-10,C,1
2026-08-10 08:23:00+00:00,1e-10,1e-10,C,1
2026-08-10 08:24:00+00:00,1.693140817399487e-06,1e-10,C,1
2026-08-10 08:25:00+00:00,1.3367630754106823e-06,1e-10,C,1
2026-08-10 08:26:00+00:00,1e-10,1e-10,C,1
2026-08-10 08:27:00+00:00,3.91917512197384e-06,1e-10,C,1
2026-08-10 08:28:00+00:00,2.2585604874729487e-07,1e-10,C,1
2026-08-10 08:29:00+00:00,2.6810313272621106e-06,1.0519376539561508e-06,C,1
2026-08-10 08:30:00+00:00,2.080867337222696e-06,1e-10,C,1
2026-08-10 08:31:00+00:00,1.308535483907388e-06,1e-10,C,1
2026-08-10 08:32:00+00:00,3.528760458668217e-06,2.9175950193641476e-06,C,1
2026-08-10 08:33:00+00:00,3.23394388936219e-06,3.4253028280058955e-06,C,1
2026-08-10 08:34:00+00:00,3.536706050083202e-06,4.864840903138638e-06,C,2
2026-08-10 08:35:00+00:00,5.836811754117076e-06,7.727313862697069e-06,C,2
2026-08-10 08:36:00+00:00,4.790406532339911e-06,8.242005915306605e-06,C,2
2026-08-10 08:37:00+00:00,5.875360637257813e-06,9.734760012257737e-06,C,2
2026-08-10 08:38:00+00:00,4.509467686945312e-06,6.435178845334926e-06,C,2
2026-08-10 08:39:00+00:00,5.622239617306721e-06,3.6411972291265077e-06,C,2
2026-08-10 08:40:00+00:00,4.861417317189844e-06,4.943149705037351e-06,C,2
2026-08-10 08:41:00+00:00,4.445075781176581e-06,3.03615642459299e-06,C,2
2026-08-10 08:42:00+00:00,3.5380575789874872e-06,2.959743632778116e-06,C,2
2026-08-10 08:43:00+00:00,1.5996577468517543e-06,2.532638837921483e-07,C,2
2026-08-10 08:44:00+00:00,5.511953718642721e-06,2.953084977985896e-06,C,2
2026-08-10 08:45:00+00:00,3.852787229491307e-06,3.3045554528950956e-07,C,2
2026-08-10 08:46:00+00:00,4.634653518419774e-06,2.1169369716852594e-06,C,3
2026-08-10 08:47:00+00:00,2.7166485858593796e-06,1e-10,C,3
2026-08-10 08:48:00+00:00,3.528618659427757e-06,4.045157511507837e-07,C,3
2026-08-10 08:49:00+00:00,4.779698542424797e-06,2.0287987276274135e-06,C,3
2026-08-10 08:50:00+00:00,3.740704332963011e-06,2.030432533478595e-06,C,3
2026-08-10 08:51:00+00:00,5.743990746354001e-06,1.8018543670886344e-07,C,3
2026-08-10 08:52:00+00:00,4.162186556979089e-06,1.4487319248022702e-06,C,3
2026-08-10 08:53:00+00:00,2.217709357103275e-06,1e-10,C,3
2026-08-10 08:54:00+00:00,3.269669851975547e-06,1.909655737190893e-06,C,3
2026-08-10 08:55:00+00:00,4.483391902651688e-06,1.8792352863499822e-06,C,3
2026-08-10 08:56:00+00:00,2.6616013900846015e-06,2.760231467582841e-07,C,3
2026-08-10 08:57:00+00:00,3.122824743244146e-06,4.649695901264745e-09,C,3
2026-08-10 08:58:00+00:00,3.842413573649109e-06,1e-10,C,3
2026-08-10 08:59:00+00:00,1e-10,2.2936886462241776e-07,C,3
2026-08-10 09:00:00+00:00,3.259608021125898e-06,1.001647425340285e-06,C,3
2026-08-10 09:01:00+00:00,3.425630391681736e-06,6.831272598369596e-07,C,3
2026-08-10 09:02:00+00:00,1.3672599970676922e-06,4.0401897573027324e-07,C,3
2026-08-10 09:03:00+00:00,3.0082301624943286e-06,1e-10,C,3
2026-08-10 09:04:00+00:00,1.801084556468086e-06,3.1479813717729676e-07,C,3
2026-08-10 09:05:00+00:00,1e-10,1e-10,C,3
2026-08-10 09:06:00+00:00,2.540662333012325e-06,1.7182130595011718e-06,C,3
2026-08-10 09:07:00+00:00,1.8024726393795555e-06,7.900018955160247e-07,C,3
2026-08-10 09:08:00+00:00,1.6301374231242159e-06,3.930547854158051e-07,C,3
2026-08-10 09:09:00+00:00,2.2856927837560287e-06,1.372211292501939e-07,C,3
2026-08-10 09:10:00+00:00,7.317906174533128e-07,1e-10,C,3
2026-08-10 09:11:00+00:00,2.3295680643438508e-06,1e-10,C,3
2026-08-10 09:12:00+00:00,4.170350218756238e-07,2.1992041939013484e-06,C,3
2026-08-10 09:13:00+00:00,2.987721457851809e-06,1e-10,C,3
2026-08-10 09:14:00+00:00,2.5158189522152614e-06,6.254642876649965e-08,C,3
2026-08-10 09:15:00+00:00,2.9315102039495287e-06,1.5151884170909967e-07,C,3
2026-08-10 09:16:00+00:00,1.7991875631560814e-06,3.519710335599842e-08,C,3
2026-08-10 09:17:00+00:00,7.488432582503632e-07,2.3187612109447657e-07,C,3
2026-08-10 09:18:00+00:00,4.238822864185376e-07,2.113748164132024e-06,C,3
2026-08-10 09:19:00+00:00,1.811488347813834e-07,1.8664625047793617e-07,C,3
2026-08-10 09:20:00+00:00,8.981914421614681e-07,5.799968273250116e-07,C,3
2026-08-10 09:21:00+00:00,2.72110357557287e-07,1e-10,C,3
2026-08-10 09:22:00+00:00,1.3611393304478085e-06,1e-10,C,3
2026-08-10 09:23:00+00:00,1e-10,5.404176694725647e-07,C,3
2026-08-10 09:24:00+00:00,1.6046543730004562e-07,1.5853915140837402e-06,C,3
2026-08-10 09:25:00+00:00,4.790476176157579e-07,1.4529593929332702e-06,C,3
2026-08-10 09:26:00+00:00,2.5290998169063704e-08,1e-10,C,3
2026-08-10 09:27:00+00:00,4.0092535653239215e-07,1e-10,C,3
2026-08-10 09:28:00+00:00,1.4550772042712536e-06,2.329999896931157e-06,C,3
2026-08-10 09:29:00+00:00,1e-10,1e-10,C,3
2026-08-10 09:30:00+00:00,1e-10,1e-10,C,3
2026-08-10 09:31:00+00:00,4.404368197876228e-07,1e-10,C,3
2026-08-10 09:32:00+00:00,1e-10,1e-10,C,3
2026-08-10 09:33:00+00:00,2.101649651741441e-06,1e-10,C,3
2026-08-10 09:34:00+00:00,1e-10,1e-10,C,3
2026-08-10 09:35:00+00:00,6.540957403268201e-07,1e-10,C,3
2026-08-10 09:36:00+00:00,1.0824606439958595e-06,1e-10,C,3
2026-08-10 09:37:00+00:00,1e-10,1.0324210990769557e-06,C,3
2026-08-10 09:38:00+00:00,1e-10,1e-10,C,3
2026-08-10 09:39:00+00:00,1e-10,1.7214099856223628e-07,C,3
2026-08-10 09:40:00+00:00,1.405625359192159e-06,1.0900023068681736e-07,C,3
2026-08-10 09:41:00+00:00,2.5382857789040025e-06,1e-10,C,3
2026-08-10 09:42:00+00:00,2.5449801859876106e-06,1e-10,C,3
2026-08-10 09:43:00+00:00,1.8413363961421448e-06,1e-10,C,3
2026-08-10 09:44:00+00:00,1e-10,8.148926670881124e-07,C,3
2026-08-10 09:45:00+00:00,1e-10,1e-10,C,3
2026-08-10 09:46:00+00:00,1.9344880511206122e-06,1.3759029706412342e-06,C,3
2026-08-10 09:47:00+00:00,2.0616303431206526e-06,4.2776049577001093e-07,C,3
2026-08-10 09:48:00+00:00,1.2396072922948163e-06,1.7714659397701585e-06,C,3
2026-08-10 09:49:00+00:00,1.2392196533428086e-06,1e-10,C,3
2026-08-10 09:50:00+00:00,1e-10,1e-10,C,3
2026-08-10 09:51:00+00:00,2.2952203906526322e-06,2.0851964552934752e-06,C,3
2026-08-10 09:52:00+00:00,1e-10,1.2943164336794003e-06,C,3
2026-08-10 09:53:00+00:00,1e-10,1e-10,C,3
2026-08-10 09:54:00+00:00,1.2012622902633403e-06,5.188595246896687e-07,C,3
2026-08-10 09:55:00+00:00,1e-10,7.958880732196526e-07,C,3
2026-08-10 09:56:00+00:00,1e-10,1e-10,C,3
2026-08-10 09:57:00+00:00,1.251566555481271e-06,1e-10,C,3
2026-08-10 09:58:00+00:00,1e-10,1e-10,C,3
2026-08-10 09:59:00+00:00,7.535402299562379e-07,2.242417390171147e-07,C,3
2026-08-10 10:00:00+00:00,1e-10,1e-10,C,3
2026-08-10 10:01:00+00:00,1.9863885544290844e-06,8.106981435548634e-07,C,3
2026-08-10 10:02:00+00:00,7.276913529387148e-07,1e-10,C,3
2026-08-10 10:03:00+00:00,1.417496163917523e-06,2.0403477892035792e-07,C,3
2026-08-10 10:04:00+00:00,1e-10,2.1737139217850115e-06,C,3
2026-08-10 10:05:00+00:00,1e-10,6.746706843775216e-07,C,3
2026-08-10 10:06:00+00:00,1e-10,1.6211985322565244e-06,C,3
2026-08-10 10:07:00+00:00,8.752984538130567e-07,1e-10,C,3
2026-08-10 10:08:00+00:00,2.672646403570782e-07,2.39241272737436e-07,C,3
2026-08-10 10:09:00+00:00,1.4478040708263866e-06,1e-10,C,3
2026-08-10 10:10:00+00:00,7.678744425398792e-07,1e-10,C,3
2026-08-10 10:11:00+00:00,1e-10,5.738128751893305e-07,C,3
2026-08-10 10:12:00+00:00,6.841879574436748e-07,1e-10,C,3
2026-08-10 10:13:00+00:00,3.4655583245592355e-07,9.377374382862386e-07,C,3
2026-08-10 10:14:00+00:00,1.5720793776851527e-06,5.533690249220121e-07,C,3
2026-08-10 10:15:00+00:00,1e-10,1e-10,C,3
2026-08-10 10:16:00+00:00,1e-10,1.0890493812065424e-06,C,3
2026-08-10 10:17:00+00:00,5.820721325640079e-07,2.3604880673507645e-06,C,3
2026-08-10 10:18:00+00:00,1.697860496714422e-06,9.993697770998483e-07,C,3
2026-08-10 10:19:00+00:00,1e-10,1e-10,C,3
2026-08-10 10:20:00+00:00,7.788933583522583e-07,2.659396198509941e-06,C,3
2026-08-10 10:21:00+00:00,1.588630095182889e-07,1e-10,C,3
2026-08-10 10:22:00+00:00,7.0297400217393e-08,1e-10,C,3
2026-08-10 10:23:00+00:00,1.3945933979642316e-06,1e-10,-,0
2026-08-10 10:24:00+00:00,2.391670671981449e-07,1e-10,-,0
2026-08-10 10:25:00+00:00,1e-10,1e-10,-,0
2026-08-10 10:26:00+00:00,1e-10,1e-10,-,0
2026-08-10 10:27:00+00:00,1e-10,1e-10,-,0
2026-08-10 10:28:00+00:00,1e-10,1e-10,-,0
2026-08-10 10:29:00+00:00,1e-10,1e-10,-,0
2026-08-10 10:30:00+00:00,1.5906101418391803e-07,5.241814594880578e-07,-,0
2026-08-10 10:31:00+00:00,4.0352256936192427e-07,1.6311253401403343e-06,-,0
2026-08-10 10:32:00+00:00,1e-10,1e-10,-,0
2026-08-10 10:33:00+00:00,1e-10,4.885117118272306e-07,-,0
2026-08-10 10:34:00+00:00,1e-10,1e-10,-,0
2026-08-10 10:35:00+00:00,1e-10,1.2896300411991043e-06,-,0
2026-08-10 10:36:00+00:00,1e-10,1.6863816822432966e-06,-,0
2026-08-10 10:37:00+00:00,1.070628854267175e-06,1e-10,-,0
2026-08-10 10:38:00+00:00,1.5856368799360779e-06,1e-10,-,0
2026-08-10 10:39:00+00:00,1e-10,1e-10,-,0
2026-08-10 10:40:00+00:00,1e-10,1e-10,-,0
2026-08-10 10:41:00+00:00,1e-10,1e-10,-,0
2026-08-10 10:42:00+00:00,1.646576896106616e-07,1e-10,-,0
2026-08-10 10:43:00+00:00,8.356627713629645e-07,1e-10,-,0
2026-08-10 10:44:00+00:00,1e-10,1e-10,-,0
2026-08-10 10:45:00+00:00,1e-10,1e-10,-,0
2026-08-10 10:46:00+00:00,2.7685984869697107e-06,3.0144758215100465e-07,-,0
2026-08-10 10:47:00+00:00,1e-10,1.6761828817457092e-06,-,0
2026-08-10 10:48:00+00:00,1.0652174691283991e-06,1e-10,-,0
2026-08-10 10:49:00+00:00,1.7122388597111705e-06,1e-10,-,0
2026-08-10 10:50:00+00:00,1e-10,1e-10,-,0
2026-08-10 10:51:00+00:00,5.434299649584718e-07,1e-10,-,0
2026-08-10 10:52:00+00:00,1e-10,1e-10,-,0
2026-08-10 10:53:00+00:00,8.541825627812619e-08,1e-10,-,0
2026-08-10 10:54:00+00:00,1.3376666336202493e-06,4.766303937383725e-07,-,0
2026-08-10 10:55:00+00:00,1.8588094671298542e-07,7.246420689778673e-07,-,0
2026-08-10 10:56:00+00:00,9.01983940783695e-08,1e-10,-,0
2026-08-10 10:57:00+00:00,1.9720538496547233e-06,5.355006325682296e-07,-,0
2026-08-10 10:58:00+00:00,9.557161462922606e-07,1e-10,-,0
2026-08-10 10:59:00+00:00,8.337295449245422e-07,1.6264147652002361e-06,-,0
2026-08-10 11:00:00+00:00,1e-10,1e-10,-,0
2026-08-10 11:01:00+00:00,1e-10,1e-10,-,0
2026-08-10 11:02:00+00:00,4.581915765713906e-07,1.0084642130580286e-06,-,0
2026-08-10 11:03:00+00:00,5.018695999980067e-08,1e-10,-,0
2026-08-10 11:04:00+00:00,8.872882375039262e-07,1e-10,-,0
2026-08-10 11:05:00+00:00,1.789033629746785e-07,1e-10,-,0
2026-08-10 11:06:00+00:00,9.036661666780488e-08,5.84722507799496e-07,-,0
2026-08-10 11:07:00+00:00,7.361060927329058e-08,1e-10,-,0
2026-08-10 11:08:00+00:00,1e-10,8.230185409867906e-07,-,0
2026-08-10 11:09:00+00:00,1e-10,2.614436307762474e-07,-,0
2026-08-10 11:10:00+00:00,1e-10,1e-10,-,0
2026-08-10 11:11:00+00:00,1e-10,9.202569491543362e-07,-,0
2026-08-10 11:12:00+00:00,1e-10,2.064467417273665e-06,-,0
2026-08-10 11:13:00+00:00,1e-10,1e-10,-,0
2026-08-10 11:14:00+00:00,1e-10,1e-10,-,0
2026-08-10 11:15:00+00:00,2.1629139932638316e-06,1e-10,-,0
2026-08-10 11:16:00+00:00,1e-10,1e-10,-,0
2026-08-10 11:17:00+00:00,8.210958761111667e-08,1.2004149682504124e-06,-,0
2026-08-10 11:18:00+00:00,4.3760916189248485e-08,1e-10,-,0
2026-08-10 11:19:00+00:00,2.600017981621465e-07,1e-10,-,0
2026-08-10 11:20:00+00:00,1e-10,1.4032154014000459e-06,-,0
2026-08-10 11:21:00+00:00,1e-10,1e-10,-,0
2026-08-10 11:22:00+00:00,1e-10,1e-10,-,0
2026-08-10 11:23:00+00:00,1e-10,1e-10,-,0
2026-08-10 11:24:00+00:00,1.323360538938641e-06,1e-10,-,0
2026-08-10 11:25:00+00:00,1e-10,1e-10,-,0
2026-08-10 11:26:00+00:00,1.796599495340803e-06,2.065836886035251e-06,-,0
2026-08-10 11:27:00+00:00,1e-10,7.855425320263101e-07,-,0
2026-08-10 11:28:00+00:00,1e-10,6.71868939923237e-07,-,0
2026-08-10 11:29:00+00:00,2.1692297174161935e-06,6.864222081935009e-07,-,0
2026-08-10 11:30:00+00:00,1e-10,6.888556528843294e-07,-,0
2026-08-10 11:31:00+00:00,1e-10,1e-10,-,0
2026-08-10 11:32:00+00:00,1e-10,1e-10,-,0
2026-08-10 11:33:00+00:00,1e-10,4.034206074632934e-07,-,0
2026-08-10 11:34:00+00:00,1e-10,1e-10,-,0
2026-08-10 11:35:00+00:00,1e-10,1.4693503034979623e-06,-,0
2026-08-10 11:36:00+00:00,1e-10,1e-10,-,0
2026-08-10 11:37:00+00:00,1.2282182500624988e-06,1e-10,-,0
2026-08-10 11:38:00+00:00,4.906636291915136e-07,1.241292288713752e-06,-,0
2026-08-10 11:39:00+00:00,1e-10,1.116559437647801e-06,-,0
2026-08-10 11:40:00+00:00,1e-10,1e-10,-,0
2026-08-10 11:41:00+00:00,1e-10,3.548735392507644e-07,-,0
2026-08-10 11:42:00+00:00,7.446015617197088e-07,3.447045881790994e-07,-,0
2026-08-10 11:43:00+00:00,1.2189465089265325e-06,2.4353658887569327e-06,-,0
2026-08-10 11:44:00+00:00,1e-10,1e-10,-,0
2026-08-10 11:45:00+00:00,1e-10,2.399436529966265e-07,-,0
2026-08-10 11:46:00+00:00,1e-10,1e-10,-,0
2026-08-10 11:47:00+00:00,3.621251130463344e-07,1.7092424060638836e-06,-,0
2026-08-10 11:48:00+00:00,1.0025151025117253e-06,1e-10,-,0
2026-08-10 11:49:00+00:00,1e-10,1e-10,-,0
2026-08-10 11:50:00+00:00,1e-10,8.304332815740695e-07,-,0
2026-08-10 11:51:00+00:00,8.900153558309174e-07,1e-10,-,0
2026-08-10 11:52:00+00:00,1.6817433740575982e-06,2.1588315635337734e-07,-,0
2026-08-10 11:53:00+00:00,1e-10,7.547450230626197e-07,-,0
2026-08-10 11:54:00+00:00,1.193581415939642e-07,1e-10,-,0
2026-08-10 11:55:00+00:00,1e-10,1e-10,-,0
2026-08-10 11:56:00+00:00,1.1448497116647929e-07,2.1426447406633963e-06,-,0
2026-08-10 11:57:00+00:00,1e-10,2.5275364922778493e-07,-,0
2026-08-10 11:58:00+00:00,1.6013013656921896e-06,1e-10,-,0
2026-08-10 11:59:00+00:00,1.0057665898404043e-06,1.6690554828343477e-07,-,0
2026-08-10 12:00:00+00:00,1.9480801905817e-06,1e-10,-,0
2026-08-10 12:01:00+00:00,1e-10,1.9255522611937174e-07,-,0
2026-08-10 12:02:00+00:00,2.3177979771608255e-06,4.47750770624577e-07,-,0
2026-08-10 12:03:00+00:00,2.9954063211712815e-07,1e-10,-,0
2026-08-10 12:04:00+00:00,1e-10,1e-10,-,0
2026-08-10 12:05:00+00:00,1.4184478084646457e-06,2.003631548043006e-06,-,0
2026-08-10 12:06:00+00:00,1e-10,1e-10,-,0
2026-08-10 12:07:00+00:00,6.202922676196169e-08,1e-10,-,0
2026-08-10 12:08:00+00:00,1e-10,1e-10,-,0
2026-08-10 12:09:00+00:00,4.898244520241403e-07,1.3135408625114677e-06,-,0
2026-08-10 12:10:00+00:00,1e-10,1.8142026227613883e-06,-,0
2026-08-10 12:11:00+00:00,1e-10,1e-10,-,0
2026-08-10 12:12:00+00:00,1e-10,1e-10,-,0
2026-08-10 12:13:00+00:00,1e-10,1e-10,-,0
2026-08-10 12:14:00+00:00,1.1271540040300774e-07,1.9101266441755065e-07,-,0
2026-08-10 12:15:00+00:00,1.4525701181799997e-06,1e-10,-,0
2026-08-10 12:16:00+00:00,1e-10,6.270065217751784e-07,-,0
2026-08-10 12:17:00+00:00,8.741013766239259e-07,1.042391972344351e-06,-,0
2026-08-10 12:18:00+00:00,1e-10,1e-10,-,0
2026-08-10 12:19:00+00:00,1e-10,1e-10,-,0
2026-08-10 12:20:00+00:00,1e-10,9.168024298525167e-07,-,0
2026-08-10 12:21:00+00:00,7.861850532727323e-08,1.981838488964284e-06,-,0
2026-08-10 12:22:00+00:00,1e-10,1.1858714078963536e-06,-,0
2026-08-10 12:23:00+00:00,1e-10,1e-10,-,0
2026-08-10 12:24:00+00:00,6.724319780842632e-07,5.122541252280866e-07,-,0
2026-08-10 12:25:00+00:00,7.274663727641051e-07,1e-10,-,0
2026-08-10 12:26:00+00:00,1.5990532320641837e-06,1e-10,-,0
2026-08-10 12:27:00+00:00,1e-10,5.597943717494259e-07,-,0
2026-08-10 12:28:00+00:00,7.831662389606622e-07,5.492626731110023e-07,-,0
2026-08-10 12:29:00+00:00,7.279953137812739e-07,1e-10,-,0
2026-08-10 12:30:00+00:00,1.2262292727040796e-07,1.1260352271606875e-06,-,0
2026-08-10 12:31:00+00:00,1.8919542348949132e-06,1e-10,-,0
2026-08-10 12:32:00+00:00,1e-10,1e-10,-,0
2026-08-10 12:33:00+00:00,1.9593825650909003e-07,2.2674134611559145e-07,-,0
2026-08-10 12:34:00+00:00,3.634415639865893e-07,3.670543717283299e-07,-,0
2026-08-10 12:35:00+00:00,1e-10,1e-10,-,0
2026-08-10 12:36:00+00:00,1.425791797744156e-06,2.1146708772282872e-06,-,0
2026-08-10 12:37:00+00:00,1e-10,7.58027789908207e-07,-,0
2026-08-10 12:38:00+00:00,5.08060275402955e-07,8.761162371660048e-09,-,0
2026-08-10 12:39:00+00:00,1.7740011466023215e-06,3.328199730398142e-08,-,0
2026-08-10 12:40:00+00:00,2.621853065562044e-07,1e-10,-,0
2026-08-10 12:41:00+00:00,6.903423303056326e-08,1.6396568824122296e-06,-,0
2026-08-10 12:42:00+00:00,1.0048799211102121e-07,1.0764874261562747e-06,-,0
2026-08-10 12:43:00+00:00,1e-10,7.151935857025576e-07,-,0
2026-08-10 12:44:00+00:00,1e-10,2.7735774055594294e-06,-,0
2026-08-10 12:45:00+00:00,1e-10,6.676444708810769e-07,-,0
2026-08-10 12:46:00+00:00,1.3406237551548933e-07,1e-10,-,0
2026-08-10 12:47:00+00:00,1.5520635774103858e-06,8.347670751699491e-07,-,0
2026-08-10 12:48:00+00:00,1.052029601612382e-06,6.020841133447747e-07,-,0
2026-08-10 12:49:00+00:00,1e-10,1.556198798628222e-06,-,0
2026-08-10 12:50:00+00:00,1e-10,8.386230745950292e-07,-,0
2026-08-10 12:51:00+00:00,1.5750956189182457e-06,1.6222711993450516e-07,-,0
2026-08-10 12:52:00+00:00,1e-10,1.0831405001642569e-06,-,0
2026-08-10 12:53:00+00:00,1e-10,1e-10,-,0
2026-08-10 12:54:00+00:00,1e-10,5.415601990117369e-07,-,0
2026-08-10 12:55:00+00:00,2.733629645888198e-06,6.44324027979745e-07,-,0
2026-08-10 12:56:00+00:00,8.819700866285629e-07,1e-10,-,0
2026-08-10 12:57:00+00:00,1e-10,1.4439050549367258e-07,-,0
2026-08-10 12:58:00+00:00,1e-10,1e-10,-,0
2026-08-10 12:59:00+00:00,1e-10,1e-10,-,0
2026-08-10 13:00:00+00:00,2.22935650606326e-06,1.0391829481135186e-06,-,0
2026-08-10 13:01:00+00:00,1e-10,1e-10,-,0
2026-08-10 13:02:00+00:00,3.913400713130502e-07,1e-10,-,0
2026-08-10 13:03:00+00:00,1e-10,1e-10,-,0
2026-08-10 13:04:00+00:00,1e-10,2.5822174085855075e-07,-,0
2026-08-10 13:05:00+00:00,1e-10,3.8054975849340905e-07,-,0
2026-08-10 13:06:00+00:00,1e-10,1e-10,-,0
2026-08-10 13:07:00+00:00,1.764097215103081e-06,1e-10,-,0
2026-08-10 13:08:00+00:00,5.651537269481713e-08,1e-10,-,0
2026-08-10 13:09:00+00:00,1.0392374644916445e-06,1.371614637907018e-07,-,0
2026-08-10 13:10:00+00:00,1e-10,1.065130602869759e-06,-,0
2026-08-10 13:11:00+00:00,1.5156459766395322e-06,1e-10,-,0
2026-08-10 13:12:00+00:00,6.584913854820128e-08,1e-10,-,0
2026-08-10 13:13:00+00:00,1.2143992847283693e-06,1.4701877560001025e-06,-,0
2026-08-10 13:14:00+00:00,6.55580956903523e-07,8.806389552469379e-07,-,0
2026-08-10 13:15:00+00:00,1e-10,1e-10,-,0
2026-08-10 13:16:00+00:00,1.129815510217521e-06,1e-10,-,0
2026-08-10 13:17:00+00:00,4.662121033095572e-06,4.713293303939191e-07,-,0
2026-08-10 13:18:00+00:00,1e-10,9.986770788767354e-07,-,0
2026-08-10 13:19:00+00:00,1e-10,3.628001102647918e-07,-,0
2026-08-10 13:20:00+00:00,1e-10,4.627956888076677e-07,-,0
2026-08-10 13:21:00+00:00,4.841362330940599e-07,4.904675805984669e-07,-,0
2026-08-10 13:22:00+00:00,2.7462243403989265e-07,5.62696498063283e-08,-,0
2026-08-10 13:23:00+00:00,2.177179496662428e-06,1e-10,-,0
2026-08-10 13:24:00+00:00,1e-10,1e-10,-,0
2026-08-10 13:25:00+00:00,1.080558613889392e-06,1.389483529561623e-06,-,0
2026-08-10 13:26:00+00:00,1e-10,9.700359716415425e-07,-,0
2026-08-10 13:27:00+00:00,1.932352187973917e-07,1e-10,-,0
2026-08-10 13:28:00+00:00,1e-10,1e-10,-,0
2026-08-10 13:29:00+00:00,6.832896976949245e-07,1e-10,-,0
2026-08-10 13:30:00+00:00,1.2996629610552814e-06,1e-10,-,0
2026-08-10 13:31:00+00:00,1e-10,1.0654009751809521e-06,-,0
2026-08-10 13:32:00+00:00,6.258067847904872e-07,1e-10,-,0
2026-08-10 13:33:00+00:00,1e-10,3.363536326703886e-07,-,0
2026-08-10 13:34:00+00:00,7.75078824917878e-08,2.693979175148893e-06,-,0
2026-08-10 13:35:00+00:00,4.805594373843335e-07,1.2072244626448224e-07,-,0
2026-08-10 13:36:00+00:00,1e-10,1e-10,-,0
2026-08-10 13:37:00+00:00,1e-10,9.845825667443183e-07,-,0
2026-08-10 13:38:00+00:00,9.86407952006708e-07,1.2090988508904106e-06,-,0
2026-08-10 13:39:00+00:00,1e-10,1e-10,-,0
2026-08-10 13:40:00+00:00,1.4430345240258786e-06,1.3998726655521786e-06,-,0
2026-08-10 13:41:00+00:00,1e-10,1e-10,-,0
2026-08-10 13:42:00+00:00,1.0600100769343626e-06,1.8080461164631789e-06,-,0
2026-08-10 13:43:00+00:00,3.411669924828854e-08,1.4303097116941925e-06,-,0
2026-08-10 13:44:00+00:00,1e-10,1.5164926204107669e-07,-,0
2026-08-10 13:45:00+00:00,1.9099744489688798e-07,1e-10,-,0
2026-08-10 13:46:00+00:00,1e-10,1.23318546692918e-06,-,0
2026-08-10 13:47:00+00:00,1.266672860699638e-06,4.750484088198956e-07,-,0
2026-08-10 13:48:00+00:00,1e-10,1e-10,-,0
2026-08-10 13:49:00+00:00,1e-10,5.915793636337972e-07,-,0
2026-08-10 13:50:00+00:00,2.423035106796724e-06,1e-10,-,0
2026-08-10 13:51:00+00:00,1e-10,3.0634400299517815e-07,-,0
2026-08-10 13:52:00+00:00,1e-10,3.2744483195475587e-07,-,0
2026-08-10 13:53:00+00:00,9.237150217134596e-07,5.395944016440449e-07,-,0
2026-08-10 13:54:00+00:00,3.1844870097170677e-07,1.3599636335034918e-06,-,0
2026-08-10 13:55:00+00:00,1.1407189651562333e-06,1e-10,-,0
2026-08-10 13:56:00+00:00,1.197358194089249e-07,1e-10,-,0
2026-08-10 13:57:00+00:00,1.0833431784652536e-06,3.770383846757916e-08,-,0
2026-08-10 13:58:00+00:00,2.2989596760249186e-06,9.160890848819932e-07,-,0
2026-08-10 13:59:00+00:00,1e-10,1e-10,-,0
2026-08-10 14:00:00+00:00,1e-10,1e-10,-,0
2026-08-10 14:01:00+00:00,1e-10,1e-10,-,0
2026-08-10 14:02:00+00:00,4.471824058322737e-07,1.8457014343838644e-07,-,0
2026-08-10 14:03:00+00:00,1.6569389717991334e-07,1e-10,-,0
2026-08-10 14:04:00+00:00,1.4227129129593442e-06,1e-10,-,0
2026-08-10 14:05:00+00:00,1e-10,3.545522143515572e-07,-,0
2026-08-10 14:06:00+00:00,1e-10,1e-10,-,0
2026-08-10 14:07:00+00:00,2.428974530619241e-07,1.0874455175139334e-06,-,0
2026-08-10 14:08:00+00:00,1e-10,2.5798799507412423e-06,-,0
2026-08-10 14:09:00+00:00,4.4123504357443865e-07,1e-10,-,0
2026-08-10 14:10:00+00:00,2.776182548472198e-07,4.000236430300171e-07,-,0
2026-08-10 14:11:00+00:00,6.246960601500317e-07,3.4058313811337017e-07,-,0
2026-08-10 14:12:00+00:00,1e-10,1e-10,-,0
2026-08-10 14:13:00+00:00,6.35573876552554e-07,1e-10,-,0
2026-08-10 14:14:00+00:00,7.10596391419704e-07,1e-10,-,0
2026-08-10 14:15:00+00:00,1e-10,1e-10,-,0
2026-08-10 14:16:00+00:00,1e-10,2.7297121980017634e-06,-,0
2026-08-10 14:17:00+00:00,1e-10,6.462973885422865e-07,-,0
2026-08-10 14:18:00+00:00,1e-10,1e-10,-,0
2026-08-10 14:19:00+00:00,1e-10,1e-10,-,0
2026-08-10 14:20:00+00:00,8.670711961825547e-07,1e-10,-,0
2026-08-10 14:21:00+00:00,9.608789429667323e-07,1e-10,-,0
2026-08-10 14:22:00+00:00,3.977498887520306e-07,1e-10,-,0
2026-08-10 14:23:00+00:00,1e-10,5.211881907630626e-07,-,0
2026-08-10 14:24:00+00:00,1.1096019590517011e-06,1e-10,-,0
2026-08-10 14:25:00+00:00,2.077353991496333e-06,1e-10,-,0
2026-08-10 14:26:00+00:00,6.868381914868489e-07,9.380786152711165e-07,-,0
2026-08-10 14:27:00+00:00,2.287672991348496e-08,1e-10,-,0
2026-08-10 14:28:00+00:00,1e-10,4.848501438909657e-07,-,0
2026-08-10 14:29:00+00:00,1.0503853874121659e-08,1e-10,-,0
2026-08-10 14:30:00+00:00,1e-10,9.344686798455179e-07,-,0
2026-08-10 14:31:00+00:00,1e-10,7.851046828973061e-08,-,0
2026-08-10 14:32:00+00:00,1.4546954378257217e-06,1.8998600678497589e-07,-,0
2026-08-10 14:33:00+00:00,1.0045879819709937e-06,1e-10,-,0
2026-08-10 14:34:00+00:00,1e-10,6.141320042477653e-07,-,0
2026-08-10 14:35:00+00:00,1.2444575836379636e-07,1e-10,-,0
2026-08-10 14:36:00+00:00,1.8849368354357733e-08,1.134163127111255e-06,-,0
2026-08-10 14:37:00+00:00,1e-10,1e-10,-,0
2026-08-10 14:38:00+00:00,1e-10,5.583074664605621e-07,-,0
2026-08-10 14:39:00+00:00,9.426304857159305e-07,7.429531826165045e-07,-,0
2026-08-10 14:40:00+00:00,1.3353353543439662e-06,1e-10,-,0
2026-08-10 14:41:00+00:00,1e-10,5.580916637618871e-07,-,0
2026-08-10 14:42:00+00:00,1e-10,1e-10,-,0
2026-08-10 14:43:00+00:00,1.0327676863785263e-06,1e-10,-,0
2026-08-10 14:44:00+00:00,1e-10,2.2292831547741053e-07,-,0
2026-08-10 14:45:00+00:00,1e-10,2.422915522953483e-06,-,0
2026-08-10 14:46:00+00:00,1e-10,1e-10,-,0
2026-08-10 14:47:00+00:00,1.5252101192187678e-06,5.78271453328585e-07,-,0
2026-08-10 14:48:00+00:00,1e-10,9.220438947783382e-07,-,0
2026-08-10 14:49:00+00:00,1e-10,1e-10,-,0
2026-08-10 14:50:00+00:00,1e-10,1e-10,-,0
2026-08-10 14:51:00+00:00,1e-10,1.4021529296714614e-06,-,0
2026-08-10 14:52:00+00:00,1e-10,7.386872017904937e-07,-,0
2026-08-10 14:53:00+00:00,1e-10,8.629991862908349e-08,-,0
2026-08-10 14:54:00+00:00,1e-10,1e-10,-,0
2026-08-10 14:55:00+00:00,1e-10,1e-10,-,0
2026-08-10 14:56:00+00:00,3.172856246541291e-07,5.887034718654091e-07,-,0
2026-08-10 14:57:00+00:00,4.403061195740275e-07,1e-10,-,0
2026-08-10 14:58:00+00:00,1e-10,9.128596625066646e-07,-,0
2026-08-10 14:59:00+00:00,1e-10,1.2709523060208635e-06,-,0
2026-08-10 15:00:00+00:00,1e-10,2.0168192369204896e-06,-,0
2026-08-10 15:01:00+00:00,4.089138909925619e-07,1.4292266307656272e-06,-,0
2026-08-10 15:02:00+00:00,7.127210408346869e-07,4.5481399619189407e-07,-,0
2026-08-10 15:03:00+00:00,1e-10,8.778282045756269e-07,-,0
2026-08-10 15:04:00+00:00,1e-10,1e-10,-,0
2026-08-10 15:05:00+00:00,1.2042348005683897e-07,1e-10,-,0
2026-08-10 15:06:00+00:00,1e-10,4.956964966545458e-07,-,0
2026-08-10 15:07:00+00:00,1e-10,1e-10,-,0
2026-08-10 15:08:00+00:00,3.658078176264586e-07,1e-10,-,0
2026-08-10 15:09:00+00:00,4.317264786028938e-08,2.4535581157709163e-06,-,0
2026-08-10 15:10:00+00:00,1e-10,1e-10,-,0
2026-08-10 15:11:00+00:00,1e-10,2.7077405725315605e-07,-,0
2026-08-10 15:12:00+00:00,1e-10,1e-10,-,0
2026-08-10 15:13:00+00:00,1e-10,1e-10,-,0
2026-08-10 15:14:00+00:00,1e-10,1e-10,-,0
2026-08-10 15:15:00+00:00,7.253073688017426e-07,1e-10,-,0
2026-08-10 15:16:00+00:00,1e-10,1e-10,-,0
2026-08-10 15:17:00+00:00,1e-10,1e-10,-,0
2026-08-10 15:18:00+00:00,1.2232018276734555e-06,1e-10,-,0
2026-08-10 15:19:00+00:00,4.1094136340831755e-07,1e-10,-,0
2026-08-10 15:20:00+00:00,7.980458262074539e-07,1e-10,-,0
2026-08-10 15:21:00+00:00,1e-10,1e-10,-,0
2026-08-10 15:22:00+00:00,1e-10,8.671981285355206e-07,-,0
2026-08-10 15:23:00+00:00,1.2155666829048743e-08,1e-10,-,0
2026-08-10 15:24:00+00:00,2.7574449027466694e-07,2.1817112214268537e-07,-,0
2026-08-10 15:25:00+00:00,2.5559123876240504e-06,4.3197006968186524e-07,-,0
2026-08-10 15:26:00+00:00,1.211428622219773e-07,7.782647314183902e-08,-,0
2026-08-10 15:27:00+00:00,1.2279111835983423e-06,1e-10,-,0
2026-08-10 15:28:00+00:00,2.559614268594639e-06,1e-10,-,0
2026-08-10 15:29:00+00:00,1.9269372144908025e-06,1e-10,-,0
2026-08-10 15:30:00+00:00,1.9999271672666034e-07,3.217146264051517e-08,-,0
2026-08-10 15:31:00+00:00,1.2952000800237796e-06,1.5506918159097999e-06,-,0
2026-08-10 15:32:00+00:00,1.6495101742347977e-07,2.187848498950889e-06,-,0
2026-08-10 15:33:00+00:00,1e-10,3.78334982967574e-07,-,0
2026-08-10 15:34:00+00:00,9.586178342426253e-07,1e-10,-,0
2026-08-10 15:35:00+00:00,1.0034922772562375e-06,1e-10,-,0
2026-08-10 15:36:00+00:00,5.893583122284884e-07,1e-10,-,0
2026-08-10 15:37:00+00:00,1e-10,1e-10,-,0
2026-08-10 15:38:00+00:00,1e-10,1.4961983523053144e-06,-,0
2026-08-10 15:39:00+00:00,1e-10,1e-10,-,0
2026-08-10 15:40:00+00:00,2.0771313378620445e-07,3.6411635367036793e-07,-,0
2026-08-10 15:41:00+00:00,2.887477115970483e-07,3.4736415711625855e-07,-,0
2026-08-10 15:42:00+00:00,9.453785316177209e-07,1e-10,-,0
2026-08-10 15:43:00+00:00,1e-10,1e-10,-,0
2026-08-10 15:44:00+00:00,1.3948815269371422e-07,3.708575759708226e-07,-,0
2026-08-10 15:45:00+00:00,1e-10,1.3709959782565691e-06,-,0
2026-08-10 15:46:00+00:00,1e-10,2.0420192108260786e-07,-,0
2026-08-10 15:47:00+00:00,1.4043268216874295e-06,7.503165592234692e-07,-,0
2026-08-10 15:48:00+00:00,1.4457866157321302e-06,1e-10,-,0
2026-08-10 15:49:00+00:00,1.1502468140311098e-06,3.588333263963989e-08,-,0
2026-08-10 15:50:00+00:00,1.2917685484145719e-07,1e-10,-,0
2026-08-10 15:51:00+00:00,1e-10,8.722634869051623e-07,-,0
2026-08-10 15:52:00+00:00,1.3598800459145106e-06,5.542872384532052e-08,-,0
2026-08-10 15:53:00+00:00,1.9198940752495984e-06,1.944676981661213e-06,-,0
2026-08-10 15:54:00+00:00,1.7974534143046345e-06,1e-10,-,0
2026-08-10 15:55:00+00:00,5.677639893274187e-07,1e-10,-,0
2026-08-10 15:56:00+00:00,7.217931623779205e-08,3.7186627279867137e-07,-,0
2026-08-10 15:57:00+00:00,7.910637317290572e-07,1e-10,-,0
2026-08-10 15:58:00+00:00,8.621596483923336e-07,1.0698175030068324e-06,-,0
2026-08-10 15:59:00+00:00,1e-10,1e-10,-,0
2026-08-10 16:00:00+00:00,1e-10,1.4039382017007444e-06,-,0
2026-08-10 16:01:00+00:00,3.400541176911987e-06,1e-10,-,0
2026-08-10 16:02:00+00:00,1e-10,1.583359763324754e-06,-,0
2026-08-10 16:03:00+00:00,9.698129171406521e-07,1e-10,-,0
2026-08-10 16:04:00+00:00,1e-10,1e-10,-,0
2026-08-10 16:05:00+00:00,1e-10,7.651997925704495e-07,-,0
2026-08-10 16:06:00+00:00,1e-10,2.397817854606538e-06,-,0
2026-08-10 16:07:00+00:00,1e-10,1.0050251999425908e-07,-,0
2026-08-10 16:08:00+00:00,7.122898096476611e-07,1e-10,-,0
2026-08-10 16:09:00+00:00,5.76804122935047e-07,1e-10,-,0
2026-08-10 16:10:00+00:00,2.063551609884513e-06,1.0713239646990609e-06,-,0
2026-08-10 16:11:00+00:00,5.724901760577047e-08,1.8464887662760448e-06,-,0
2026-08-10 16:12:00+00:00,1.982461890324994e-07,1.2284200758610103e-06,-,0
2026-08-10 16:13:00+00:00,1e-10,1.9423475990349525e-07,-,0
2026-08-10 16:14:00+00:00,1e-10,1e-10,-,0
2026-08-10 16:15:00+00:00,6.783078996081302e-07,5.795482498465251e-07,-,0
2026-08-10 16:16:00+00:00,1e-10,3.976076557091714e-07,-,0
2026-08-10 16:17:00+00:00,1e-10,2.215557613879627e-06,-,0
2026-08-10 16:18:00+00:00,1.2521347515706203e-06,5.83062738812605e-07,-,0
2026-08-10 16:19:00+00:00,1e-10,9.950854112292136e-07,-,0
2026-08-10 16:20:00+00:00,3.9177630966754834e-07,1e-10,-,0
2026-08-10 16:21:00+00:00,4.2977541383831747e-07,1e-10,-,0
2026-08-10 16:22:00+00:00,2.5839476228261724e-07,1e-10,-,0
2026-08-10 16:23:00+00:00,1e-10,1e-10,-,0
2026-08-10 16:24:00+00:00,1.5716433885541266e-06,1e-10,-,0
2026-08-10 16:25:00+00:00,1e-10,3.5385717241059936e-07,-,0
2026-08-10 16:26:00+00:00,1e-10,1e-10,-,0
2026-08-10 16:27:00+00:00,9.661835591625913e-07,4.0060606619894163e-07,-,0
2026-08-10 16:28:00+00:00,9.267141791740323e-07,1.204587565400295e-06,-,0
2026-08-10 16:29:00+00:00,1e-10,1.476149941440847e-07,-,0
2026-08-10 16:30:00+00:00,2.0074362605273152e-08,1e-10,-,0
2026-08-10 16:31:00+00:00,1.2239868611012318e-06,1e-10,-,0
2026-08-10 16:32:00+00:00,1.589299074688306e-06,1e-10,-,0
2026-08-10 16:33:00+00:00,7.041822618549023e-07,2.210647205281292e-06,-,0
2026-08-10 16:34:00+00:00,9.448203468947082e-07,1e-10,-,0
2026-08-10 16:35:00+00:00,8.183595440250574e-07,1e-10,-,0
2026-08-10 16:36:00+00:00,1e-10,1.060699481675772e-06,-,0
2026-08-10 16:37:00+00:00,1e-10,1e-10,-,0
2026-08-10 16:38:00+00:00,1e-10,9.86556769382488e-07,-,0
2026-08-10 16:39:00+00:00,1.2699709648979928e-06,1e-10,-,0
2026-08-10 16:40:00+00:00,1.2627225479535121e-06,1e-10,-,0
2026-08-10 16:41:00+00:00,2.52372190529567e-07,1.0429966482718645e-06,-,0
2026-08-10 16:42:00+00:00,1e-10,1e-10,-,0
2026-08-10 16:43:00+00:00,1.9483558829900745e-06,8.238185248677735e-07,-,0
2026-08-10 16:44:00+00:00,1.6435565108134044e-07,1.012104114936318e-06,-,0
2026-08-10 16:45:00+00:00,7.304445874609248e-07,1e-10,-,0
2026-08-10 16:46:00+00:00,1e-10,1.4387750476737917e-06,-,0
2026-08-10 16:47:00+00:00,1e-10,1e-10,-,0
2026-08-10 16:48:00+00:00,1.2292668542090817e-06,1e-10,-,0
2026-08-10 16:49:00+00:00,1e-10,8.057105637068143e-07,-,0
2026-08-10 16:50:00+00:00,1e-10,1.384334283407936e-06,-,0
2026-08-10 16:51:00+00:00,4.773973159604151e-07,1e-10,-,0
2026-08-10 16:52:00+00:00,1.6038298763275916e-06,1e-10,-,0
2026-08-10 16:53:00+00:00,1.1040121230878436e-06,1e-10,-,0
2026-08-10 16:54:00+00:00,1.8999754956329686e-06,7.040769437052601e-07,-,0
2026-08-10 16:55:00+00:00,9.473953438803309e-07,2.528337806144223e-07,-,0
2026-08-10 16:56:00+00:00,1.0134008583292115e-06,1e-10,-,0
2026-08-10 16:57:00+00:00,1e-10,2.1720025408029695e-06,-,0
2026-08-10 16:58:00+00:00,1e-10,6.424873041520318e-07,-,0
2026-08-10 16:59:00+00:00,1.8912844251471833e-06,1e-10,-,0
2026-08-10 17:00:00+00:00,1e-10,5.693565794285466e-07,-,0
2026-08-10 17:01:00+00:00,1e-10,1e-10,-,0
2026-08-10 17:02:00+00:00,1e-10,1.2266319265962814e-06,-,0
2026-08-10 17:03:00+00:00,1.2000578533647604e-06,1.513606937330338e-06,-,0
2026-08-10 17:04:00+00:00,1e-10,1.756279799074215e-06,-,0
2026-08-10 17:05:00+00:00,1e-10,5.502092560432695e-07,-,0
2026-08-10 17:06:00+00:00,1.235774248465795e-06,1.3091794571918412e-07,-,0
2026-08-10 17:07:00+00:00,1e-10,1.1629989390929667e-06,-,0
2026-08-10 17:08:00+00:00,1.5282902172574426e-06,1.9059636212551878e-06,-,0
2026-08-10 17:09:00+00:00,1e-10,1e-10,-,0
2026-08-10 17:10:00+00:00,1e-10,1.6343428449512681e-06,-,0
2026-08-10 17:11:00+00:00,1e-10,1e-10,-,0
2026-08-10 17:12:00+00:00,1e-10,1e-10,-,0
2026-08-10 17:13:00+00:00,1e-10,4.2245869704564795e-07,-,0
2026-08-10 17:14:00+00:00,1e-10,1e-10,-,0
2026-08-10 17:15:00+00:00,1e-10,1e-10,-,0
2026-08-10 17:16:00+00:00,1.7354839373146168e-06,1e-10,-,0
2026-08-10 17:17:00+00:00,1e-10,2.7097076650115923e-06,-,0
2026-08-10 17:18:00+00:00,1e-10,1e-10,-,0
2026-08-10 17:19:00+00:00,1e-10,9.784481692588956e-07,-,0
2026-08-10 17:20:00+00:00,5.098925500577664e-07,1e-10,-,0
2026-08-10 17:21:00+00:00,1e-10,1e-10,-,0
2026-08-10 17:22:00+00:00,1e-10,1e-10,-,0
2026-08-10 17:23:00+00:00,2.2079654012463405e-06,1.1752933127655065e-07,-,0
2026-08-10 17:24:00+00:00,2.2682783527164332e-07,1e-10,-,0
2026-08-10 17:25:00+00:00,3.8443309503246864e-07,6.851267245099521e-07,-,0
2026-08-10 17:26:00+00:00,1e-10,2.477567007746745e-06,-,0
2026-08-10 17:27:00+00:00,1.3371090470802576e-08,2.6894111301382436e-07,-,0
2026-08-10 17:28:00+00:00,1e-10,1e-10,-,0
2026-08-10 17:29:00+00:00,3.681953264352488e-07,4.451124690574871e-07,-,0
2026-08-10 17:30:00+00:00,1.8607791788703428e-06,1e-10,-,0
2026-08-10 17:31:00+00:00,1e-10,1e-10,-,0
2026-08-10 17:32:00+00:00,1e-10,1e-10,-,0
2026-08-10 17:33:00+00:00,1e-10,1.0725556305867093e-06,-,0
2026-08-10 17:34:00+00:00,1.0877780411281157e-06,9.839376956192716e-07,-,0
2026-08-10 17:35:00+00:00,1e-10,1e-10,-,0
2026-08-10 17:36:00+00:00,3.2094098598878924e-07,1e-10,-,0
2026-08-10 17:37:00+00:00,5.938306365895593e-07,1e-10,-,0
2026-08-10 17:38:00+00:00,2.4090278989101563e-06,1e-10,-,0
2026-08-10 17:39:00+00:00,1.0461834938291269e-06,1.317786878147327e-06,-,0
2026-08-10 17:40:00+00:00,1e-10,1e-10,-,0
2026-08-10 17:41:00+00:00,1e-10,2.82139775757021e-07,-,0
2026-08-10 17:42:00+00:00,1.9325599843217864e-07,7.639215435743787e-07,-,0
2026-08-10 17:43:00+00:00,1e-10,7.918340826412912e-07,-,0
2026-08-10 17:44:00+00:00,1e-10,8.091222136927565e-07,-,0
2026-08-10 17:45:00+00:00,1e-10,1.193227783757487e-06,-,0
2026-08-10 17:46:00+00:00,1e-10,1e-10,-,0
2026-08-10 17:47:00+00:00,1e-10,8.478942524965225e-07,-,0
2026-08-10 17:48:00+00:00,1e-10,1e-10,-,0
2026-08-10 17:49:00+00:00,1e-10,1e-10,-,0
2026-08-10 17:50:00+00:00,1e-10,3.9445755075376346e-07,-,0
2026-08-10 17:51:00+00:00,6.154453487049585e-07,1e-10,-,0
2026-08-10 17:52:00+00:00,2.631939565492367e-08,1e-10,-,0
2026-08-10 17:53:00+00:00,3.1904407925151844e-08,1e-10,-,0
2026-08-10 17:54:00+00:00,1e-10,7.483308973373179e-07,-,0
2026-08-10 17:55:00+00:00,1e-10,1e-10,-,0
2026-08-10 17:56:00+00:00,1.616895937066182e-06,1e-10,-,0
2026-08-10 17:57:00+00:00,2.279196063201006e-06,4.411192764948155e-07,-,0
2026-08-10 17:58:00+00:00,1.3974100417026484e-06,3.100542709392408e-07,-,0
2026-08-10 17:59:00+00:00,1e-10,1.6478487230960901e-06,-,0
2026-08-10 18:00:00+00:00,1e-10,1.3257734916360524e-06,-,0
2026-08-10 18:01:00+00:00,8.102468214311869e-07,4.855431117963965e-07,-,0
2026-08-10 18:02:00+00:00,1e-10,1e-10,-,0
2026-08-10 18:03:00+00:00,1e-10,1.5249012500917429e-06,-,0
2026-08-10 18:04:00+00:00,1e-10,1.8991771520703966e-06,-,0
2026-08-10 18:05:00+00:00,1e-10,1e-10,-,0
2026-08-10 18:06:00+00:00,1e-10,1e-10,-,0
2026-08-10 18:07:00+00:00,1e-10,1e-10,-,0
2026-08-10 18:08:00+00:00,1.3000667070485317e-06,1e-10,-,0
2026-08-10 18:09:00+00:00,4.894940332876489e-07,1e-10,-,0
2026-08-10 18:10:00+00:00,1e-10,1e-10,-,0
2026-08-10 18:11:00+00:00,9.884931272487334e-07,1.2182096321038895e-06,-,0
2026-08-10 18:12:00+00:00,1.6571548167435863e-07,1e-10,-,0
2026-08-10 18:13:00+00:00,1.3094215514386574e-06,2.9921498111050324e-07,-,0
2026-08-10 18:14:00+00:00,8.38945719428104e-07,1e-10,-,0
2026-08-10 18:15:00+00:00,1e-10,1.400180322609694e-06,-,0
2026-08-10 18:16:00+00:00,7.667992331176691e-07,1.4201193733516564e-07,-,0
2026-08-10 18:17:00+00:00,8.134045935710853e-07,1.0748721426270873e-06,-,0
2026-08-10 18:18:00+00:00,1.193062889651047e-06,1.319653317101256e-07,-,0
2026-08-10 18:19:00+00:00,1.129035657387666e-06,1e-10,-,0
2026-08-10 18:20:00+00:00,2.326078319479732e-06,1e-10,-,0
2026-08-10 18:21:00+00:00,1.0815098156011686e-06,1.9459731811747045e-06,-,0
2026-08-10 18:22:00+00:00,1e-10,6.702690726309412e-07,-,0
2026-08-10 18:23:00+00:00,2.2158791389367356e-07,2.2677478769391024e-06,-,0
2026-08-10 18:24:00+00:00,1e-10,1.7404389323366256e-06,-,0
2026-08-10 18:25:00+00:00,1.3674930615284939e-06,1e-10,-,0
2026-08-10 18:26:00+00:00,1e-10,1e-10,-,0
2026-08-10 18:27:00+00:00,2.49692053492101e-06,1.2653677405721352e-06,-,0
2026-08-10 18:28:00+00:00,1e-10,1.1856551283954253e-06,-,0
2026-08-10 18:29:00+00:00,1e-10,5.813959160864965e-08,-,0
2026-08-10 18:30:00+00:00,1e-10,1e-10,-,0
2026-08-10 18:31:00+00:00,1e-10,1e-10,-,0
2026-08-10 18:32:00+00:00,1e-10,2.021071269764093e-07,-,0
2026-08-10 18:33:00+00:00,2.836893124312112e-07,8.797563871193227e-07,-,0
2026-08-10 18:34:00+00:00,4.7005056116158665e-08,1e-10,-,0
2026-08-10 18:35:00+00:00,1e-10,1.1643135936450875e-06,-,0
2026-08-10 18:36:00+00:00,3.6662430435238077e-07,9.047069615791625e-07,-,0
2026-08-10 18:37:00+00:00,1e-10,9.209441445280645e-07,-,0
2026-08-10 18:38:00+00:00,1.957033215733201e-08,6.086188728956015e-07,-,0
2026-08-10 18:39:00+00:00,1.9824442748081827e-06,1e-10,-,0
2026-08-10 18:40:00+00:00,1e-10,3.6048735754405235e-07,-,0
2026-08-10 18:41:00+00:00,1e-10,1e-10,-,0
2026-08-10 18:42:00+00:00,1e-10,6.582422646457161e-07,-,0
2026-08-10 18:43:00+00:00,1e-10,1e-10,-,0
2026-08-10 18:44:00+00:00,4.412414518849545e-07,1e-10,-,0
2026-08-10 18:45:00+00:00,1e-10,6.724441493192487e-07,-,0
2026-08-10 18:46:00+00:00,1e-10,1e-10,-,0
2026-08-10 18:47:00+00:00,4.2951164381249207e-07,1e-10,-,0
2026-08-10 18:48:00+00:00,5.426795704907756e-07,1e-10,-,0
2026-08-10 18:49:00+00:00,7.028318305710096e-07,1e-10,-,0
2026-08-10 18:50:00+00:00,1e-10,1.264246345262434e-06,-,0
2026-08-10 18:51:00+00:00,1.5426465836488975e-06,4.9879769329533407e-08,-,0
2026-08-10 18:52:00+00:00,1e-10,1e-10,-,0
2026-08-10 18:53:00+00:00,1e-10,1e-10,-,0
2026-08-10 18:54:00+00:00,1.1592275999000588e-06,8.506780579651589e-07,-,0
2026-08-10 18:55:00+00:00,1.5033431488465625e-06,6.222642661453864e-07,-,0
2026-08-10 18:56:00+00:00,1e-10,8.068090863908174e-07,-,0
2026-08-10 18:57:00+00:00,1e-10,1.9562952542599863e-06,-,0
2026-08-10 18:58:00+00:00,5.154009720085294e-07,6.03035938786387e-08,-,0
2026-08-10 18:59:00+00:00,1e-10,7.962707336072315e-07,-,0
2026-08-10 19:00:00+00:00,2.850402368576123e-06,1e-10,-,0
2026-08-10 19:01:00+00:00,1e-10,2.0817821189446864e-07,-,0
2026-08-10 19:02:00+00:00,4.1830300815805755e-07,1e-10,-,0
2026-08-10 19:03:00+00:00,1e-10,1e-10,-,0
2026-08-10 19:04:00+00:00,1e-10,1e-10,-,0
2026-08-10 19:05:00+00:00,1e-10,2.9018750976964443e-09,-,0
2026-08-10 19:06:00+00:00,1.2739401962963496e-06,1e-10,-,0
2026-08-10 19:07:00+00:00,4.3442187645936817e-07,1e-10,-,0
2026-08-10 19:08:00+00:00,1e-10,7.320599518932899e-07,-,0
2026-08-10 19:09:00+00:00,1e-10,1.0584674284590626e-07,-,0
2026-08-10 19:10:00+00:00,1e-10,1e-10,-,0
2026-08-10 19:11:00+00:00,1.0005753111516904e-06,1.4229230348008218e-09,-,0
2026-08-10 19:12:00+00:00,1.047800516765615e-06,1e-10,-,0
2026-08-10 19:13:00+00:00,6.127037499196197e-07,1.1133012996365795e-06,-,0
2026-08-10 19:14:00+00:00,3.0725314627145826e-07,1e-10,-,0
2026-08-10 19:15:00+00:00,7.191283891026971e-07,2.530544210668316e-06,-,0
2026-08-10 19:16:00+00:00,1e-10,5.148811805234385e-07,-,0
2026-08-10 19:17:00+00:00,3.30295062410086e-07,8.412684598101993e-07,-,0
2026-08-10 19:18:00+00:00,1.2097963784370932e-06,1e-10,-,0
2026-08-10 19:19:00+00:00,2.806314501628294e-07,6.24481445786367e-07,-,0
2026-08-10 19:20:00+00:00,8.534337490504533e-08,1.1460837667876707e-06,-,0
2026-08-10 19:21:00+00:00,1e-10,2.432619216633695e-07,-,0
2026-08-10 19:22:00+00:00,1e-10,1e-10,-,0
2026-08-10 19:23:00+00:00,1e-10,1.2292550927716241e-06,-,0
2026-08-10 19:24:00+00:00,2.727557242575546e-07,2.194442687710251e-06,-,0
2026-08-10 19:25:00+00:00,1e-10,1e-10,-,0
2026-08-10 19:26:00+00:00,1e-10,1e-10,-,0
2026-08-10 19:27:00+00:00,9.081994667195974e-07,1e-10,-,0
2026-08-10 19:28:00+00:00,6.06174192666731e-07,1e-10,-,0
2026-08-10 19:29:00+00:00,4.19682903348344e-07,1e-10,-,0
2026-08-10 19:30:00+00:00,1e-10,1e-10,-,0
2026-08-10 19:31:00+00:00,1e-10,1.046441411979935e-06,-,0
2026-08-10 19:32:00+00:00,6.024996658047607e-07,3.621638235074743e-08,-,0
2026-08-10 19:33:00+00:00,5.507397227997738e-08,2.8451632644314527e-07,-,0
2026-08-10 19:34:00+00:00,1e-10,1e-10,-,0
2026-08-10 19:35:00+00:00,1.46665723660098e-06,1e-10,-,0
2026-08-10 19:36:00+00:00,1e-10,1e-10,-,0
2026-08-10 19:37:00+00:00,1e-10,1.8038718183343087e-06,-,0
2026-08-10 19:38:00+00:00,1.2098080433956465e-07,1e-10,-,0
2026-08-10 19:39:00+00:00,1.7086064472391122e-07,1e-10,-,0
2026-08-10 19:40:00+00:00,9.344307384905729e-08,1e-10,-,0
2026-08-10 19:41:00+00:00,4.722345336159745e-07,5.454720566639586e-07,-,0
2026-08-10 19:42:00+00:00,1e-10,9.937711803054303e-07,-,0
2026-08-10 19:43:00+00:00,1.161658404418636e-06,1e-10,-,0
2026-08-10 19:44:00+00:00,1e-10,1e-10,-,0
2026-08-10 19:45:00+00:00,1e-10,1e-10,-,0
2026-08-10 19:46:00+00:00,1e-10,1e-10,-,0
2026-08-10 19:47:00+00:00,1.1414527758732426e-06,6.232533227219842e-07,-,0
2026-08-10 19:48:00+00:00,1e-10,1e-10,-,0
2026-08-10 19:49:00+00:00,1.061674196006649e-07,5.29196817253822e-09,-,0
2026-08-10 19:50:00+00:00,1.2319271693639793e-07,1e-10,-,0
2026-08-10 19:51:00+00:00,2.4528247820673033e-07,1e-10,-,0
2026-08-10 19:52:00+00:00,1e-10,1.0715764965055452e-06,-,0
2026-08-10 19:53:00+00:00,4.307243362071895e-07,1.2430145198296156e-07,-,0
2026-08-10 19:54:00+00:00,5.8054563306398197e-08,1e-10,-,0
2026-08-10 19:55:00+00:00,4.0344587011054873e-07,1.4242687341924691e-06,-,0
2026-08-10 19:56:00+00:00,1.769053204965151e-06,1.5155826727238487e-06,-,0
2026-08-10 19:57:00+00:00,1.5520627658320904e-07,6.401269161895112e-07,-,0
2026-08-10 19:58:00+00:00,1e-10,1.048391144831591e-06,-,0
2026-08-10 19:59:00+00:00,2.1944759074780746e-06,5.427093246489149e-07,-,0
2026-08-10 20:00:00+00:00,1.112266465075607e-06,7.434826591090646e-07,-,0
2026-08-10 20:01:00+00:00,7.5057509886937e-07,1e-10,-,0
2026-08-10 20:02:00+00:00,1e-10,8.915094823764011e-07,-,0
2026-08-10 20:03:00+00:00,8.459506339193287e-07,1e-10,-,0
2026-08-10 20:04:00+00:00,1e-10,1e-10,-,0
2026-08-10 20:05:00+00:00,1.739500759966346e-06,1.0296351045064496e-06,-,0
2026-08-10 20:06:00+00:00,1.0171483269914647e-06,1.6426509676872032e-06,-,0
2026-08-10 20:07:00+00:00,1e-10,4.7303690747258526e-07,-,0
2026-08-10 20:08:00+00:00,9.894429892287508e-07,1.347150001734161e-06,-,0
2026-08-10 20:09:00+00:00,7.094957865267952e-07,1e-10,-,0
2026-08-10 20:10:00+00:00,1e-10,7.209278768884375e-07,-,0
2026-08-10 20:11:00+00:00,2.2408108849721486e-07,8.034178955584825e-07,-,0
2026-08-10 20:12:00+00:00,4.4181156372842765e-07,1e-10,-,0
2026-08-10 20:13:00+00:00,1e-10,8.794672695094534e-07,-,0
2026-08-10 20:14:00+00:00,1e-10,1.389155028775234e-07,-,0
2026-08-10 20:15:00+00:00,1.0230285467622096e-06,2.532076601473e-07,-,0
2026-08-10 20:16:00+00:00,2.2271051908608165e-07,1.0060492703104126e-06,-,0
2026-08-10 20:17:00+00:00,2.103724443138646e-06,1e-10,-,0
2026-08-10 20:18:00+00:00,1e-10,3.6585640666316845e-08,-,0
2026-08-10 20:19:00+00:00,4.806925162748052e-07,8.535272107857401e-08,-,0
2026-08-10 20:20:00+00:00,1e-10,4.379376156919732e-07,-,0
2026-08-10 20:21:00+00:00,7.781260009697685e-07,1e-10,-,0
2026-08-10 20:22:00+00:00,1e-10,7.561997887889817e-07,-,0
2026-08-10 20:23:00+00:00,3.4573064011048667e-07,7.995945015419508e-07,-,0
2026-08-10 20:24:00+00:00,1.3313868008025866e-06,1e-10,-,0
2026-08-10 20:25:00+00:00,8.470726903457024e-08,1e-10,-,0
2026-08-10 20:26:00+00:00,1e-10,1.2738465069863806e-06,-,0
2026-08-10 20:27:00+00:00,1.0722693531014525e-06,1e-10,-,0
2026-08-10 20:28:00+00:00,4.247932990604868e-07,1.6686256271354782e-06,-,0
2026-08-10 20:29:00+00:00,1e-10,1e-10,-,0
2026-08-10 20:30:00+00:00,1e-10,1.0919307028874263e-06,-,0
2026-08-10 20:31:00+00:00,1e-10,1e-10,-,0
2026-08-10 20:32:00+00:00,2.515933502126148e-06,9.3139234594107e-07,-,0
2026-08-10 20:33:00+00:00,1e-10,2.6164804670203475e-07,-,0
2026-08-10 20:34:00+00:00,1e-10,2.7734666115279716e-07,-,0
2026-08-10 20:35:00+00:00,3.754505091390049e-07,1e-10,-,0
2026-08-10 20:36:00+00:00,1e-10,1e-10,-,0
2026-08-10 20:37:00+00:00,5.769862107705226e-07,1e-10,-,0
2026-08-10 20:38:00+00:00,1.523303543327312e-06,1e-10,-,0
2026-08-10 20:39:00+00:00,1e-10,1.4791558420600185e-06,-,0
2026-08-10 20:40:00+00:00,1e-10,3.2038913085729083e-06,-,0
2026-08-10 20:41:00+00:00,4.998914634499675e-07,1e-10,-,0
2026-08-10 20:42:00+00:00,1e-10,4.818797034063947e-07,-,0
2026-08-10 20:43:00+00:00,1e-10,1.0607897581020605e-06,-,0
2026-08-10 20:44:00+00:00,1e-10,1e-10,-,0
2026-08-10 20:45:00+00:00,2.198097741169677e-06,1e-10,-,0
2026-08-10 20:46:00+00:00,1e-10,7.685715270835655e-09,-,0
2026-08-10 20:47:00+00:00,1e-10,2.647845999362597e-08,-,0
2026-08-10 20:48:00+00:00,2.7722004548088306e-06,1e-10,-,0
2026-08-10 20:49:00+00:00,9.060015394195278e-07,2.9127713397719187e-07,-,0
2026-08-10 20:50:00+00:00,1e-10,9.065938120600704e-07,-,0
2026-08-10 20:51:00+00:00,1e-10,5.560909458119452e-07,-,0
2026-08-10 20:52:00+00:00,6.709046212501744e-07,1e-10,-,0
2026-08-10 20:53:00+00:00,1.6266307111629714e-06,1e-10,-,0
2026-08-10 20:54:00+00:00,1.5690652167742607e-06,5.184632854245267e-07,-,0
2026-08-10 20:55:00+00:00,6.447994588591587e-07,1e-10,-,0
2026-08-10 20:56:00+00:00,8.205497850314843e-07,1e-10,-,0
2026-08-10 20:57:00+00:00,1e-10,1.4513346533090026e-08,-,0
2026-08-10 20:58:00+00:00,1e-10,9.050295707205226e-07,-,0
2026-08-10 20:59:00+00:00,1e-10,1.1670517260949554e-06,-,0
2026-08-10 21:00:00+00:00,1.1656601615776647e-06,2.4062880953961803e-07,-,0
2026-08-10 21:01:00+00:00,4.4204513658124206e-07,4.2591758674341945e-08,-,0
2026-08-10 21:02:00+00:00,1.3948689894935853e-07,8.622383740822092e-07,-,0
2026-08-10 21:03:00+00:00,1.7359601957924147e-06,1e-10,-,0
2026-08-10 21:04:00+00:00,6.214379123878242e-07,1e-10,-,0
2026-08-10 21:05:00+00:00,1.2843632854736537e-06,1.6369022254597632e-06,-,0
2026-08-10 21:06:00+00:00,8.660195387743165e-07,1.644963905486895e-06,-,0
2026-08-10 21:07:00+00:00,9.699259248262748e-07,1e-10,-,0
2026-08-10 21:08:00+00:00,1e-10,1e-10,-,0
2026-08-10 21:09:00+00:00,1.10293517390595e-06,1.0417996200455566e-06,-,0
2026-08-10 21:10:00+00:00,5.513935770409966e-07,4.323466599794467e-07,-,0
2026-08-10 21:11:00+00:00,1e-10,1e-10,-,0
2026-08-10 21:12:00+00:00,7.857130137323544e-07,1e-10,-,0
2026-08-10 21:13:00+00:00,1.4514447177416156e-06,1e-10,-,0
2026-08-10 21:14:00+00:00,1e-10,1e-10,-,0
2026-08-10 21:15:00+00:00,1e-10,1.5270083843039415e-06,-,0
2026-08-10 21:16:00+00:00,1e-10,1e-10,-,0
2026-08-10 21:17:00+00:00,1e-10,1.5105988979109087e-07,-,0
2026-08-10 21:18:00+00:00,1e-10,4.750010687539577e-07,-,0
2026-08-10 21:19:00+00:00,6.797570122755566e-07,1e-10,-,0
2026-08-10 21:20:00+00:00,1.9441781362662494e-06,1e-10,-,0
2026-08-10 21:21:00+00:00,1e-10,1e-10,-,0
2026-08-10 21:22:00+00:00,4.2439374722306744e-07,1e-10,-,0
2026-08-10 21:23:00+00:00,5.15611961283628e-08,1e-10,-,0
2026-08-10 21:24:00+00:00,1.7341179204801188e-08,1e-10,-,0
2026-08-10 21:25:00+00:00,1e-10,1.5588565632556255e-06,-,0
2026-08-10 21:26:00+00:00,1e-10,2.1507936866291536e-06,-,0
2026-08-10 21:27:00+00:00,2.0324973845719267e-06,1.1073472934598587e-06,-,0
2026-08-10 21:28:00+00:00,1.1430401132076804e-06,1.6960008625763207e-06,-,0
2026-08-10 21:29:00+00:00,3.3813916726266505e-07,1e-10,-,0
2026-08-10 21:30:00+00:00,5.369750163342395e-07,1e-10,-,0
2026-08-10 21:31:00+00:00,8.456945669091321e-07,1e-10,-,0
2026-08-10 21:32:00+00:00,1e-10,1.3496496865020494e-07,-,0
2026-08-10 21:33:00+00:00,1e-10,1e-10,-,0
2026-08-10 21:34:00+00:00,1e-10,1e-10,-,0
2026-08-10 21:35:00+00:00,2.1250671083789226e-07,1e-10,-,0
2026-08-10 21:36:00+00:00,1e-10,5.180433954950562e-07,-,0
2026-08-10 21:37:00+00:00,1e-10,1.323882225224555e-06,-,0
2026-08-10 21:38:00+00:00,5.862334137255403e-07,1.2004605592419132e-06,-,0
2026-08-10 21:39:00+00:00,1e-10,8.638334613773361e-07,-,0
2026-08-10 21:40:00+00:00,1e-10,9.244735200575943e-07,-,0
2026-08-10 21:41:00+00:00,1e-10,1e-10,-,0
2026-08-10 21:42:00+00:00,6.283845993764664e-07,1e-10,-,0
2026-08-10 21:43:00+00:00,1.5603554726632143e-07,1e-10,-,0
2026-08-10 21:44:00+00:00,1e-10,1e-10,-,0
2026-08-10 21:45:00+00:00,1.1692655218746322e-06,1e-10,-,0
2026-08-10 21:46:00+00:00,1e-10,6.362008666898923e-07,-,0
2026-08-10 21:47:00+00:00,4.018957890295178e-07,4.712827113584459e-07,-,0
2026-08-10 21:48:00+00:00,1.1785596626742478e-06,6.025408072881158e-07,-,0
2026-08-10 21:49:00+00:00,1e-10,1.0258244229938577e-06,-,0
2026-08-10 21:50:00+00:00,1e-10,1e-10,-,0
2026-08-10 21:51:00+00:00,1.9674062692702422e-06,1e-10,-,0
2026-08-10 21:52:00+00:00,1e-10,1e-10,-,0
2026-08-10 21:53:00+00:00,1e-10,1e-10,-,0
2026-08-10 21:54:00+00:00,1.4600737437747393e-06,1e-10,-,0
2026-08-10 21:55:00+00:00,1e-10,1e-10,-,0
2026-08-10 21:56:00+00:00,1e-10,7.78053428481133e-07,-,0
2026-08-10 21:57:00+00:00,1e-10,1.509044964213227e-06,-,0
2026-08-10 21:58:00+00:00,1e-10,1e-10,-,0
2026-08-10 21:59:00+00:00,1e-10,1e-10,-,0
2026-08-10 22:00:00+00:00,1e-10,9.467105634251205e-07,-,0
2026-08-10 22:01:00+00:00,1.2166902127188207e-06,1e-10,-,0
2026-08-10 22:02:00+00:00,1e-10,6.301685537513144e-07,-,0
2026-08-10 22:03:00+00:00,5.812731787530847e-07,1e-10,-,0
2026-08-10 22:04:00+00:00,1e-10,6.872972195524325e-07,-,0
2026-08-10 22:05:00+00:00,1.5603895332775292e-06,4.4771045181725495e-07,-,0
2026-08-10 22:06:00+00:00,1.065515107901276e-06,1e-10,-,0
2026-08-10 22:07:00+00:00,1e-10,1e-10,-,0
2026-08-10 22:08:00+00:00,7.360699103595201e-07,1e-10,-,0
2026-08-10 22:09:00+00:00,1.71424180054637e-06,1e-10,-,0
2026-08-10 22:10:00+00:00,1e-10,3.892294512849925e-08,-,0
2026-08-10 22:11:00+00:00,1e-10,1e-10,-,0
2026-08-10 22:12:00+00:00,4.394896787925202e-07,1e-10,-,0
2026-08-10 22:13:00+00:00,1e-10,1.5474453820094693e-06,-,0
2026-08-10 22:14:00+00:00,1e-10,1.3933641757113641e-06,-,0
2026-08-10 22:15:00+00:00,1e-10,5.115772058990866e-08,-,0
2026-08-10 22:16:00+00:00,1.8819876365184756e-07,4.1068451616540493e-07,-,0
2026-08-10 22:17:00+00:00,1e-10,1e-10,-,0
2026-08-10 22:18:00+00:00,1e-10,1e-10,-,0
2026-08-10 22:19:00+00:00,1e-10,1e-10,-,0
2026-08-10 22:20:00+00:00,5.100170617494832e-07,1e-10,-,0
2026-08-10 22:21:00+00:00,5.861376555397957e-07,1.1295843728405513e-06,-,0
2026-08-10 22:22:00+00:00,1e-10,1e-10,-,0
2026-08-10 22:23:00+00:00,1.3369715529424633e-06,1e-10,-,0
2026-08-10 22:24:00+00:00,9.066151473685179e-07,2.242425122433919e-06,-,0
2026-08-10 22:25:00+00:00,1e-10,2.0661588871378735e-06,-,0
2026-08-10 22:26:00+00:00,1e-10,8.269119720322781e-07,-,0
2026-08-10 22:27:00+00:00,1.002727003036644e-06,1e-10,-,0
2026-08-10 22:28:00+00:00,7.824087020352181e-07,1.6545619547407124e-06,-,0
2026-08-10 22:29:00+00:00,1e-10,1.6152489331271193e-06,-,0
2026-08-10 22:30:00+00:00,1e-10,1e-10,-,0
2026-08-10 22:31:00+00:00,1.0513678176169572e-06,1e-10,-,0
2026-08-10 22:32:00+00:00,1.01362816084101e-07,1e-10,-,0
2026-08-10 22:33:00+00:00,1e-10,4.11635229708168e-07,-,0
2026-08-10 22:34:00+00:00,1e-10,1.5993361231538647e-06,-,0
2026-08-10 22:35:00+00:00,6.132485142218276e-07,1e-10,-,0
2026-08-10 22:36:00+00:00,1e-10,2.0303328610399693e-06,-,0
2026-08-10 22:37:00+00:00,1e-10,1e-10,-,0
2026-08-10 22:38:00+00:00,1e-10,9.744042554618083e-07,-,0
2026-08-10 22:39:00+00:00,1.485190124590526e-07,1e-10,-,0
2026-08-10 22:40:00+00:00,5.452686675861651e-07,1.4090942346778797e-06,-,0
2026-08-10 22:41:00+00:00,1e-10,4.261829743813704e-07,-,0
2026-08-10 22:42:00+00:00,6.439157000289195e-07,1e-10,-,0
2026-08-10 22:43:00+00:00,1e-10,7.675243711862356e-07,-,0
2026-08-10 22:44:00+00:00,1e-10,1e-10,-,0
2026-08-10 22:45:00+00:00,7.842337814697955e-07,1e-10,-,0
2026-08-10 22:46:00+00:00,1e-10,1e-10,-,0
2026-08-10 22:47:00+00:00,1.9266283764837692e-06,8.247918196879309e-07,-,0
2026-08-10 22:48:00+00:00,3.335347581372721e-07,1.3203277842734672e-06,-,0
2026-08-10 22:49:00+00:00,1e-10,5.129269595759575e-07,-,0
2026-08-10 22:50:00+00:00,1e-10,2.514267299752863e-07,-,0
2026-08-10 22:51:00+00:00,8.94411141228214e-07,1e-10,-,0
2026-08-10 22:52:00+00:00,1e-10,2.6914167791666658e-06,-,0
2026-08-10 22:53:00+00:00,1.041798081210962e-06,1e-10,-,0
2026-08-10 22:54:00+00:00,1e-10,1e-10,-,0
2026-08-10 22:55:00+00:00,2.92006591363671e-07,6.374815740644874e-07,-,0
2026-08-10 22:56:00+00:00,1e-10,6.787422778964609e-08,-,0
2026-08-10 22:57:00+00:00,3.1017490156646527e-07,2.3248780506329345e-06,-,0
2026-08-10 22:58:00+00:00,8.315486808237847e-07,1e-10,-,0
2026-08-10 22:59:00+00:00,4.754958179790027e-08,1e-10,-,0
2026-08-10 23:00:00+00:00,7.580181158734652e-07,1.9029703161314777e-06,-,0
2026-08-10 23:01:00+00:00,1e-10,3.4378536530602057e-07,-,0
2026-08-10 23:02:00+00:00,4.852359576931513e-07,1e-10,-,0
2026-08-10 23:03:00+00:00,5.116922690368517e-08,2.527744196118841e-06,-,0
2026-08-10 23:04:00+00:00,1e-10,1e-10,-,0
2026-08-10 23:05:00+00:00,1e-10,1e-10,-,0
2026-08-10 23:06:00+00:00,1e-10,1.0727140526149898e-06,-,0
2026-08-10 23:07:00+00:00,2.742881711788936e-07,1.0808754581816092e-06,-,0
2026-08-10 23:08:00+00:00,4.144088305304101e-07,1.0338202071456997e-06,-,0
2026-08-10 23:09:00+00:00,4.770017913362871e-07,1.5094759675279688e-06,-,0
2026-08-10 23:10:00+00:00,1.6745634221014767e-08,1e-10,-,0
2026-08-10 23:11:00+00:00,1e-10,9.398419267148229e-07,-,0
2026-08-10 23:12:00+00:00,1e-10,9.781891027527638e-08,-,0
2026-08-10 23:13:00+00:00,1e-10,1.5898386800684648e-07,-,0
2026-08-10 23:14:00+00:00,1.6379702702059625e-07,1e-10,-,0
2026-08-10 23:15:00+00:00,2.1374273446231716e-06,1e-10,-,0
2026-08-10 23:16:00+00:00,1e-10,1e-10,-,0
2026-08-10 23:17:00+00:00,1e-10,1.5970592548414474e-07,-,0
2026-08-10 23:18:00+00:00,5.4840760447654806e-08,1e-10,-,0
2026-08-10 23:19:00+00:00,1e-10,8.100512053523729e-07,-,0
2026-08-10 23:20:00+00:00,1e-10,1.1014133428506185e-06,-,0
2026-08-10 23:21:00+00:00,,,-,0
2026-08-10 23:22:00+00:00,,,-,0
2026-08-10 23:23:00+00:00,,,-,0
2026-08-10 23:24:00+00:00,,,-,0
2026-08-10 23:25:00+00:00,,,-,0
2026-08-10 23:26:00+00:00,,,-,0
2026-08-10 23:27:00+00:00,,,-,0
2026-08-10 23:28:00+00:00,,,-,0
2026-08-10 23:29:00+00:00,,,-,0
2026-08-10 23:30:00+00:00,,,-,0
2026-08-10 23:31:00+00:00,,,-,0
2026-08-10 23:32:00+00:00,1e-10,1e-10,-,0
2026-08-10 23:33:00+00:00,4.0415719015539593e-07,3.906816412944017e-07,-,0
2026-08-10 23:34:00+00:00,1e-10,5.3006860954418747e-08,-,0
2026-08-10 23:35:00+00:00,6.637511061571329e-07,1e-10,-,0
2026-08-10 23:36:00+00:00,1e-10,1e-10,-,0
2026-08-10 23:37:00+00:00,1e-10,2.502155401993168e-07,-,0
2026-08-10 23:38:00+00:00,1.864514596608987e-06,1e-10,-,0
2026-08-10 23:39:00+00:00,1e-10,5.5187194692088346e-08,-,0
2026-08-10 23:40:00+00:00,1e-10,1e-10,-,0
2026-08-10 23:41:00+00:00,5.365687637509795e-07,1e-10,-,0
2026-08-10 23:42:00+00:00,1e-10,1e-10,-,0
2026-08-10 23:43:00+00:00,8.401089645933981e-07,1e-10,-,0
2026-08-10 23:44:00+00:00,2.0070857801510568e-06,2.012967735832927e-06,-,0
2026-08-10 23:45:00+00:00,9.82913313196348e-07,1e-10,-,0
2026-08-10 23:46:00+00:00,1e-10,1e-10,-,0
2026-08-10 23:47:00+00:00,1e-10,1e-10,-,0
2026-08-10 23:48:00+00:00,9.898047696251153e-08,1e-10,-,0
2026-08-10 23:49:00+00:00,4.306079769425905e-07,1e-10,-,0
2026-08-10 23:50:00+00:00,1.811190840127144e-06,6.09587196520732e-07,-,0
2026-08-10 23:51:00+00:00,1.7605353049385568e-06,1e-10,-,0
2026-08-10 23:52:00+00:00,1e-10,2.0025370294328667e-06,-,0
2026-08-10 23:53:00+00:00,1e-10,1e-10,-,0
2026-08-10 23:54:00+00:00,1e-10,2.0693243016330027e-06,-,0
2026-08-10 23:55:00+00:00,7.409114637084617e-07,1e-10,-,0
2026-08-10 23:56:00+00:00,1.2222016681567602e-06,1e-10,-,0
2026-08-10 23:57:00+00:00,1.0181306647210982e-07,1e-10,-,0
2026-08-10 23:58:00+00:00,2.5284293921889988e-08,8.454608081855283e-07,-,0
2026-08-10 23:59:00+00:00,2.3630011342812346e-06,1e-10,-,0
